id_registro,curso,periodo,modalidade,turno,horas_estudo_semanais,frequencia_percentual,atividades_entregues_percentual,nota_diagnostica,acessos_ava_semanais,horas_trabalho_semanais,tempo_deslocamento_minutos,aprovado
7690,Engenharia de Software,8,Presencial,Manha,,78.9,68.3,9.3,5,20,90,Sim
4544,Administracao,6,Hibrida,Manha,6.3,81.4,74.8,5.7,7,40,15,Nao
8940,Engenharia Civil,5,EAD,Manha,5.8,75.2,67.7,4.3,5,44,0,Nao
8416,Enfermagem,5,Hibrida,Noite,2.1,75.6,93.9,7.1,2,30,30,Nao
9909,Administracao,3,Presencial,Noite,6.9,92.7,82.8,5.4,12,0,45,Sim
9417,Administracao,1,Hibrida,Manha,9.9,78.5,68.4,5.7,7,0,45,Nao
7405,Administracao,5,Hibrida,Manha,13.9,91.7,88.6,9.9,13,20,45,Sim
7778,Engenharia Civil,5,Presencial,Manha,12.8,80.5,79.1,4.9,5,30,30,Sim
8570,Administracao,5,Presencial,Manha,6.9,67.3,89.7,4.2,9,0,120,Nao
6206,Engenharia Civil,8,EAD,Noite,6.0,99.1,82.7,5.1,5,0,0,Sim
6998,Enfermagem,3,EAD,Noite,9.0,85.3,100,7.5,10,30,0,Sim
2736,Enfermagem,3,Presencial,Manha,3.9,96.9,71.1,6.4,3,0,120,Nao
1364,Pedagogia,4,Presencial,Noite,5.0,73.8,63.8,3.2,6,0,20,Nao
4057,Pedagogia,5,Presencial,Manha,2.9,77.2,46.0,3.4,0,0,30,Nao
5715,Engenharia de Software,2,EAD,Noite,0.9,69.6,86.5,5.0,6,44,0,Nao
4722,Administracao,2,Presencial,Manha,,82.8,100,4.5,7,0,30,Sim
9640,Engenharia Civil,6,Presencial,Noite,6.2,73.0,63.3,2.9,11,44,20,Nao
1796,Administracao,3,Hibrida,Manha,9.3,58.3,69.2,7.0,7,20,90,Nao
5674,Engenharia de Software,6,Presencial,Manha,9.5,83.8,68.7,5.1,15,20,10,Nao
572,Enfermagem,3,Hibrida,Noite,9.7,74.8,59.1,8.7,6,0,10,Nao
3517,Enfermagem,1,Hibrida,Manha,7.2,81.1,72.6,5.2,6,0,30,Sim
8669,Engenharia Civil,4,Presencial,Manha,0.2,96.3,58.5,6.7,5,44,30,Sim
5129,Enfermagem,7,Presencial,Manha,7.6,100,84.0,3.6,2,40,90,Sim
5831,Pedagogia,8,Hibrida,Noite,4.1,85.5,90.2,5.9,8,40,60,Sim
1414,Engenharia Civil,6,Presencial,Manha,3.8,93.3,64.0,6.5,7,40,20,Nao
574,Administracao,2,Presencial,Manha,,80.7,100,1.8,6,40,15,Nao
9780,Pedagogia,8,Presencial,Manha,8.6,100,70.1,5.9,6,20,20,Nao
190,Engenharia de Software,4,Presencial,Noite,8.9,96.4,54.3,3.8,6,0,120,Nao
4253,Engenharia de Software,6,Presencial,Manha,5.4,64.6,85.1,4.4,4,20,10,Nao
9445,Administracao,3,Presencial,Manha,10.9,90.1,73.9,5.2,6,0,20,Nao
2222,Pedagogia,6,Hibrida,Manha,6.3,91.1,67.1,10,6,20,120,Sim
1956,Administracao,6,EAD,Manha,4.9,86.9,75.8,4.3,4,0,0,Nao
4992,Administracao,2,Presencial,Noite,11.2,80.5,72.5,5.0,4,44,60,Sim
3886,Administracao,1,Hibrida,Manha,10.8,83.1,100,8.7,9,44,45,Sim
2423,Administracao,1,Presencial,Manha,9.0,65.0,70.6,7.1,8,20,90,Nao
5377,Engenharia Civil,4,Hibrida,Manha,8.1,82.4,78.9,8.1,7,44,30,Nao
4844,Enfermagem,4,Presencial,Noite,,95.0,60.0,6.8,5,0,10,Nao
9636,Engenharia de Software,5,Hibrida,Manha,12.4,65.2,95.4,6.2,7,30,20,Sim
7034,Pedagogia,7,Hibrida,Noite,9.7,80.7,86.8,2.4,5,0,120,Nao
1968,Administracao,1,Presencial,Manha,1.7,81.6,58.2,6.4,3,44,45,Sim
1252,Administracao,1,Hibrida,Noite,7.4,80.9,75.0,5.2,5,44,120,Sim
2043,Pedagogia,8,Presencial,Noite,10.5,70.7,91.8,9.0,13,30,30,Nao
9017,Engenharia de Software,8,Presencial,Noite,15.7,100,96.7,6.7,12,0,45,Sim
4782,Engenharia de Software,3,Presencial,Manha,4.1,60.9,70.4,6.9,6,40,60,Nao
5444,Engenharia Civil,8,Presencial,Manha,7.6,65.5,100,7.6,3,20,20,Sim
9418,Engenharia Civil,5,EAD,Noite,,86.7,100,5.5,12,30,0,Sim
184,Administracao,4,Presencial,Noite,7.3,85.2,98.4,7.0,5,44,60,Sim
3998,Administracao,3,Presencial,Manha,10.2,75.4,84.6,5.6,11,30,15,Sim
4345,Administracao,2,EAD,Noite,5.6,85.5,100,6.7,7,44,0,Nao
7551,Enfermagem,8,Presencial,Manha,8.8,81.2,81.4,4.8,1,20,10,Nao
1354,Pedagogia,2,Presencial,Noite,10.1,85.5,51.8,6.5,6,30,,Nao
6562,Administracao,7,Presencial,Noite,4.1,83.0,57.6,5.7,5,20,60,Sim
1232,Pedagogia,1,Presencial,Manha,9.4,88.7,60.2,4.9,6,40,30,Nao
6880,Engenharia de Software,5,Presencial,Noite,2.8,100,85.5,7.5,0,30,15,Sim
3842,Pedagogia,1,EAD,Manha,6.9,75.5,60.5,7.3,3,30,0,Sim
2653,Pedagogia,8,Presencial,Manha,7.6,74.7,83.7,5.8,6,20,60,Nao
5560,Enfermagem,5,Presencial,Noite,3.8,77.8,66.8,7.0,6,30,15,Nao
6788,Engenharia de Software,1,Presencial,Noite,12.0,97.7,100,7.5,11,0,20,Sim
7449,Pedagogia,5,Hibrida,Manha,9.2,76.3,92.8,7.6,6,20,60,Nao
4113,Administracao,5,Hibrida,Noite,3.1,98.7,59.7,7.7,1,0,10,Sim
2900,Engenharia Civil,4,Presencial,Manha,2.1,93.9,38.0,9.1,0,30,30,Sim
5432,Enfermagem,6,Hibrida,Manha,1.9,80.4,82.5,8.0,5,0,90,Nao
8320,Administracao,6,Presencial,Manha,10.2,61.2,65.1,7.5,10,44,30,Sim
8442,Administracao,3,EAD,Manha,3.6,87.5,54.4,7.9,2,30,0,Sim
6284,Enfermagem,6,Presencial,Noite,1.8,100,60.9,5.6,4,44,20,Sim
5454,Enfermagem,6,Presencial,Manha,2.9,89.9,81.9,4.5,7,40,15,Nao
9247,Administracao,7,Presencial,Noite,4.0,61.3,100,5.5,4,40,15,Nao
3320,Enfermagem,6,Hibrida,Manha,2.7,75.0,68.4,7.2,0,44,90,Nao
269,Engenharia de Software,8,Presencial,Manha,9.1,85.1,94.6,7.1,8,0,60,Sim
8223,Engenharia Civil,8,Hibrida,Manha,13.0,75.4,,5.5,11,20,15,Sim
7030,Pedagogia,5,EAD,Manha,7.3,69.7,85.2,,,20,0,Nao
8648,Enfermagem,1,Hibrida,Noite,1.1,82.3,76.7,6.7,3,44,120,Nao
597,Enfermagem,4,Presencial,Manha,7.1,84.9,90.9,6.9,3,44,45,Sim
5769,Engenharia de Software,5,EAD,Noite,5.1,97.0,55.4,4.4,3,20,0,Nao
8977,Enfermagem,3,Hibrida,Noite,11.2,85.6,88.5,6.0,14,20,60,Sim
7352,Administracao,3,Presencial,Noite,5.7,81.6,82.5,5.2,1,0,90,Nao
7291,Engenharia Civil,7,Hibrida,Manha,6.7,89.3,83.5,5.3,8,0,60,Sim
3393,Pedagogia,6,Hibrida,Manha,9.6,66.6,82.3,7.4,5,0,15,Nao
3088,Engenharia de Software,4,Presencial,Manha,11.0,73.8,98.8,8.3,5,30,120,Sim
2643,Enfermagem,4,EAD,Noite,0.2,85.2,60.5,8.2,3,0,0,Nao
8381,Engenharia Civil,4,Hibrida,Manha,8.2,92.6,90.8,6.6,4,0,30,Sim
4860,Administracao,6,Presencial,Manha,2.9,69.8,79.6,8.0,4,20,15,Nao
3731,Administracao,3,Presencial,Noite,10.2,78.6,91.2,6.5,8,40,30,Sim
3482,Engenharia Civil,3,Presencial,Manha,10.7,91.7,86.9,6.9,6,20,90,Sim
9094,Engenharia Civil,3,Hibrida,Noite,9.1,74.8,79.2,4.5,5,40,45,Nao
5382,Administracao,1,Presencial,Noite,7.0,71.0,61.2,5.7,5,30,45,Nao
3674,Pedagogia,3,Hibrida,Noite,12.5,90.2,74.4,1.5,8,0,10,Nao
5350,Engenharia Civil,4,Hibrida,Manha,1.9,77.8,71.6,1.7,0,44,90,Nao
3910,Engenharia de Software,8,EAD,Manha,5.5,72.7,96.6,8.0,2,40,0,Sim
4874,Enfermagem,8,Presencial,Noite,0.2,82.2,47.6,4.2,1,20,90,Nao
6062,Engenharia Civil,3,Presencial,Noite,11.2,88.5,81.2,6.4,7,20,120,Sim
6579,Enfermagem,1,Presencial,Manha,0.2,88.8,53.8,10,0,40,90,Nao
554,Engenharia Civil,7,Presencial,Noite,4.5,88.5,76.9,7.6,9,30,15,Nao
3384,Engenharia de Software,1,Hibrida,Noite,3.4,71.3,99.2,5.6,1,0,30,Nao
6166,Engenharia de Software,5,Presencial,Manha,0.7,88.7,47.1,7.5,3,40,45,Sim
2652,Administracao,7,Presencial,Manha,6.0,86.7,79.1,2.6,6,30,30,Nao
2996,Engenharia Civil,8,Hibrida,Manha,6.8,78.7,77.0,5.7,9,20,120,Nao
8361,Enfermagem,3,Presencial,Manha,6.3,72.5,80.1,7.4,9,44,60,Sim
3593,Enfermagem,1,Presencial,Noite,7.2,75.1,64.7,4.1,6,40,120,Nao
4072,Engenharia Civil,4,EAD,Noite,0.9,85.3,65.9,4.2,4,40,0,Nao
1081,Administracao,1,Presencial,Manha,6.9,60.1,74.8,4.8,5,0,10,Nao
8255,Engenharia Civil,2,EAD,Manha,1.0,77.4,79.4,4.3,5,40,0,Nao
818,Pedagogia,1,Hibrida,Noite,9.7,87.2,96.7,4.5,11,0,,Sim
9753,Engenharia Civil,7,Presencial,Manha,5.1,83.2,58.9,5.0,9,0,45,Nao
6565,Administracao,5,EAD,Manha,11.4,79.5,100,9.1,9,20,0,Sim
1821,Engenharia Civil,2,Presencial,Manha,6.9,88.8,76.5,6.5,6,0,,Nao
9916,Administracao,1,Hibrida,Manha,4.0,60.1,78.3,6.3,4,44,20,Sim
6747,Administracao,3,Hibrida,Manha,8.5,100,95.6,8.4,9,0,90,Sim
4265,Pedagogia,1,Presencial,Manha,5.2,84.6,83.7,6.7,3,30,30,Sim
9163,Engenharia Civil,7,Hibrida,Noite,4.1,86.4,100,7.7,3,40,60,Sim
9142,Engenharia Civil,5,Presencial,Manha,9.1,82.5,78.1,7.9,7,0,20,Nao
5729,Engenharia Civil,1,Presencial,Noite,11.5,57.8,80.3,4.6,10,0,15,Sim
8762,Engenharia Civil,4,Hibrida,Noite,3.9,73.7,35.7,8.3,1,20,60,Nao
4012,Engenharia Civil,8,Hibrida,Noite,10.2,67.6,77.4,,9,0,10,Nao
6148,Enfermagem,5,Presencial,Noite,4.4,97.0,66.7,4.3,6,30,15,Sim
4738,Enfermagem,7,Hibrida,Manha,6.0,99.5,89.5,4.6,7,30,90,Nao
1532,Enfermagem,4,EAD,Noite,10.1,77.0,92.2,5.3,10,0,0,Nao
6434,Engenharia de Software,1,Presencial,Noite,6.4,88.8,100,7.2,2,20,10,Sim
4066,Pedagogia,4,Presencial,Noite,7.1,77.6,76.6,5.0,1,20,20,Sim
9613,Pedagogia,8,Hibrida,Noite,4.1,92.1,100,6.3,2,0,30,Sim
2361,Engenharia de Software,1,Presencial,Noite,3.7,71.7,53.5,8.9,8,40,10,Nao
113,Pedagogia,2,Presencial,Manha,4.7,100,82.7,7.8,3,44,60,Nao
7536,Administracao,5,EAD,Manha,3.1,71.7,60.5,5.3,7,30,0,Sim
869,Enfermagem,7,Hibrida,Noite,11.5,81.0,100,6.2,9,30,60,Sim
3127,Administracao,6,Presencial,Manha,8.7,92.9,75.1,7.8,5,40,30,Nao
5723,Engenharia de Software,5,Hibrida,Manha,9.7,66.9,81.5,8.1,5,0,90,Nao
6542,Administracao,1,EAD,Noite,5.8,97.9,88.1,5.4,7,0,0,Nao
2870,Engenharia de Software,3,Presencial,Noite,12.0,75.8,100,5.0,6,44,30,Sim
9170,Administracao,3,Presencial,Manha,2.7,91.2,53.2,6.5,5,0,120,Nao
6904,Engenharia de Software,2,Presencial,Noite,4.3,84.6,68.0,7.9,5,40,30,Sim
4435,Enfermagem,5,Presencial,Manha,8.1,67.9,72.4,5.6,5,44,60,Nao
3303,Engenharia Civil,3,Presencial,Manha,10.6,100,84.5,4.2,8,30,60,Sim
3712,Engenharia Civil,3,Presencial,Noite,9.6,91.4,79.8,5.6,3,20,90,Nao
3436,Pedagogia,5,Presencial,Manha,4.1,81.1,68.8,7.3,0,20,60,Sim
9037,Engenharia Civil,2,Presencial,Manha,10.5,64.7,89.3,4.6,4,0,90,Nao
8297,Pedagogia,5,Presencial,Manha,14.5,72.8,100,3.6,9,0,15,Sim
8578,Pedagogia,7,Presencial,Noite,0.4,80.0,74.5,6.8,0,44,30,Sim
1617,Engenharia Civil,7,Presencial,Manha,12.9,100,59.5,5.4,13,0,45,Sim
7077,Pedagogia,6,Hibrida,Manha,4.9,96.7,100,,4,0,45,Nao
8675,Enfermagem,5,Presencial,Noite,3.5,68.9,73.8,4.2,1,20,60,Nao
1837,Enfermagem,1,EAD,Noite,11.9,100,63.6,,11,40,0,Nao
2130,Pedagogia,1,EAD,Manha,2.2,75.1,62.2,4.3,8,0,0,Nao
7442,Engenharia de Software,4,Hibrida,Noite,13.3,71.3,88.5,6.6,8,0,120,Nao
9227,Enfermagem,2,Presencial,Noite,9.5,80.2,98.3,2.6,5,0,120,Nao
8938,Pedagogia,2,Hibrida,Manha,12.2,75.3,100,6.5,8,0,30,Sim
1281,Administracao,8,Hibrida,Noite,11.6,87.4,88.4,4.5,8,20,30,Sim
3106,Engenharia Civil,3,Hibrida,Manha,2.4,60.1,64.9,6.4,3,0,10,Nao
5336,Engenharia de Software,1,Hibrida,Noite,6.1,76.1,87.4,6.6,10,20,10,Nao
5857,Engenharia de Software,6,Hibrida,Manha,8.6,90.5,90.5,7.9,10,40,60,Nao
5057,Pedagogia,4,Hibrida,Manha,1.2,96.3,100,5.9,5,0,60,Nao
363,Engenharia Civil,2,Presencial,Manha,8.8,92.0,80.9,3.5,6,0,90,Sim
2851,Engenharia Civil,1,Hibrida,Noite,7.3,85.1,91.5,5.5,10,20,10,Nao
912,Enfermagem,2,Hibrida,Manha,15.6,92.3,96.9,8.2,5,0,120,Sim
8672,Engenharia Civil,4,Presencial,Noite,10.6,72.4,100,7.0,10,44,120,Sim
7932,Engenharia Civil,3,EAD,Manha,9.9,100,100,2.7,15,20,0,Nao
3818,Engenharia Civil,6,Hibrida,Manha,6.0,75.7,80.5,5.1,5,44,90,Nao
6469,Enfermagem,3,Presencial,Noite,7.5,89.1,96.5,7.1,8,20,10,Sim
5321,Administracao,1,Presencial,Noite,4.9,73.3,41.8,6.2,6,30,60,Nao
812,Administracao,8,Presencial,Noite,9.4,88.4,100,4.5,13,40,30,Nao
8438,Enfermagem,8,Presencial,Noite,4.4,90.1,46.5,7.2,8,44,20,Nao
9599,Administracao,3,Presencial,Noite,6.3,70.1,53.8,7.1,9,20,20,Sim
2497,Pedagogia,7,Presencial,Noite,7.9,84.8,100,3.4,3,0,45,Nao
350,Administracao,4,Presencial,Manha,0.6,75.7,44.0,6.9,3,40,30,Nao
7663,Engenharia de Software,7,EAD,Noite,9.3,100,73.3,2.9,5,20,0,Sim
7467,Engenharia Civil,7,EAD,Noite,2.1,86.3,64.8,5.6,9,20,0,Sim
279,Enfermagem,5,Presencial,Manha,4.2,95.2,92.0,9.4,8,0,90,Sim
2562,Enfermagem,8,Hibrida,Noite,4.4,63.6,58.8,4.9,4,0,15,Nao
9537,Pedagogia,5,Presencial,Noite,4.7,98.0,87.5,4.1,5,0,15,Sim
8674,Administracao,4,EAD,Manha,9.0,76.0,95.0,7.8,10,44,0,Sim
638,Administracao,3,EAD,Manha,8.2,71.7,82.3,5.6,0,20,0,Sim
426,Pedagogia,2,Presencial,Noite,7.0,97.6,62.9,7.5,1,44,45,Sim
5261,Engenharia de Software,5,Presencial,Noite,2.0,76.8,99.6,5.2,9,20,60,Sim
830,Pedagogia,5,Presencial,Manha,8.2,86.2,82.7,7.5,6,20,45,Sim
1591,Engenharia de Software,3,Hibrida,Noite,6.2,93.3,47.9,5.4,3,0,120,Nao
6264,Enfermagem,2,Hibrida,Manha,11.8,93.2,57.8,6.8,16,44,60,Sim
4799,Administracao,1,Presencial,Noite,16.9,58.4,98.7,9.3,10,20,10,Sim
7902,Pedagogia,6,Presencial,Manha,5.3,88.7,92.8,5.9,3,0,30,Nao
6329,Enfermagem,1,EAD,Noite,6.3,92.6,87.5,3.0,9,30,0,Nao
8213,Enfermagem,2,Hibrida,Manha,7.3,65.2,51.8,4.1,5,20,20,Nao
217,Administracao,8,Presencial,Manha,5.0,69.9,54.6,4.2,1,0,60,Nao
6942,Engenharia de Software,8,Hibrida,Manha,6.7,95.1,85.9,6.4,8,20,10,Sim
7692,Engenharia Civil,5,Hibrida,Noite,9.7,65.3,88.5,3.5,4,0,90,Nao
8384,Engenharia de Software,1,Hibrida,Noite,3.2,67.0,100,6.8,0,40,45,Nao
2576,Administracao,7,Presencial,Manha,9.6,78.8,87.2,6.1,1,30,60,Sim
8630,Pedagogia,6,EAD,Noite,12.7,74.2,71.0,4.8,12,0,0,Sim
3919,Engenharia Civil,1,Presencial,Noite,,86.1,37.8,5.2,1,40,90,Nao
857,Enfermagem,2,Presencial,Noite,5.4,62.1,62.7,6.5,5,0,90,Nao
8622,Enfermagem,4,Presencial,Manha,10.2,90.6,72.3,9.3,10,0,15,Sim
2176,Administracao,7,Presencial,Noite,11.4,83.4,70.4,6.2,6,0,30,Sim
1086,Enfermagem,5,Presencial,Manha,12.3,83.5,72.2,7.5,10,0,120,Sim
6587,Pedagogia,1,Hibrida,Noite,6.3,75.3,79.7,4.1,2,0,30,Nao
5019,Engenharia de Software,4,EAD,Manha,6.6,83.3,96.1,3.3,4,30,0,Sim
3947,Engenharia de Software,3,Presencial,Manha,10.2,76.5,78.8,2.1,5,0,120,Nao
929,Enfermagem,8,Presencial,Noite,8.1,72.5,76.1,6.3,5,0,30,Nao
6408,Enfermagem,1,Presencial,Manha,10.3,70.7,79.2,5.9,12,0,120,Sim
2502,Engenharia Civil,4,Presencial,Noite,8.7,56.8,96.3,4.2,4,0,15,Nao
5171,Enfermagem,8,Presencial,Manha,6.7,96.5,99.5,8.2,10,44,120,Nao
1329,Enfermagem,1,Presencial,Manha,5.0,56.2,77.4,9.4,0,44,45,Nao
3591,Administracao,6,Hibrida,Noite,3.5,99.9,85.9,8.6,3,40,120,Sim
5241,Engenharia de Software,8,Hibrida,Manha,12.3,100,99.9,4.9,7,0,120,Sim
3798,Pedagogia,4,Hibrida,Noite,8.8,88.9,98.3,4.8,6,20,20,Sim
3895,Engenharia Civil,8,Presencial,Manha,1.0,71.8,72.9,5.4,2,40,60,Nao
9354,Administracao,3,Presencial,Noite,4.4,69.1,56.9,2.2,5,44,15,Nao
994,Engenharia de Software,1,Hibrida,Noite,3.2,66.3,66.1,7.1,2,44,15,Nao
7654,Engenharia de Software,1,Presencial,Manha,0.2,91.5,56.1,4.5,1,0,45,Nao
164,Pedagogia,6,Presencial,Manha,9.6,76.9,89.5,6.8,2,0,15,Nao
7241,Pedagogia,4,Hibrida,Manha,3.3,77.9,87.3,10.0,3,44,30,Nao
1345,Pedagogia,1,Presencial,Manha,4.4,77.9,70.3,5.6,10,40,15,Sim
2104,Engenharia de Software,7,Hibrida,Manha,2.2,86.0,41.8,6.1,8,44,30,Nao
4043,Engenharia de Software,4,Presencial,Manha,11.3,84.1,55.0,6.7,10,30,90,Nao
9206,Administracao,1,Presencial,Manha,5.1,100,97.6,6.4,7,0,30,Sim
4549,Enfermagem,3,Presencial,Manha,1.8,80.1,60.5,4.9,4,44,60,Nao
4157,Enfermagem,8,Presencial,Manha,3.1,77.5,68.2,8.8,8,0,90,Nao
8362,Engenharia de Software,6,Presencial,Manha,11.7,93.3,84.6,7.6,8,30,45,Sim
6222,Engenharia de Software,3,Hibrida,Manha,11.6,80.6,81.4,5.6,11,30,15,Sim
2325,Engenharia Civil,7,Presencial,Noite,6.3,74.7,56.5,7.2,8,0,45,Sim
4357,Engenharia Civil,1,EAD,Manha,6.3,79.6,68.9,3.9,13,0,0,Nao
3652,Engenharia Civil,3,EAD,Noite,6.2,89.3,77.0,6.7,10,30,0,Sim
7460,Engenharia de Software,7,Presencial,Noite,5.1,75.1,89.6,8.4,2,40,120,Sim
2650,Enfermagem,6,EAD,Noite,5.6,82.0,79.8,6.6,9,20,0,Nao
6807,Engenharia Civil,3,EAD,Manha,13.9,71.6,93.9,4.1,8,30,0,Sim
2345,Engenharia Civil,7,Presencial,Manha,8.7,68.0,93.5,5.2,7,0,90,Sim
191,Engenharia de Software,2,Hibrida,Noite,10.2,81.9,67.7,7.6,6,40,120,Sim
7686,Pedagogia,4,Presencial,Noite,5.1,74.4,74.0,9.6,6,40,10,Nao
7898,Enfermagem,8,Presencial,Noite,8.9,79.1,87.1,6.8,9,0,15,Sim
1470,Engenharia de Software,7,Presencial,Noite,7.2,68.9,78.9,5.9,8,30,120,Nao
7796,Engenharia de Software,7,Hibrida,Noite,6.7,67.9,91.8,5.7,0,0,20,Sim
455,Engenharia de Software,4,Presencial,Manha,0.2,81.5,77.4,5.0,0,0,120,Nao
7554,Administracao,8,Presencial,Manha,9.7,70.5,74.3,8.1,12,20,30,Nao
1051,Enfermagem,7,Presencial,Manha,8.4,83.4,89.9,5.7,8,30,60,Sim
5369,Enfermagem,7,Presencial,Noite,11.8,100,83.8,5.4,12,30,60,Sim
1166,Enfermagem,7,Hibrida,Noite,5.8,73.9,56.5,7.6,8,20,15,Nao
2033,Engenharia Civil,8,Presencial,Manha,6.2,86.3,76.5,3.7,9,0,45,Sim
4886,Engenharia Civil,5,EAD,Manha,6.7,81.4,59.4,7.1,2,40,0,Nao
4919,Engenharia Civil,2,Presencial,Noite,5.4,100,98.1,6.7,1,0,15,Sim
6163,Administracao,8,Hibrida,Noite,3.9,77.2,49.0,6.6,4,30,10,Nao
8656,Engenharia de Software,4,Presencial,Noite,7.4,83.4,72.5,4.1,11,0,10,Nao
7927,Engenharia Civil,4,Presencial,Noite,5.6,93.1,63.4,5.1,1,40,60,Nao
648,Pedagogia,3,Hibrida,Noite,2.3,73.4,97.7,6.9,1,0,,Nao
8233,Engenharia de Software,2,Presencial,Noite,6.2,84.5,64.6,3.5,6,44,60,Nao
7158,Engenharia Civil,7,Presencial,Manha,6.8,91.3,75.2,6.8,4,44,10,Nao
4031,Engenharia de Software,3,Presencial,Noite,6.1,94.0,93.7,0.6,5,44,10,Nao
4935,Engenharia Civil,2,Presencial,Noite,7.1,97.1,74.8,8.4,4,20,30,Nao
2892,Pedagogia,1,EAD,Manha,4.1,75.8,90.9,5.7,4,40,0,Nao
451,Pedagogia,4,Hibrida,Noite,7.3,90.1,100,4.0,10,0,120,Sim
6825,Pedagogia,5,Hibrida,Noite,13.3,62.6,94.7,4.3,9,20,90,Nao
2067,Pedagogia,6,Presencial,Noite,6.3,83.3,86.8,5.4,3,30,90,Sim
8834,Pedagogia,5,Presencial,Noite,8.3,84.5,75.7,7.7,10,30,90,Sim
2292,Enfermagem,7,EAD,Noite,6.4,68.1,84.7,7.3,12,0,0,Sim
7047,Enfermagem,3,Presencial,Manha,0.3,97.0,71.1,5.9,4,44,30,Sim
808,Engenharia de Software,7,Hibrida,Manha,4.4,82.3,90.5,9.8,1,40,45,Sim
1976,Enfermagem,8,Presencial,Noite,12.1,65.4,51.2,,6,40,45,Nao
4314,Engenharia Civil,7,Presencial,Manha,8.5,91.4,73.1,4.0,9,44,20,Nao
3728,Administracao,8,Presencial,Manha,3.4,82.6,58.4,4.7,4,40,45,Nao
5656,Pedagogia,8,Presencial,Manha,10.2,80.9,93.3,7.1,10,30,60,Sim
9694,Administracao,3,Hibrida,Noite,6.9,71.0,100,6.6,3,0,60,Sim
884,Pedagogia,5,Presencial,Noite,7.0,98.0,67.8,6.7,5,20,30,Sim
2829,Administracao,1,Presencial,Noite,5.5,78.2,99.8,5.4,0,40,90,Nao
157,Enfermagem,1,Hibrida,Noite,6.2,86.6,84.0,8.2,5,44,10,Nao
2478,Engenharia Civil,3,Presencial,Noite,8.4,86.6,94.0,6.0,4,40,45,Sim
3451,Engenharia Civil,4,Presencial,Manha,12.7,86.1,93.2,4.2,6,40,45,Nao
8804,Engenharia Civil,7,Presencial,Manha,5.6,73.8,94.7,2.8,6,44,60,Nao
607,Engenharia Civil,7,Hibrida,Manha,3.3,84.4,53.6,4.8,3,30,45,Nao
4269,Enfermagem,4,EAD,Manha,6.2,87.3,64.2,4.8,4,0,0,Nao
7841,Pedagogia,6,Presencial,Noite,13.1,78.3,92.3,4.8,7,0,15,Sim
616,Engenharia Civil,6,Presencial,Manha,0.7,82.2,54.4,8.2,4,40,20,Nao
4209,Engenharia Civil,1,Presencial,Noite,4.6,86.4,100,9.1,0,0,15,Sim
6035,Pedagogia,3,Hibrida,Noite,0.2,66.4,51.7,8.4,8,44,30,Nao
1685,Pedagogia,4,Presencial,Manha,9.7,73.8,62.0,10,5,40,60,Sim
6605,Engenharia Civil,2,Presencial,Manha,2.1,77.1,58.5,6.0,0,44,60,Nao
8483,Administracao,5,Hibrida,Noite,0.2,80.4,69.7,7.9,1,44,15,Nao
4038,Pedagogia,6,Presencial,Noite,5.4,78.4,69.8,8.7,9,30,15,Sim
5906,Pedagogia,2,Presencial,Manha,2.8,86.5,52.4,,6,30,10,Sim
3628,Administracao,1,Hibrida,Manha,7.3,85.5,76.4,5.4,5,40,10,Nao
2735,Engenharia Civil,1,Presencial,Noite,9.8,86.5,77.7,,12,0,15,Sim
9619,Enfermagem,2,Hibrida,Manha,0.9,91.8,84.0,3.9,5,44,45,Nao
8078,Engenharia Civil,3,Hibrida,Noite,10.1,84.0,92.5,9.2,6,0,120,Sim
3380,Pedagogia,3,Presencial,Manha,5.8,74.8,60.5,5.6,4,20,60,Nao
3335,Pedagogia,5,Presencial,Manha,9.0,78.9,69.4,6.4,3,30,90,Nao
8780,Administracao,8,Hibrida,Noite,7.5,97.9,73.9,4.1,4,30,15,Sim
2886,Engenharia de Software,5,Hibrida,Manha,12.7,95.9,93.5,6.8,9,0,60,Sim
8505,Engenharia de Software,3,Hibrida,Noite,4.3,100,88.7,7.2,1,0,10,Sim
3421,Administracao,5,Presencial,Noite,2.1,82.9,47.8,7.5,0,44,60,Nao
4417,Administracao,5,Presencial,Noite,4.5,79.3,69.4,5.8,5,20,15,Sim
1119,Pedagogia,2,Presencial,Noite,6.5,91.1,81.6,5.6,9,20,10,Nao
9009,Pedagogia,5,Presencial,Manha,7.3,66.0,82.2,3.4,7,40,15,Nao
5843,Enfermagem,7,Presencial,Manha,11.5,88.5,100,5.9,8,30,90,Sim
7994,Administracao,4,Presencial,Noite,2.8,98.3,67.6,4.7,7,40,30,Sim
9368,Enfermagem,4,Presencial,Noite,6.2,86.6,68.9,8.2,10,44,10,Nao
112,Pedagogia,4,Hibrida,Manha,10.6,82.2,80.2,7.9,15,0,120,Sim
2275,Enfermagem,6,Presencial,Noite,7.7,88.6,89.0,7.3,4,20,20,Sim
7785,Pedagogia,4,Hibrida,Manha,10.8,98.2,65.5,7.3,5,20,120,Sim
4451,Engenharia de Software,7,EAD,Manha,5.5,94.0,93.7,4.1,4,20,0,Nao
1790,Engenharia Civil,2,Presencial,Manha,,100,48.8,5.9,5,40,,Nao
93,Enfermagem,5,Presencial,Manha,10.0,73.2,55.6,6.7,8,0,90,Nao
7303,Administracao,8,Hibrida,Noite,11.7,89.7,75.8,5.4,8,40,10,Nao
4536,Enfermagem,2,Presencial,Noite,6.8,79.4,100,7.1,4,40,120,Sim
386,Engenharia Civil,3,Presencial,Noite,,85.6,82.1,4.9,5,20,30,Sim
5550,Pedagogia,2,EAD,Noite,3.7,64.5,81.3,5.4,5,0,0,Nao
9078,Enfermagem,7,Hibrida,Noite,5.1,72.7,80.1,9.2,10,44,15,Nao
1816,Engenharia de Software,8,Presencial,Noite,5.5,58.0,45.0,7.5,1,40,60,Sim
8813,Enfermagem,1,EAD,Manha,3.4,100,56.2,5.2,4,20,0,Nao
4485,Administracao,4,Presencial,Noite,11.7,79.7,77.5,3.9,10,20,90,Sim
6020,Engenharia de Software,4,Presencial,Noite,4.1,86.1,66.1,1.9,6,30,10,Nao
7955,Pedagogia,6,Presencial,Noite,4.4,56.4,88.0,,5,0,10,Nao
4327,Engenharia de Software,3,EAD,Manha,8.3,75.9,79.9,5.1,7,40,0,Nao
2630,Enfermagem,4,EAD,Manha,3.3,84.1,72.5,7.9,6,44,0,Sim
4606,Pedagogia,8,Presencial,Manha,12.5,78.5,94.0,6.3,7,30,30,Sim
6214,Pedagogia,1,Presencial,Manha,6.2,87.4,70.1,6.6,9,0,10,Sim
4289,Administracao,4,Hibrida,Noite,8.2,79.0,,7.9,5,20,60,Nao
3832,Administracao,7,Presencial,Noite,7.0,89.6,67.3,7.3,2,44,20,Sim
644,Enfermagem,5,Presencial,Noite,7.7,83.8,61.4,4.4,8,0,15,Nao
9555,Enfermagem,5,Hibrida,Manha,3.5,88.2,88.6,6.4,3,20,30,Nao
384,Pedagogia,1,Presencial,Noite,9.8,100,76.5,4.8,2,0,60,Nao
454,Engenharia Civil,4,Presencial,Manha,2.7,68.7,58.9,2.8,5,20,20,Nao
2504,Engenharia Civil,2,Presencial,Noite,6.8,87.5,100,7.8,5,0,20,Sim
885,Pedagogia,5,Hibrida,Noite,8.0,75.3,97.6,7.1,4,30,45,Sim
5604,Pedagogia,3,Presencial,Noite,1.7,100,68.9,3.7,3,40,30,Nao
9890,Administracao,8,Hibrida,Manha,12.6,76.2,100,6.8,6,20,60,Sim
3695,Pedagogia,1,Presencial,Noite,7.0,97.9,100,7.9,8,0,30,Sim
2168,Enfermagem,1,Presencial,Noite,2.1,68.9,92.3,6.4,4,40,30,Nao
1635,Engenharia Civil,5,Presencial,Manha,3.5,90.6,69.6,5.1,7,0,120,Sim
6425,Enfermagem,3,Presencial,Manha,3.1,72.9,69.9,6.6,3,44,20,Nao
4809,Engenharia Civil,4,Presencial,Noite,2.6,73.5,77.9,3.5,6,30,20,Nao
4305,Engenharia Civil,2,EAD,Manha,13.9,86.4,97.9,5.4,8,30,0,Sim
2717,Administracao,1,Hibrida,Manha,10.7,91.5,98.1,3.6,3,30,10,Nao
5211,Engenharia Civil,7,Presencial,Manha,1.2,94.4,,6.6,2,0,120,Nao
2055,Administracao,4,Presencial,Noite,9.8,71.4,76.8,5.4,3,40,20,Nao
2905,Engenharia Civil,2,EAD,Manha,6.7,85.5,55.8,7.0,5,40,0,Nao
1769,Engenharia de Software,4,Presencial,Manha,5.8,90.5,74.1,2.7,7,20,15,Nao
201,Engenharia Civil,4,Presencial,Noite,2.1,85.5,72.9,4.9,0,30,60,Nao
7779,Pedagogia,8,Presencial,Manha,7.5,68.5,74.7,4.8,7,30,60,Nao
9118,Engenharia de Software,6,EAD,Noite,7.6,78.4,81.6,4.9,7,30,0,Nao
3858,Engenharia de Software,5,EAD,Noite,4.4,100,57.7,5.1,6,30,0,Nao
1949,Administracao,5,Presencial,Manha,15.9,95.1,83.4,8.5,13,0,60,Sim
7543,Enfermagem,1,Presencial,Manha,2.2,79.1,86.1,3.5,9,44,15,Sim
498,Engenharia Civil,6,Presencial,Manha,10.5,81.9,100,,6,20,30,Sim
2527,Enfermagem,3,Presencial,Manha,11.6,80.6,95.2,7.2,10,20,10,Sim
6985,Engenharia de Software,3,Presencial,Noite,7.0,82.5,51.2,7.9,5,20,90,Nao
2383,Pedagogia,4,Presencial,Noite,10.9,85.2,80.0,4.1,13,44,60,Nao
9697,Engenharia Civil,8,Hibrida,Manha,9.2,77.2,97.0,5.2,12,44,120,Sim
1433,Engenharia Civil,5,Presencial,Noite,2.4,76.7,59.1,3.4,0,30,120,Nao
8097,Administracao,1,Hibrida,Manha,12.2,81.1,,5.6,10,30,20,Sim
7148,Administracao,7,Presencial,Manha,7.7,90.9,85.8,5.5,6,44,120,Nao
985,Pedagogia,7,Presencial,Noite,6.2,90.8,57.7,4.1,6,0,10,Nao
3582,Enfermagem,7,Hibrida,Noite,10.5,95.8,75.2,10,9,0,120,Sim
3912,Engenharia Civil,4,EAD,Manha,11.1,100,85.5,7.0,11,20,0,Sim
1750,Administracao,3,Hibrida,Noite,4.3,70.1,76.6,6.6,1,44,,Nao
6006,Administracao,5,Presencial,Noite,8.1,85.4,,8.0,4,20,20,Sim
7107,Engenharia Civil,2,Presencial,Manha,1.1,85.2,47.0,8.8,1,44,45,Nao
752,Enfermagem,3,Presencial,Manha,10.0,91.6,51.8,4.8,4,40,60,Nao
887,Enfermagem,6,Presencial,Noite,6.7,81.6,80.7,3.1,4,0,120,Nao
6918,Enfermagem,6,Presencial,Noite,12.3,100,76.4,7.4,8,20,15,Sim
9260,Engenharia de Software,4,EAD,Noite,4.3,100,74.0,8.5,4,40,0,Nao
5774,Administracao,8,Presencial,Manha,9.3,75.6,74.4,8.0,6,20,45,Sim
394,Pedagogia,4,Hibrida,Manha,7.7,56.1,87.5,5.7,4,44,45,Nao
3477,Enfermagem,6,Presencial,Manha,6.3,82.8,86.6,4.5,9,40,120,Nao
3588,Pedagogia,6,Hibrida,Manha,0.2,89.3,100,4.5,4,0,90,Sim
7660,Administracao,2,Hibrida,Noite,6.4,82.9,77.1,7.6,0,44,20,Nao
2451,Administracao,4,Hibrida,Manha,8.2,100,85.1,7.5,3,30,45,Sim
169,Engenharia Civil,7,Hibrida,Noite,4.0,68.7,85.2,7.0,6,40,30,Nao
3093,Administracao,7,EAD,Noite,0.2,77.7,84.9,3.7,4,20,0,Nao
2085,Engenharia Civil,1,Hibrida,Manha,15.0,88.6,74.1,3.8,11,0,30,Sim
3737,Pedagogia,2,Hibrida,Noite,7.7,73.6,83.4,8.5,9,0,90,Sim
6887,Enfermagem,4,Presencial,Manha,9.9,76.5,91.0,4.1,13,40,120,Sim
7540,Enfermagem,6,Hibrida,Manha,11.6,81.3,89.3,10,0,30,120,Sim
6706,Engenharia de Software,5,Presencial,Manha,5.6,86.7,60.3,7.9,5,40,20,Nao
5711,Engenharia Civil,7,EAD,Manha,4.1,84.9,49.1,6.6,5,30,0,Nao
6446,Enfermagem,4,Presencial,Manha,7.0,88.1,,5.0,7,0,60,Sim
5522,Enfermagem,2,Presencial,Manha,12.1,81.9,77.0,3.5,8,20,20,Sim
1567,Engenharia de Software,4,Hibrida,Noite,6.4,91.3,55.7,6.8,7,0,30,Sim
2003,Pedagogia,7,Presencial,Noite,8.1,79.0,94.6,4.5,7,40,45,Nao
4772,Administracao,4,Presencial,Manha,6.1,86.5,59.6,4.6,4,20,90,Nao
5207,Engenharia Civil,2,Presencial,Manha,9.1,74.8,93.7,6.3,10,0,15,Sim
5653,Enfermagem,8,Presencial,Manha,10.0,97.1,60.5,6.8,7,0,45,Nao
4969,Pedagogia,5,Presencial,Noite,5.8,79.2,61.5,7.3,12,44,120,Sim
5743,Engenharia Civil,7,Presencial,Noite,9.1,66.9,100,3.4,9,0,10,Sim
7018,Administracao,5,Presencial,Noite,7.6,90.8,92.7,5.6,5,44,45,Nao
8538,Administracao,1,Presencial,Manha,6.6,100,68.2,4.6,7,0,45,Sim
4424,Administracao,3,Hibrida,Noite,3.4,78.8,21.0,3.8,3,44,15,Nao
845,Engenharia Civil,8,Presencial,Manha,5.9,57.2,74.6,4.5,11,44,20,Nao
3569,Engenharia de Software,2,Hibrida,Manha,8.3,88.4,53.9,8.1,9,20,30,Nao
2778,Engenharia Civil,8,Presencial,Manha,10.0,97.0,83.0,3.2,4,0,30,Nao
3894,Enfermagem,6,Presencial,Manha,6.9,90.3,53.8,7.3,4,0,30,Nao
8559,Enfermagem,6,Presencial,Noite,,68.7,54.7,6.4,5,0,90,Nao
725,Administracao,6,EAD,Manha,9.3,100,67.8,6.4,7,40,0,Nao
693,Pedagogia,2,Presencial,Noite,7.3,84.2,84.3,6.5,8,0,15,Sim
1316,Engenharia de Software,3,Hibrida,Manha,8.4,75.4,78.1,8.3,6,30,10,Nao
2771,Engenharia de Software,1,Presencial,Manha,7.0,97.5,98.2,4.9,4,0,45,Sim
3053,Administracao,8,Presencial,Noite,7.9,79.7,55.0,6.2,5,20,90,Sim
7953,Pedagogia,8,Hibrida,Manha,6.4,78.8,84.8,4.2,5,0,20,Nao
2785,Engenharia Civil,1,Hibrida,Noite,4.0,72.6,66.4,10,11,30,30,Nao
7132,Enfermagem,7,Presencial,Noite,10.3,75.7,59.3,8.7,8,0,30,Nao
3784,Administracao,5,Presencial,Noite,6.0,100,98.6,5.2,4,20,90,Nao
4830,Pedagogia,2,Hibrida,Noite,4.1,88.9,91.4,,7,40,45,Sim
9550,Pedagogia,5,Hibrida,Noite,8.7,84.0,85.7,8.0,8,40,15,Sim
8546,Engenharia de Software,1,EAD,Noite,1.7,72.6,66.6,6.9,5,40,0,Nao
1308,Administracao,7,Hibrida,Noite,3.6,93.9,100,7.5,5,0,15,Nao
2405,Engenharia de Software,4,Hibrida,Noite,3.1,81.3,54.5,7.1,6,40,30,Nao
7070,Enfermagem,6,Presencial,Noite,6.0,50.0,91.0,4.7,8,0,60,Nao
1233,Engenharia Civil,1,Hibrida,Noite,13.2,89.3,100,5.0,10,40,10,Sim
4711,Pedagogia,6,Presencial,Manha,13.3,85.5,91.1,7.2,8,0,,Sim
3116,Pedagogia,3,Presencial,Noite,4.7,96.8,84.6,4.1,12,20,45,Sim
5890,Pedagogia,5,EAD,Noite,4.7,70.6,100,4.9,4,40,0,Sim
3557,Engenharia de Software,1,Presencial,Manha,6.3,82.6,57.9,5.2,10,44,45,Nao
4940,Engenharia de Software,2,EAD,Noite,7.1,55.6,73.2,7.5,8,40,0,Nao
3562,Engenharia Civil,8,Presencial,Noite,4.1,97.0,41.0,4.3,0,30,60,Nao
1118,Administracao,5,EAD,Manha,9.6,80.5,59.8,5.7,10,0,0,Nao
9591,Enfermagem,4,Presencial,Manha,2.8,85.0,49.4,4.7,3,20,15,Nao
5967,Enfermagem,3,Presencial,Noite,2.4,79.3,76.8,6.8,3,0,90,Nao
1111,Enfermagem,6,EAD,Manha,0.2,82.0,45.3,1.3,1,40,0,Nao
4785,Enfermagem,6,Presencial,Manha,9.7,74.9,73.5,2.9,10,20,,Nao
8366,Engenharia de Software,7,Presencial,Noite,3.8,96.0,54.7,6.4,2,0,20,Sim
5474,Engenharia de Software,8,EAD,Manha,4.2,76.5,43.5,4.4,4,20,0,Sim
3903,Engenharia Civil,2,Hibrida,Noite,10.6,90.7,90.5,3.2,7,20,45,Nao
5166,Engenharia Civil,6,Presencial,Manha,2.1,94.7,76.8,5.0,2,44,20,Nao
888,Enfermagem,6,EAD,Manha,0.2,100,34.8,8.1,7,44,0,Nao
1475,Engenharia Civil,3,Presencial,Noite,1.1,64.0,51.0,6.2,2,30,90,Nao
684,Enfermagem,2,Presencial,Manha,7.5,70.8,67.3,,7,20,30,Sim
7534,Engenharia Civil,1,Presencial,Manha,10.5,92.7,80.9,9.1,9,0,20,Sim
215,Enfermagem,8,EAD,Manha,0.2,75.7,71.6,5.7,0,0,,Nao
4968,Engenharia de Software,6,Hibrida,Noite,5.8,93.2,72.1,4.4,4,40,45,Nao
1833,Enfermagem,6,EAD,Manha,13.8,99.1,100,5.1,11,0,0,Sim
121,Administracao,7,Hibrida,Noite,9.4,95.0,68.6,2.9,9,0,15,Sim
3875,Engenharia Civil,5,EAD,Noite,11.4,77.7,52.4,6.4,10,0,0,Nao
2794,Pedagogia,5,Presencial,Manha,7.0,70.8,89.4,5.0,10,20,30,Sim
6050,Pedagogia,8,Presencial,Manha,6.8,93.6,82.7,7.0,10,30,20,Sim
204,Engenharia Civil,2,Hibrida,Manha,6.4,70.5,76.9,6.9,3,44,120,Sim
8982,Engenharia de Software,7,Hibrida,Manha,3.1,100,61.1,5.3,0,40,90,Nao
2420,Engenharia de Software,5,EAD,Manha,5.7,86.6,59.4,7.6,10,44,0,Sim
7872,Administracao,4,Hibrida,Noite,3.0,77.5,89.4,4.9,5,0,45,Nao
1539,Pedagogia,6,Hibrida,Noite,8.3,64.5,61.0,8.1,5,44,30,Sim
7627,Engenharia Civil,2,EAD,Manha,7.2,93.9,,,8,0,0,Nao
9218,Administracao,3,Hibrida,Manha,6.3,100,55.5,9.0,7,40,,Sim
33,Engenharia de Software,3,Presencial,Manha,3.6,76.0,77.8,6.0,4,0,10,Nao
6468,Engenharia Civil,6,Presencial,Manha,9.7,75.0,91.1,5.5,4,44,10,Sim
2338,Pedagogia,8,Hibrida,Noite,6.8,86.9,100,1.9,5,30,60,Nao
9131,Administracao,6,Hibrida,Noite,5.5,87.3,63.4,2.1,6,20,60,Nao
2531,Administracao,1,EAD,Noite,14.4,100,84.6,6.3,6,0,0,Sim
2770,Administracao,6,Presencial,Noite,0.2,95.2,57.5,5.0,0,40,10,Nao
826,Pedagogia,7,Hibrida,Noite,11.1,97.7,51.7,6.5,7,44,120,Nao
3720,Engenharia de Software,2,Presencial,Noite,14.5,100,61.9,6.4,13,0,45,Sim
5318,Engenharia Civil,3,Hibrida,Manha,8.6,74.0,73.4,7.6,9,0,120,Nao
9858,Administracao,1,Presencial,Manha,3.1,92.1,46.6,6.1,4,0,45,Sim
9463,Enfermagem,4,Presencial,Manha,6.9,97.6,67.1,3.9,9,30,60,Nao
5383,Enfermagem,5,Hibrida,Manha,3.9,62.4,69.8,3.8,4,40,20,Nao
6944,Engenharia de Software,7,Presencial,Manha,2.9,81.1,85.4,2.9,0,0,10,Sim
5525,Engenharia Civil,3,EAD,Manha,4.2,86.0,76.2,7.3,7,30,0,Sim
1022,Engenharia de Software,3,Presencial,Noite,6.6,93.9,76.9,7.9,6,20,15,Sim
6863,Pedagogia,7,Hibrida,Manha,0.2,61.1,86.7,6.2,4,44,120,Nao
4124,Administracao,7,Presencial,Noite,6.8,86.6,74.1,9.1,6,20,45,Sim
699,Administracao,8,Presencial,Noite,6.1,60.9,76.7,6.8,,0,120,Nao
8109,Engenharia Civil,8,Hibrida,Manha,4.6,51.8,65.9,6.5,4,30,30,Nao
2638,Administracao,2,Hibrida,Noite,2.7,78.9,84.8,6.7,2,0,45,Nao
9044,Administracao,7,Hibrida,Manha,12.4,74.0,98.5,5.9,10,0,45,Sim
1290,Enfermagem,7,Presencial,Manha,3.0,83.7,80.2,6.8,3,20,45,Sim
6746,Administracao,7,Presencial,Noite,0.2,88.2,63.1,8.6,4,40,120,Sim
4114,Pedagogia,8,Hibrida,Manha,5.0,75.1,78.5,7.8,1,40,30,Nao
2857,Engenharia de Software,8,Presencial,Manha,7.0,77.2,87.2,4.2,8,44,120,Nao
3778,Enfermagem,5,Presencial,Manha,9.0,77.2,,8.1,5,20,120,Nao
9441,Administracao,8,EAD,Manha,10.2,80.5,62.7,5.8,5,0,0,Sim
1224,Engenharia de Software,4,Hibrida,Manha,12.5,89.1,93.5,6.0,7,0,10,Sim
846,Pedagogia,6,Hibrida,Manha,3.2,72.1,65.7,4.3,4,40,15,Nao
8260,Pedagogia,8,Presencial,Noite,9.5,81.6,79.8,7.9,3,0,60,Sim
6790,Engenharia de Software,8,Hibrida,Manha,1.6,59.5,94.0,7.9,1,44,20,Nao
8380,Administracao,3,Presencial,Manha,8.5,78.3,100,5.7,10,40,60,Sim
6279,Engenharia de Software,1,Hibrida,Manha,5.9,78.6,55.1,6.0,8,30,30,Nao
4752,Pedagogia,7,Presencial,Manha,2.2,65.1,77.0,4.8,2,30,10,Nao
3021,Pedagogia,6,Presencial,Manha,7.9,89.5,72.1,6.8,7,20,20,Sim
311,Engenharia de Software,6,Presencial,Manha,1.0,90.1,82.4,1.4,1,44,120,Nao
2341,Administracao,5,Presencial,Manha,13.2,75.2,96.9,5.6,9,0,15,Sim
5511,Enfermagem,2,Presencial,Noite,0.2,80.4,100,4.8,4,40,20,Nao
6929,Pedagogia,6,Hibrida,Manha,4.9,87.0,91.5,6.9,2,20,10,Sim
1642,Engenharia Civil,2,Hibrida,Manha,12.3,99.2,,5.7,8,20,60,Sim
9439,Administracao,4,Presencial,Manha,7.3,74.5,78.8,5.5,4,40,45,Nao
7198,Pedagogia,8,Presencial,Noite,4.9,92.0,86.7,6.5,4,40,120,Sim
3469,Enfermagem,2,EAD,Manha,4.6,94.0,76.9,5.6,5,0,0,Sim
3512,Engenharia Civil,6,Hibrida,Manha,1.4,91.4,65.2,7.3,2,44,60,Nao
7478,Engenharia Civil,1,Hibrida,Noite,3.9,85.9,78.2,4.3,3,44,20,Sim
4430,Engenharia de Software,4,Hibrida,Noite,0.2,80.1,59.4,7.4,3,30,30,Sim
1705,Enfermagem,7,Presencial,Noite,7.6,75.5,46.3,5.9,4,40,20,Nao
2795,Enfermagem,1,EAD,Noite,6.7,100,75.6,7.5,8,0,0,Nao
251,Engenharia Civil,7,EAD,Noite,10.0,89.1,94.8,5.2,3,0,0,Sim
6865,Enfermagem,3,Presencial,Noite,7.6,87.3,86.5,7.3,9,20,120,Sim
8686,Administracao,5,EAD,Noite,9.2,88.5,79.6,6.1,9,0,0,Sim
8052,Engenharia Civil,2,Presencial,Noite,8.4,99.4,89.4,6.7,4,0,20,Sim
8682,Enfermagem,8,Hibrida,Noite,11.5,79.1,96.8,6.2,10,20,45,Sim
2662,Engenharia Civil,7,Presencial,Noite,3.1,84.8,99.8,6.6,6,44,45,Sim
7408,Administracao,6,Presencial,Noite,7.0,92.6,61.9,7.1,8,30,120,Sim
2590,Administracao,1,Presencial,Manha,3.7,93.0,72.9,9.9,3,30,15,Sim
7971,Pedagogia,3,Presencial,Noite,7.5,97.6,76.6,5.7,9,20,120,Nao
9669,Engenharia Civil,2,Presencial,Manha,2.1,81.8,67.9,5.3,6,44,30,Sim
2967,Pedagogia,5,Presencial,Manha,6.0,77.9,100,9.0,1,40,120,Sim
3109,Enfermagem,2,Hibrida,Noite,12.9,92.3,100,3.8,,0,10,Sim
7147,Engenharia Civil,2,Presencial,Noite,7.6,100,89.1,4.8,1,0,120,Nao
6657,Administracao,1,Hibrida,Noite,4.7,93.1,,3.5,9,0,20,Sim
8556,Pedagogia,3,Hibrida,Manha,6.8,68.0,74.9,5.1,9,0,60,Nao
4204,Engenharia Civil,4,Presencial,Manha,7.6,88.4,88.0,4.7,7,44,20,Nao
4290,Administracao,5,Hibrida,Noite,5.4,83.1,66.7,7.1,4,44,60,Sim
6951,Enfermagem,5,EAD,Manha,9.0,88.2,94.4,5.4,11,0,0,Sim
6607,Engenharia de Software,7,Hibrida,Manha,7.8,69.0,64.2,7.1,3,0,15,Sim
997,Engenharia Civil,4,EAD,Manha,7.4,82.7,67.7,6.1,6,20,0,Nao
3387,Enfermagem,1,EAD,Manha,10.7,82.4,90.4,3.1,7,40,0,Sim
6544,Enfermagem,4,Presencial,Manha,7.3,85.0,75.1,4.8,6,40,30,Sim
9878,Engenharia de Software,4,Presencial,Noite,6.9,82.9,80.6,3.7,11,0,30,Nao
8661,Administracao,4,Hibrida,Manha,9.1,62.5,62.4,8.3,0,20,45,Sim
8359,Engenharia de Software,5,Presencial,Manha,7.5,79.8,94.7,6.5,4,0,20,Sim
3985,Engenharia de Software,3,Presencial,Manha,5.2,100,64.2,6.4,4,0,60,Sim
277,Engenharia de Software,3,Presencial,Manha,3.5,90.7,91.7,6.7,7,0,45,Sim
1569,Engenharia de Software,1,Presencial,Manha,4.2,78.7,67.0,6.2,3,40,60,Nao
9171,Engenharia Civil,7,Presencial,Manha,8.3,82.3,83.2,6.6,6,0,90,Nao
3710,Engenharia de Software,3,Hibrida,Noite,1.2,66.2,54.4,4.3,4,30,90,Nao
1697,Enfermagem,5,EAD,Noite,7.0,88.4,67.9,6.4,4,0,0,Nao
2205,Administracao,2,Presencial,Noite,11.0,91.1,77.8,3.5,2,30,60,Nao
2269,Pedagogia,3,EAD,Noite,4.4,82.5,39.4,6.0,8,0,0,Sim
9423,Administracao,4,Presencial,Noite,10.6,74.7,97.5,7.9,4,0,20,Sim
7321,Engenharia Civil,5,Presencial,Manha,7.8,96.1,93.5,5.0,6,44,45,Sim
4624,Engenharia de Software,2,Hibrida,Noite,3.7,83.1,99.1,6.7,5,44,90,Sim
9798,Engenharia Civil,5,Hibrida,Noite,7.5,81.1,76.2,6.7,9,20,45,Nao
8614,Pedagogia,3,Presencial,Noite,3.4,75.8,95.3,8.5,3,0,45,Nao
2598,Administracao,8,Hibrida,Manha,7.7,77.6,65.6,9.0,5,0,10,Nao
4225,Administracao,1,EAD,Manha,2.7,71.0,84.8,3.9,5,44,0,Nao
8878,Pedagogia,3,Presencial,Noite,9.6,76.4,100,7.6,0,44,90,Sim
343,Engenharia Civil,4,Presencial,Noite,5.7,95.8,64.7,6.0,9,40,90,Sim
388,Enfermagem,6,Hibrida,Manha,5.0,91.4,79.4,5.0,7,30,10,Nao
9134,Engenharia Civil,8,Presencial,Manha,3.0,80.2,49.7,8.4,5,40,20,Nao
9298,Engenharia Civil,6,Presencial,Noite,3.4,55.2,97.5,4.3,3,40,45,Nao
2565,Pedagogia,3,Hibrida,Manha,0.2,95.1,56.8,5.3,0,30,20,Nao
8900,Administracao,4,Presencial,Noite,10.2,95.4,80.3,3.6,8,0,90,Nao
3655,Engenharia Civil,3,Presencial,Noite,10.0,90.0,76.1,7.6,9,0,90,Nao
2128,Engenharia de Software,1,EAD,Noite,10.2,77.8,51.5,2.3,5,40,0,Nao
5304,Administracao,8,Presencial,Manha,0.2,80.6,64.4,9.0,1,40,90,Nao
8964,Administracao,7,Presencial,Noite,7.0,72.6,42.0,5.2,6,0,45,Nao
927,Engenharia de Software,7,Presencial,Manha,4.5,78.3,55.4,2.5,3,0,15,Nao
1699,Enfermagem,5,EAD,Manha,4.6,89.8,56.8,5.5,2,40,0,Nao
2978,Engenharia Civil,4,Hibrida,Manha,8.0,88.1,89.7,6.9,5,0,90,Sim
7858,Pedagogia,3,Presencial,Manha,3.7,100,74.9,6.6,7,0,90,Nao
6753,Engenharia de Software,6,Presencial,Noite,0.2,85.8,76.4,7.8,4,30,20,Nao
228,Pedagogia,8,Presencial,Noite,5.5,74.8,82.2,6.4,6,20,10,Sim
8917,Enfermagem,7,EAD,Noite,2.6,75.9,91.2,7.6,5,44,0,Sim
4983,Administracao,4,Presencial,Manha,7.0,79.5,81.3,6.6,7,0,90,Sim
5153,Enfermagem,5,Presencial,Manha,12.2,100,86.4,6.8,9,0,30,Sim
1176,Pedagogia,2,Hibrida,Manha,9.7,88.3,84.0,4.9,5,0,90,Sim
7643,Engenharia de Software,8,Presencial,Noite,8.5,90.4,72.6,4.5,6,40,20,Nao
877,Enfermagem,1,Presencial,Noite,8.0,92.7,75.5,5.0,6,0,60,Sim
8256,Engenharia Civil,1,Hibrida,Manha,,100,77.8,5.8,3,44,90,Sim
312,Administracao,3,Presencial,Noite,2.2,90.5,73.0,5.0,3,44,20,Nao
7798,Engenharia de Software,7,Presencial,Manha,14.3,91.4,100,9.6,8,30,20,Sim
6666,Engenharia Civil,1,Presencial,Manha,6.9,100,70.6,5.2,4,0,120,Nao
9004,Pedagogia,2,Presencial,Noite,6.1,93.3,59.7,6.1,4,20,20,Nao
6809,Engenharia de Software,8,Presencial,Noite,5.6,100,65.4,5.7,4,30,45,Nao
3917,Engenharia Civil,2,Hibrida,Manha,6.0,83.5,71.9,5.2,6,0,90,Nao
6090,Administracao,6,Presencial,Noite,5.6,80.5,69.9,5.4,6,0,90,Nao
3340,Pedagogia,3,Presencial,Noite,4.6,80.6,74.4,,9,20,120,Nao
3552,Engenharia Civil,5,Presencial,Manha,0.2,67.7,56.4,9.8,1,40,120,Sim
1798,Engenharia de Software,5,Hibrida,Noite,7.0,88.8,68.5,3.6,11,40,90,Sim
7133,Enfermagem,3,Presencial,Noite,5.3,74.3,50.4,4.7,9,30,120,Nao
3463,Engenharia Civil,1,Hibrida,Manha,2.4,79.4,65.5,9.8,2,40,60,Sim
7388,Pedagogia,7,EAD,Manha,4.5,80.4,33.3,7.7,6,40,0,Nao
6771,Administracao,1,Hibrida,Noite,11.2,90.7,96.4,5.0,10,0,,Nao
1890,Engenharia de Software,8,Presencial,Noite,,79.1,77.0,5.2,4,20,120,Nao
9932,Enfermagem,8,EAD,Noite,10.2,70.0,90.6,8.5,7,44,0,Sim
2330,Engenharia Civil,6,Presencial,Noite,4.9,83.4,66.7,4.5,3,40,10,Sim
7305,Enfermagem,5,Presencial,Noite,7.5,100,67.5,6.6,6,30,120,Nao
8766,Engenharia Civil,1,Presencial,Manha,11.4,67.8,70.7,7.2,8,0,90,Sim
3709,Pedagogia,6,Presencial,Noite,2.5,71.2,79.7,5.8,3,40,30,Nao
7246,Engenharia Civil,2,Hibrida,Noite,3.8,80.4,69.1,7.4,5,40,15,Nao
7245,Engenharia Civil,3,Presencial,Manha,7.3,79.6,80.5,5.1,10,20,30,Nao
9726,Engenharia Civil,1,Presencial,Noite,8.6,75.6,87.5,8.0,5,20,45,Nao
4508,Engenharia Civil,6,EAD,Manha,10.4,72.9,85.7,5.8,11,40,0,Sim
391,Engenharia Civil,3,Presencial,Noite,8.2,73.8,64.4,9.2,8,0,60,Sim
4658,Engenharia Civil,1,EAD,Manha,1.1,97.3,61.4,8.9,6,0,0,Nao
5273,Administracao,1,EAD,Manha,10.6,78.9,54.2,,8,0,0,Sim
2757,Engenharia Civil,8,Presencial,Noite,4.4,65.6,,5.0,0,20,20,Nao
9112,Engenharia Civil,4,Presencial,Noite,3.6,69.2,62.5,4.2,0,30,60,Nao
6909,Administracao,2,Presencial,Noite,9.6,100,100,6.0,4,0,15,Sim
5480,Engenharia Civil,4,Presencial,Manha,3.3,88.0,51.0,4.2,6,30,10,Nao
3554,Enfermagem,3,EAD,Noite,6.6,81.0,52.2,6.2,8,20,0,Nao
5152,Engenharia de Software,6,Presencial,Manha,1.0,70.6,80.4,7.3,0,30,10,Nao
4567,Engenharia Civil,2,Presencial,Noite,10.1,61.7,46.6,7.1,8,44,10,Nao
289,Engenharia de Software,5,Presencial,Noite,5.8,94.9,55.1,3.3,1,44,90,Sim
1122,Engenharia de Software,8,Presencial,Manha,7.4,89.9,90.3,5.5,6,0,120,Sim
8061,Administracao,7,Hibrida,Manha,2.4,81.9,96.0,6.7,1,0,90,Sim
603,Engenharia Civil,1,Hibrida,Noite,10.5,76.5,100,6.4,7,20,60,Sim
7387,Pedagogia,8,Hibrida,Noite,4.9,89.3,94.5,8.1,1,40,120,Sim
8136,Enfermagem,8,Presencial,Manha,0.2,61.9,39.4,6.0,0,40,15,Nao
8138,Engenharia de Software,7,EAD,Manha,0.2,82.4,52.5,6.6,0,20,0,Nao
5690,Administracao,4,Presencial,Noite,6.7,73.8,66.5,4.0,7,0,120,Nao
9224,Enfermagem,8,Presencial,Manha,9.8,76.0,56.6,9.0,6,20,20,Nao
5983,Enfermagem,3,Hibrida,Noite,0.2,88.2,43.5,6.0,0,0,20,Nao
8215,Pedagogia,3,Hibrida,Noite,5.7,80.4,51.4,5.5,2,0,45,Sim
7741,Administracao,6,Hibrida,Manha,2.6,87.1,52.6,5.8,3,30,45,Nao
2001,Engenharia Civil,1,Presencial,Noite,10.8,62.0,90.6,6.8,10,20,30,Sim
2196,Pedagogia,1,Presencial,Manha,12.4,91.0,98.0,6.6,11,44,20,Nao
5570,Administracao,7,Presencial,Manha,5.1,97.7,59.2,6.8,5,20,10,Sim
5317,Administracao,4,Presencial,Noite,5.1,80.5,83.5,8.7,5,44,45,Nao
941,Enfermagem,4,Presencial,Noite,2.0,99.1,71.3,4.9,7,30,45,Sim
9851,Administracao,8,Presencial,Noite,7.2,92.4,72.0,8.1,4,40,90,Sim
3568,Enfermagem,2,Presencial,Manha,,88.9,72.6,5.5,4,0,15,Sim
1221,Pedagogia,2,Presencial,Manha,4.4,94.6,85.1,9.3,5,40,60,Sim
1240,Pedagogia,8,Hibrida,Manha,9.5,75.9,73.9,6.4,5,40,20,Nao
9195,Engenharia Civil,4,Hibrida,Manha,4.9,86.3,65.5,5.8,7,40,10,Nao
6509,Pedagogia,6,Presencial,Noite,11.6,81.6,100,2.7,7,20,15,Nao
7,Engenharia Civil,1,EAD,Noite,9.7,87.3,64.2,4.9,3,30,0,Nao
8587,Administracao,1,Presencial,Noite,3.9,100,74.8,5.4,5,40,10,Nao
2407,Enfermagem,1,Hibrida,Noite,4.1,75.4,89.3,5.4,9,0,90,Sim
1898,Administracao,8,Presencial,Manha,,61.1,,5.6,8,0,30,Nao
1931,Engenharia Civil,7,Hibrida,Manha,1.8,81.7,38.0,5.1,4,40,20,Sim
5947,Administracao,3,Hibrida,Manha,9.7,78.2,81.3,7.4,2,0,45,Sim
1383,Pedagogia,6,Hibrida,Manha,7.4,100,60.5,5.2,3,20,30,Nao
4993,Engenharia de Software,7,Hibrida,Noite,12.3,71.4,94.7,5.8,9,40,45,Sim
234,Pedagogia,1,Presencial,Noite,1.0,84.6,46.6,5.8,4,40,10,Nao
5753,Administracao,1,Presencial,Manha,0.2,79.3,40.6,7.8,4,20,20,Nao
4591,Enfermagem,6,Presencial,Manha,6.2,84.6,82.1,6.8,2,30,90,Sim
1825,Administracao,4,Presencial,Noite,11.1,63.1,90.0,5.5,9,20,15,Nao
5008,Administracao,1,Hibrida,Noite,5.2,83.9,62.8,5.9,6,30,10,Sim
2526,Enfermagem,7,Presencial,Noite,6.2,84.5,73.2,8.0,6,40,10,Nao
4792,Pedagogia,6,Presencial,Noite,3.9,68.7,100,6.0,4,40,120,Nao
7247,Engenharia Civil,3,Presencial,Noite,9.8,68.2,54.1,6.3,7,44,30,Nao
4125,Enfermagem,8,Presencial,Manha,9.2,79.1,97.5,5.2,11,20,90,Sim
2017,Engenharia de Software,7,Hibrida,Manha,5.4,75.7,73.1,3.7,8,30,20,Nao
2732,Pedagogia,3,Presencial,Noite,10.2,93.7,97.8,7.4,6,44,30,Sim
3282,Engenharia de Software,4,Presencial,Noite,6.7,73.5,56.5,5.8,6,44,20,Nao
8057,Enfermagem,1,EAD,Noite,6.7,67.7,76.7,5.0,6,30,0,Nao
4123,Engenharia Civil,8,Presencial,Manha,8.3,64.7,89.3,2.7,1,44,60,Sim
9903,Engenharia Civil,4,Hibrida,Manha,1.8,49.8,83.7,6.1,1,44,90,Nao
8085,Engenharia Civil,6,EAD,Manha,7.8,72.7,70.5,4.4,5,30,0,Nao
5751,Engenharia de Software,3,Presencial,Noite,15.4,84.0,100,6.7,15,0,45,Sim
4575,Pedagogia,2,EAD,Manha,6.9,88.5,94.4,3.4,0,44,0,Sim
3980,Engenharia Civil,4,Presencial,Noite,7.1,89.6,93.6,4.5,9,40,20,Nao
1981,Pedagogia,7,EAD,Noite,3.5,85.1,66.5,6.8,6,40,0,Nao
2624,Engenharia de Software,7,Presencial,Manha,13.5,75.5,73.3,6.8,11,0,15,Sim
5968,Pedagogia,4,Presencial,Noite,4.8,80.3,100,7.3,9,0,15,Sim
196,Administracao,4,Presencial,Manha,4.9,100,62.9,7.5,4,0,15,Nao
6573,Pedagogia,3,Presencial,Manha,4.2,73.1,61.9,7.9,6,0,15,Nao
9303,Engenharia Civil,5,EAD,Manha,2.5,70.6,91.6,3.7,,40,0,Nao
2720,Engenharia de Software,1,Hibrida,Manha,6.3,79.6,93.7,7.2,9,44,60,Nao
5312,Pedagogia,2,Hibrida,Manha,7.7,100,71.2,3.2,3,40,30,Sim
1461,Engenharia Civil,1,Hibrida,Noite,3.9,73.6,70.1,7.4,5,44,30,Sim
4794,Engenharia de Software,4,Presencial,Manha,5.5,89.0,80.1,6.2,0,20,20,Nao
2907,Engenharia Civil,2,EAD,Noite,8.3,81.6,75.5,6.2,6,0,0,Nao
9563,Engenharia Civil,6,Hibrida,Manha,7.3,83.7,76.3,6.6,,30,90,Nao
3151,Engenharia de Software,1,Hibrida,Manha,0.8,88.7,68.8,5.0,4,30,15,Nao
4475,Engenharia Civil,5,Presencial,Noite,8.3,67.1,90.8,4.1,6,30,20,Nao
7367,Engenharia Civil,5,Hibrida,Noite,10.4,89.9,69.4,6.3,5,44,15,Nao
1660,Enfermagem,4,EAD,Manha,12.5,85.5,72.1,5.5,7,0,0,Nao
8664,Pedagogia,2,Presencial,Noite,9.5,81.4,48.7,6.5,4,0,120,Nao
9141,Pedagogia,1,Hibrida,Noite,3.1,70.9,66.8,6.2,6,40,45,Sim
8145,Engenharia Civil,8,EAD,Manha,8.0,91.1,82.7,5.2,3,30,0,Sim
8522,Pedagogia,8,Presencial,Noite,9.5,79.2,71.1,7.6,6,0,15,Nao
14,Engenharia Civil,4,Hibrida,Noite,9.2,65.6,74.7,6.9,3,0,90,Sim
417,Pedagogia,4,Presencial,Noite,10.0,83.3,100,7.2,10,40,45,Sim
7853,Enfermagem,4,Presencial,Noite,5.9,70.3,78.5,4.1,5,40,60,Nao
1135,Administracao,8,Presencial,Noite,7.7,91.0,94.7,4.8,8,0,15,Nao
6653,Engenharia Civil,3,Hibrida,Manha,12.3,86.4,100,5.8,9,44,20,Sim
4415,Administracao,3,EAD,Noite,2.4,84.6,79.5,6.9,5,0,0,Nao
5144,Engenharia de Software,7,EAD,Noite,9.5,97.9,67.5,5.1,5,20,0,Nao
560,Enfermagem,6,Presencial,Manha,8.1,91.4,100,5.9,14,0,90,Sim
2192,Administracao,6,Hibrida,Noite,8.1,90.6,83.2,7.6,4,40,15,Sim
2435,Administracao,5,Presencial,Noite,11.5,84.7,91.7,4.1,4,0,30,Sim
243,Enfermagem,1,Hibrida,Manha,1.6,82.4,50.1,5.0,5,40,120,Sim
6687,Pedagogia,3,Hibrida,Manha,3.1,66.9,,5.5,6,0,60,Nao
6179,Engenharia de Software,3,EAD,Manha,6.5,62.9,100,6.4,3,40,0,Nao
8259,Administracao,3,Presencial,Noite,2.4,88.8,71.9,7.6,9,20,10,Sim
3849,Enfermagem,7,Presencial,Manha,3.1,95.1,92.5,7.1,5,40,15,Sim
4470,Engenharia de Software,4,Presencial,Noite,9.5,95.4,71.3,4.8,10,20,120,Nao
2914,Pedagogia,2,Hibrida,Manha,5.7,88.5,70.6,5.8,0,0,90,Sim
5009,Pedagogia,1,Hibrida,Noite,5.8,100,82.7,9.2,0,40,45,Sim
3147,Administracao,3,Presencial,Manha,11.6,84.4,72.0,6.2,13,30,,Nao
9935,Engenharia Civil,2,Presencial,Noite,3.4,100,59.5,3.6,4,30,15,Nao
1950,Engenharia Civil,6,Presencial,Manha,1.5,69.5,54.1,7.5,6,30,90,Nao
1392,Administracao,3,Presencial,Noite,6.8,100,89.9,6.2,7,40,10,Nao
2599,Administracao,7,Presencial,Noite,3.1,72.4,92.0,7.3,0,40,90,Sim
8038,Engenharia Civil,5,EAD,Noite,7.0,91.5,94.2,6.5,7,0,0,Sim
6498,Pedagogia,2,Hibrida,Noite,12.5,100,85.3,7.7,11,30,45,Sim
5565,Enfermagem,8,Presencial,Manha,7.6,91.2,26.5,6.6,7,44,120,Nao
9679,Administracao,3,Presencial,Noite,9.6,73.2,67.2,9.2,9,20,60,Sim
5282,Pedagogia,1,Hibrida,Noite,0.7,73.5,75.1,7.6,0,44,30,Nao
1235,Pedagogia,4,EAD,Manha,13.0,87.0,78.7,7.0,9,20,0,Sim
1328,Enfermagem,1,Presencial,Manha,8.3,88.0,72.2,7.1,15,0,45,Nao
4387,Pedagogia,8,Presencial,Manha,6.8,76.4,72.5,6.9,4,40,10,Nao
4449,Administracao,8,Hibrida,Noite,4.7,70.2,100,4.8,5,0,10,Nao
5544,Engenharia de Software,8,Presencial,Noite,7.8,75.3,100,8.8,7,44,20,Sim
2935,Administracao,7,Hibrida,Manha,5.5,91.3,77.1,6.4,6,0,120,Sim
8941,Administracao,4,Hibrida,Manha,3.4,66.1,88.6,6.3,7,30,45,Nao
2028,Engenharia de Software,6,Hibrida,Noite,5.7,89.7,100,4.6,5,0,20,Sim
1455,Enfermagem,4,Hibrida,Noite,4.1,64.3,70.2,7.2,0,30,60,Nao
8560,Pedagogia,4,Presencial,Manha,2.8,85.9,94.0,7.8,2,40,120,Sim
928,Engenharia de Software,4,Hibrida,Manha,8.4,100,77.9,4.5,3,0,10,Sim
8888,Pedagogia,3,Hibrida,Manha,6.5,97.2,71.2,8.3,7,30,90,Sim
4152,Enfermagem,4,Hibrida,Noite,12.1,81.7,88.2,7.4,1,0,10,Sim
4732,Administracao,4,Presencial,Noite,3.0,68.7,100,5.1,7,40,45,Nao
6241,Enfermagem,5,Presencial,Manha,11.4,79.8,89.1,9.4,9,0,15,Nao
2117,Enfermagem,7,Hibrida,Manha,7.5,85.3,60.4,5.2,13,30,120,Nao
3321,Engenharia de Software,8,EAD,Noite,1.3,65.0,67.8,5.4,3,0,0,Nao
483,Enfermagem,6,Presencial,Noite,7.1,98.2,100,4.0,7,44,,Nao
5837,Engenharia de Software,4,Presencial,Manha,7.4,94.5,86.8,6.0,8,20,45,Sim
2238,Engenharia de Software,6,Hibrida,Manha,7.9,100,98.1,3.4,10,40,90,Sim
6975,Pedagogia,1,Presencial,Noite,3.4,85.9,70.7,6.7,0,44,45,Nao
216,Engenharia Civil,8,Hibrida,Noite,0.2,76.0,62.7,4.9,0,30,10,Nao
1394,Administracao,7,Presencial,Manha,7.4,77.4,53.5,6.6,7,0,30,Sim
9180,Engenharia de Software,1,EAD,Noite,9.9,65.1,92.6,6.6,9,44,0,Sim
5258,Enfermagem,1,Hibrida,Manha,6.9,74.1,99.2,6.2,1,0,120,Sim
267,Enfermagem,7,Presencial,Manha,10.6,71.6,67.6,4.1,9,20,10,Sim
5090,Administracao,3,EAD,Noite,7.3,100,36.2,4.2,6,30,0,Sim
6114,Pedagogia,7,Presencial,Manha,8.4,94.7,86.5,8.7,7,44,120,Sim
9596,Engenharia de Software,5,EAD,Manha,3.1,77.0,52.5,8.1,0,30,0,Nao
401,Enfermagem,8,Hibrida,Noite,5.1,86.2,81.8,4.6,5,20,15,Nao
556,Engenharia de Software,3,Presencial,Noite,4.5,68.1,84.0,6.1,6,44,,Nao
3767,Pedagogia,3,Presencial,Manha,6.8,92.4,52.6,5.1,4,0,60,Nao
6215,Enfermagem,1,EAD,Manha,7.5,67.5,87.5,8.0,8,40,0,Sim
5455,Engenharia de Software,4,Presencial,Noite,5.6,76.9,81.1,5.6,6,40,15,Sim
7752,Administracao,2,Presencial,Noite,5.1,86.0,59.8,4.4,7,30,30,Sim
4840,Engenharia de Software,1,EAD,Noite,8.9,79.9,100,6.0,11,30,0,Sim
5863,Pedagogia,8,Presencial,Manha,10.1,64.5,76.4,7.8,10,30,60,Sim
3764,Enfermagem,7,Presencial,Noite,5.9,68.4,68.2,7.2,3,40,90,Nao
3033,Pedagogia,4,Presencial,Noite,8.4,88.4,64.3,4.9,3,44,10,Nao
2486,Administracao,4,EAD,Noite,7.6,98.5,76.2,5.2,1,20,0,Sim
8498,Enfermagem,7,Presencial,Noite,7.9,100,100,4.9,0,0,120,Nao
527,Enfermagem,3,Hibrida,Noite,9.9,80.8,91.3,4.4,8,20,120,Sim
3777,Administracao,7,Presencial,Noite,4.2,100,100,5.4,4,44,10,Sim
3437,Administracao,7,Hibrida,Noite,3.5,73.4,70.7,6.7,5,44,20,Sim
1952,Administracao,2,Presencial,Manha,14.9,60.2,100,5.4,8,30,10,Sim
1711,Administracao,8,Presencial,Manha,9.4,70.2,100,10,0,0,10,Sim
4870,Engenharia de Software,1,EAD,Manha,8.9,81.0,78.2,5.1,0,44,0,Nao
8328,Administracao,8,Presencial,Manha,10.8,86.9,82.1,7.1,5,0,30,Nao
8364,Engenharia de Software,7,EAD,Manha,10.0,100,84.0,8.3,8,20,0,Nao
8110,Engenharia de Software,6,Presencial,Noite,4.6,72.8,53.7,7.0,5,20,90,Sim
3050,Administracao,8,Presencial,Manha,12.5,89.5,76.0,3.6,14,0,90,Nao
6701,Engenharia de Software,3,Presencial,Noite,5.4,78.0,98.0,5.4,4,20,10,Nao
6416,Engenharia de Software,8,Presencial,Noite,10.4,69.9,82.7,4.5,9,0,60,Sim
876,Engenharia de Software,8,Presencial,Noite,9.0,62.2,34.3,5.1,7,0,120,Nao
1432,Engenharia de Software,8,Hibrida,Noite,11.0,60.9,54.1,9.4,10,40,90,Nao
6060,Engenharia Civil,1,Presencial,Manha,4.6,73.6,67.0,7.1,4,20,30,Nao
2897,Engenharia Civil,2,Hibrida,Manha,5.2,75.8,54.9,7.1,2,40,10,Nao
4687,Pedagogia,5,Hibrida,Noite,12.2,69.3,76.0,6.4,9,0,15,Sim
8161,Pedagogia,8,Hibrida,Noite,12.4,85.4,100,7.0,7,0,30,Sim
9854,Engenharia de Software,8,Hibrida,Manha,8.5,80.1,61.9,5.5,7,0,120,Nao
9895,Pedagogia,2,Presencial,Manha,6.2,77.1,72.3,8.2,4,30,120,Sim
758,Engenharia Civil,5,EAD,Noite,10.1,85.9,95.3,7.5,3,30,0,Sim
4728,Enfermagem,5,Hibrida,Manha,1.7,75.8,86.6,,6,30,10,Nao
4276,Engenharia de Software,3,Presencial,Noite,8.0,89.6,49.6,7.0,9,40,90,Sim
4797,Administracao,4,Hibrida,Manha,5.7,86.3,70.8,5.6,8,20,120,Nao
564,Engenharia Civil,7,Hibrida,Manha,6.4,68.4,72.2,7.8,6,44,60,Nao
2731,Administracao,3,Presencial,Noite,5.1,100,83.0,3.8,8,44,15,Nao
3114,Engenharia Civil,7,EAD,Manha,4.9,87.0,70.9,7.6,8,30,0,Sim
8843,Administracao,3,Presencial,Noite,5.8,100,61.1,4.7,4,44,30,Sim
8143,Engenharia Civil,1,Presencial,Manha,8.5,81.3,87.8,4.2,6,40,90,Nao
7598,Pedagogia,8,Hibrida,Noite,11.2,74.3,100,7.1,7,0,90,Sim
6346,Enfermagem,6,Presencial,Manha,4.9,89.5,82.6,7.9,7,30,90,Sim
3295,Engenharia de Software,3,Presencial,Noite,4.9,77.8,63.5,8.1,11,20,120,Nao
3383,Administracao,8,Hibrida,Manha,4.7,87.5,72.5,4.2,4,40,10,Sim
988,Engenharia Civil,8,Presencial,Noite,4.6,87.2,70.8,6.9,3,40,120,Nao
3419,Pedagogia,6,Hibrida,Noite,1.9,95.2,81.9,7.9,6,0,20,Sim
6102,Engenharia Civil,2,Presencial,Noite,2.3,95.8,89.9,6.1,4,40,90,Nao
6314,Enfermagem,4,EAD,Noite,8.9,91.0,98.0,6.4,6,0,0,Nao
3023,Administracao,1,Presencial,Noite,8.0,79.2,69.9,5.8,3,0,30,Sim
8419,Engenharia Civil,5,EAD,Manha,0.2,58.2,45.0,4.8,5,40,0,Nao
5956,Administracao,3,EAD,Manha,12.9,89.9,86.0,7.2,11,20,0,Sim
7353,Administracao,2,EAD,Manha,9.4,66.4,58.5,9.4,10,0,0,Nao
2092,Enfermagem,2,EAD,Noite,6.3,100,95.3,6.0,3,44,0,Nao
802,Engenharia de Software,7,Hibrida,Noite,7.6,77.5,78.2,5.4,5,44,45,Nao
853,Engenharia de Software,7,Hibrida,Manha,3.5,97.8,80.4,6.0,2,20,20,Nao
8172,Engenharia de Software,7,Presencial,Manha,5.7,81.9,77.7,6.6,6,20,120,Nao
5738,Administracao,3,Hibrida,Manha,5.7,87.7,31.3,8.6,6,0,30,Nao
9525,Engenharia de Software,6,Presencial,Manha,11.1,87.3,100,5.5,8,0,120,Sim
7105,Engenharia Civil,1,Presencial,Noite,8.4,76.2,100,5.8,3,0,120,Sim
3484,Enfermagem,5,EAD,Noite,7.2,91.8,100,1.8,6,30,0,Nao
9532,Administracao,4,Hibrida,Noite,6.3,68.5,68.2,3.2,2,0,10,Nao
8805,Enfermagem,4,Presencial,Noite,14.1,83.7,85.3,6.8,7,30,10,Sim
5777,Engenharia Civil,5,Hibrida,Noite,9.2,85.4,100,6.8,6,0,90,Sim
6744,Administracao,7,Hibrida,Manha,10.1,80.5,92.0,7.6,7,40,90,Nao
5456,Pedagogia,1,Presencial,Manha,5.1,88.0,62.4,6.4,9,0,30,Sim
792,Pedagogia,6,Presencial,Noite,4.8,94.2,66.0,6.9,6,20,45,Nao
407,Pedagogia,5,Presencial,Noite,0.2,74.9,60.9,5.3,3,44,20,Nao
5733,Administracao,8,Hibrida,Manha,7.7,96.6,60.4,9.3,4,0,10,Sim
8295,Administracao,5,Presencial,Noite,4.6,91.1,,5.4,0,30,90,Nao
4904,Engenharia de Software,1,Presencial,Noite,6.5,94.5,75.6,,8,0,15,Nao
2972,Engenharia Civil,2,Presencial,Manha,5.5,86.6,86.9,6.1,8,0,30,Nao
2118,Pedagogia,4,Presencial,Manha,12.2,73.4,76.4,7.6,8,40,10,Sim
36,Administracao,3,Hibrida,Manha,3.9,92.2,42.7,8.2,1,20,30,Nao
6686,Pedagogia,5,Presencial,Manha,5.7,84.2,90.9,4.5,5,44,45,Sim
4241,Administracao,4,Presencial,Manha,7.3,73.9,76.5,6.4,10,0,120,Nao
8943,Enfermagem,4,Presencial,Manha,9.4,97.0,72.0,5.1,5,0,15,Nao
6318,Engenharia Civil,8,Hibrida,Manha,3.2,90.0,92.7,8.4,7,40,10,Sim
6602,Administracao,8,EAD,Manha,6.4,84.2,72.8,9.2,2,0,0,Sim
2509,Enfermagem,7,Hibrida,Noite,4.2,49.9,72.0,7.8,8,0,90,Nao
3760,Administracao,6,Presencial,Manha,2.9,87.8,70.4,3.9,8,40,30,Nao
1710,Engenharia Civil,6,Hibrida,Noite,16.3,64.2,85.9,7.7,9,0,120,Sim
4778,Enfermagem,1,Hibrida,Noite,5.2,79.2,88.8,3.6,3,40,15,Nao
1721,Enfermagem,3,Hibrida,Noite,3.9,90.1,48.6,6.8,3,30,45,Sim
5235,Administracao,8,Presencial,Noite,6.1,74.9,95.8,5.6,3,20,10,Nao
7520,Enfermagem,7,Hibrida,Noite,5.9,86.2,51.6,5.5,5,0,90,Nao
7595,Engenharia de Software,4,Presencial,Manha,4.9,83.5,71.8,7.5,8,40,30,Sim
5085,Engenharia Civil,3,Presencial,Noite,11.3,98.5,70.1,6.6,14,0,120,Sim
4163,Pedagogia,8,Presencial,Manha,11.1,100,77.1,5.4,4,30,120,Nao
4394,Enfermagem,1,Presencial,Noite,9.8,69.8,74.2,9.6,8,30,10,Nao
6581,Engenharia Civil,7,Hibrida,Noite,7.9,76.6,74.2,8.5,8,0,15,Nao
3481,Enfermagem,2,Presencial,Manha,11.5,93.5,86.9,6.5,9,30,90,Nao
1415,Engenharia Civil,4,Presencial,Manha,4.1,89.2,95.8,6.9,9,40,20,Nao
6726,Engenharia de Software,7,EAD,Noite,6.1,68.5,91.8,5.5,6,40,0,Nao
7227,Engenharia de Software,2,Presencial,Manha,1.4,96.6,89.4,7.0,4,44,30,Sim
8929,Enfermagem,5,Presencial,Manha,15.8,88.5,79.3,9.1,13,0,120,Sim
1430,Engenharia Civil,5,Presencial,Noite,11.8,87.7,75.3,4.2,8,30,60,Sim
120,Engenharia Civil,8,Presencial,Noite,3.2,100,81.3,6.9,2,30,60,Nao
3184,Engenharia Civil,6,Presencial,Noite,8.9,80.4,74.1,7.5,5,40,30,Sim
333,Enfermagem,7,Presencial,Manha,,92.1,75.3,3.8,6,44,60,Nao
8076,Administracao,6,Presencial,Noite,7.0,65.9,61.8,7.0,3,0,30,Nao
9183,Enfermagem,7,Hibrida,Noite,9.9,65.6,81.7,6.4,7,20,45,Nao
5823,Administracao,4,Presencial,Manha,3.3,79.8,65.8,5.3,1,30,15,Nao
9735,Engenharia de Software,2,EAD,Manha,6.5,67.1,59.4,7.0,4,40,0,Nao
3305,Engenharia Civil,6,Hibrida,Manha,13.5,65.2,100,,7,30,15,Nao
1069,Engenharia de Software,7,Hibrida,Manha,12.6,80.1,85.4,5.5,6,0,15,Nao
6324,Pedagogia,7,Presencial,Noite,5.6,87.7,74.1,5.6,10,40,30,Sim
3626,Engenharia de Software,4,Hibrida,Manha,8.3,100,65.4,6.9,6,0,45,Sim
557,Enfermagem,7,Presencial,Manha,6.6,82.7,85.9,6.2,0,0,120,Sim
7079,Pedagogia,4,EAD,Noite,10.2,100,68.7,3.9,7,40,0,Sim
5533,Engenharia de Software,4,Presencial,Noite,2.7,85.6,75.0,6.2,3,20,90,Sim
9394,Administracao,6,Hibrida,Noite,12.4,88.7,90.7,3.9,7,30,120,Nao
9794,Engenharia Civil,3,Hibrida,Manha,8.5,87.5,80.6,4.9,8,20,120,Sim
2516,Pedagogia,3,Presencial,Noite,6.0,77.2,87.0,4.2,5,30,20,Nao
3829,Enfermagem,7,Presencial,Manha,2.7,55.6,,6.4,2,44,90,Nao
8141,Pedagogia,3,Hibrida,Noite,7.0,87.5,47.6,6.6,6,30,60,Nao
9386,Engenharia de Software,6,Presencial,Noite,9.7,74.4,56.8,1.1,2,20,45,Nao
5691,Enfermagem,4,Presencial,Noite,8.3,70.9,85.8,4.1,8,40,20,Nao
2366,Engenharia de Software,7,Hibrida,Noite,2.7,100,45.7,3.0,5,40,30,Nao
5896,Engenharia Civil,1,Presencial,Manha,3.8,85.7,94.0,10,3,30,10,Sim
2868,Engenharia de Software,4,EAD,Manha,0.4,98.8,54.0,5.8,0,20,0,Nao
7539,Enfermagem,2,Presencial,Manha,7.6,75.8,69.8,7.2,4,44,20,Nao
9384,Engenharia Civil,3,Hibrida,Noite,12.7,89.0,80.6,,7,44,60,Sim
5213,Engenharia Civil,6,Hibrida,Noite,8.0,88.1,76.9,6.1,3,40,20,Sim
8402,Engenharia de Software,1,Presencial,Manha,4.6,93.3,80.1,7.9,9,44,120,Nao
4429,Enfermagem,7,Hibrida,Noite,5.0,88.3,61.3,6.4,5,44,90,Nao
8221,Engenharia de Software,3,Presencial,Noite,3.8,83.5,87.3,6.8,10,20,15,Nao
8729,Engenharia de Software,6,Presencial,Manha,6.5,74.8,62.3,1.6,9,40,,Nao
7556,Engenharia de Software,6,Presencial,Manha,5.3,84.9,53.1,8.7,8,40,15,Sim
612,Engenharia Civil,8,Presencial,Noite,6.4,75.2,66.1,7.9,3,40,60,Sim
9483,Pedagogia,5,Presencial,Manha,6.3,68.4,72.1,9.2,4,0,45,Nao
552,Engenharia Civil,1,Presencial,Manha,8.7,66.9,100,1.2,10,30,120,Nao
5949,Pedagogia,2,EAD,Manha,6.4,63.2,82.8,8.1,6,20,0,Nao
2862,Pedagogia,6,Presencial,Manha,2.5,83.3,46.3,6.2,5,0,15,Nao
7193,Engenharia Civil,5,EAD,Noite,11.7,76.0,59.6,5.7,11,0,0,Nao
8808,Engenharia de Software,3,Hibrida,Manha,11.7,69.3,100,7.7,6,40,60,Sim
5014,Pedagogia,5,Presencial,Noite,4.0,83.7,60.2,9.6,0,40,120,Nao
9578,Administracao,4,EAD,Noite,13.8,85.0,100,4.8,12,0,0,Sim
9553,Engenharia de Software,5,EAD,Noite,8.6,90.9,77.9,9.0,5,0,0,Sim
150,Pedagogia,5,Hibrida,Noite,1.9,91.2,68.9,7.0,2,40,90,Nao
7573,Enfermagem,4,EAD,Noite,1.8,78.6,69.6,8.0,5,20,0,Nao
3467,Administracao,2,Presencial,Noite,11.0,85.5,94.2,4.6,10,20,60,Sim
5530,Enfermagem,1,Presencial,Noite,6.0,78.3,33.8,7.5,4,20,120,Nao
6386,Pedagogia,2,Presencial,Noite,10.1,88.7,71.8,7.2,7,30,120,Nao
6621,Administracao,2,EAD,Manha,9.7,93.3,81.6,,9,40,0,Nao
4845,Enfermagem,4,Presencial,Manha,8.4,86.7,68.4,2.9,5,20,30,Nao
8763,Pedagogia,6,Hibrida,Manha,0.2,91.5,22.0,6.6,2,30,60,Nao
2076,Administracao,2,Presencial,Manha,6.4,79.2,83.5,5.5,4,40,20,Nao
6592,Engenharia de Software,8,Presencial,Manha,10.5,84.0,61.5,2.9,8,30,45,Nao
9779,Enfermagem,2,EAD,Noite,4.9,76.4,62.4,7.6,9,44,0,Nao
4347,Engenharia de Software,5,Hibrida,Noite,3.1,83.3,87.4,7.6,3,40,,Sim
6614,Engenharia de Software,7,Presencial,Manha,3.9,94.1,46.5,6.4,4,0,120,Sim
4120,Administracao,5,Presencial,Noite,10.5,88.3,63.0,7.9,11,30,45,Sim
3291,Engenharia de Software,3,Presencial,Manha,2.8,99.6,96.2,3.8,7,40,10,Sim
4413,Enfermagem,1,Presencial,Noite,5.9,73.5,59.0,8.5,4,0,60,Nao
3852,Administracao,7,Hibrida,Noite,9.9,100,82.5,9.7,11,0,90,Sim
3943,Administracao,2,Presencial,Manha,2.0,76.6,61.7,5.4,2,30,15,Nao
2581,Engenharia Civil,1,Hibrida,Noite,2.5,77.7,67.1,6.7,4,20,45,Nao
2842,Enfermagem,7,Presencial,Noite,8.5,69.7,98.8,7.5,9,0,10,Nao
3536,Administracao,2,EAD,Manha,7.1,74.1,75.3,8.3,5,20,0,Nao
5614,Engenharia Civil,8,Hibrida,Manha,5.3,59.0,95.3,3.9,4,40,30,Nao
7623,Pedagogia,4,Presencial,Noite,4.2,74.3,61.7,6.3,8,40,30,Nao
8820,Engenharia Civil,7,Presencial,Noite,4.7,79.3,71.7,3.8,7,40,15,Nao
23,Enfermagem,2,Presencial,Noite,8.5,75.6,100,4.2,5,20,10,Sim
4323,Engenharia de Software,4,Presencial,Noite,6.4,64.1,100,4.8,5,44,,Nao
9732,Engenharia Civil,8,EAD,Manha,2.3,76.7,69.0,2.8,0,20,0,Nao
9920,Engenharia de Software,5,EAD,Manha,6.1,77.7,90.1,6.8,6,0,0,Sim
6427,Pedagogia,6,Presencial,Manha,11.5,91.1,92.0,6.9,14,0,45,Sim
3776,Enfermagem,4,Hibrida,Noite,7.6,66.5,,5.8,6,0,10,Nao
4252,Engenharia Civil,8,Presencial,Noite,10.9,86.9,95.9,7.7,4,40,60,Sim
3516,Enfermagem,8,Presencial,Noite,1.2,89.0,80.2,6.2,0,40,90,Sim
2211,Enfermagem,1,Hibrida,Manha,5.0,93.7,57.5,6.6,3,44,60,Sim
4153,Pedagogia,4,Hibrida,Manha,5.8,90.8,94.3,3.3,8,40,20,Sim
3433,Administracao,2,Presencial,Manha,1.2,68.3,47.9,6.4,4,30,30,Nao
1740,Pedagogia,2,Presencial,Noite,14.6,81.6,77.2,5.0,11,30,90,Sim
8332,Pedagogia,5,Presencial,Noite,4.3,87.6,77.5,6.1,5,0,90,Sim
5353,Engenharia Civil,4,Hibrida,Noite,9.7,76.2,72.2,7.5,10,0,30,Sim
5349,Administracao,7,EAD,Noite,13.6,90.8,100,4.9,9,0,0,Sim
2813,Pedagogia,8,Hibrida,Manha,5.9,85.4,71.6,4.7,4,20,20,Nao
5839,Engenharia de Software,1,Hibrida,Manha,6.1,90.9,72.8,5.9,0,20,30,Nao
9455,Engenharia de Software,1,Presencial,Noite,7.6,85.9,96.8,9.1,7,20,90,Sim
4879,Pedagogia,8,Presencial,Noite,3.7,74.6,41.5,9.6,2,44,45,Sim
379,Enfermagem,6,Presencial,Manha,3.2,100,78.0,4.8,,30,45,Nao
832,Engenharia Civil,7,Presencial,Noite,0.2,59.8,81.5,5.1,6,0,20,Nao
8139,Engenharia Civil,8,Presencial,Manha,9.3,56.0,72.4,5.8,8,20,120,Nao
5000,Enfermagem,1,Presencial,Noite,1.1,72.7,34.6,6.4,6,0,10,Nao
7977,Engenharia de Software,5,Hibrida,Noite,12.7,75.9,93.8,6.6,6,20,60,Nao
6227,Engenharia Civil,4,Presencial,Noite,7.1,89.3,92.9,6.5,1,20,30,Sim
2833,Pedagogia,1,Presencial,Noite,5.4,86.2,45.9,5.7,0,44,20,Nao
6511,Enfermagem,1,Hibrida,Noite,4.5,95.6,82.9,4.8,8,40,20,Nao
5794,Pedagogia,7,Presencial,Noite,3.8,94.0,89.2,7.9,8,44,60,Nao
1772,Engenharia de Software,3,Presencial,Manha,11.2,93.9,75.9,6.6,5,20,15,Nao
9066,Administracao,2,Hibrida,Noite,0.2,85.1,57.5,6.0,6,44,60,Nao
8727,Pedagogia,5,Presencial,Manha,11.7,69.5,100,8.1,6,0,90,Sim
2215,Engenharia de Software,5,Presencial,Manha,5.9,73.0,78.4,5.9,4,44,45,Nao
2814,Engenharia de Software,5,EAD,Manha,13.0,100,100,4.4,3,30,0,Nao
6477,Pedagogia,8,Presencial,Manha,3.1,75.2,,2.0,3,0,30,Nao
7857,Engenharia de Software,4,Presencial,Manha,9.6,98.3,74.2,3.4,9,44,90,Nao
8021,Engenharia de Software,6,Presencial,Noite,1.7,74.3,43.7,6.6,3,44,,Nao
8903,Pedagogia,6,EAD,Noite,1.7,84.9,67.3,8.5,0,30,0,Nao
5883,Engenharia Civil,2,Hibrida,Manha,5.7,77.1,95.8,6.1,3,44,15,Sim
3162,Administracao,6,EAD,Noite,6.4,75.0,100,6.7,4,30,0,Sim
4161,Enfermagem,2,Presencial,Manha,4.9,100,76.4,1.1,3,40,30,Sim
1562,Pedagogia,1,Hibrida,Manha,0.2,81.9,41.2,9.1,6,0,90,Nao
2097,Administracao,6,Presencial,Noite,5.7,81.9,75.7,10,7,20,30,Sim
6888,Pedagogia,6,Presencial,Noite,8.9,100,100,3.9,8,0,60,Sim
1632,Engenharia de Software,5,Presencial,Manha,11.5,77.9,94.3,4.8,7,44,120,Nao
9197,Engenharia de Software,2,Presencial,Noite,4.3,100,51.5,6.3,4,0,90,Nao
2569,Pedagogia,8,Presencial,Manha,11.2,71.4,71.8,8.7,9,0,60,Sim
5289,Administracao,4,Presencial,Noite,6.7,75.7,71.9,7.7,1,0,45,Sim
1352,Pedagogia,7,Hibrida,Noite,13.6,97.6,,6.9,11,0,30,Sim
2179,Enfermagem,4,Hibrida,Manha,7.3,79.1,86.5,6.4,6,0,10,Sim
1640,Enfermagem,2,Hibrida,Manha,8.1,69.7,88.2,,11,40,20,Sim
2803,Engenharia Civil,4,Hibrida,Noite,6.5,82.4,43.2,5.1,4,30,60,Nao
7435,Engenharia Civil,1,Presencial,Noite,6.8,90.2,60.8,7.2,4,40,120,Sim
7713,Engenharia Civil,1,Hibrida,Noite,4.1,79.8,37.4,3.4,7,0,45,Nao
3956,Enfermagem,4,Presencial,Noite,0.4,77.5,22.9,4.0,2,44,20,Nao
6713,Engenharia de Software,5,Hibrida,Noite,3.7,85.3,78.0,5.2,6,40,45,Nao
5083,Pedagogia,4,Presencial,Manha,0.2,82.9,75.2,5.4,5,40,10,Nao
7669,Enfermagem,1,Presencial,Noite,7.7,80.4,95.3,1.7,10,30,60,Sim
6053,Pedagogia,7,Presencial,Manha,4.9,96.3,84.7,5.2,9,44,10,Sim
4829,Administracao,2,Presencial,Manha,13.9,66.3,78.6,4.0,6,0,,Nao
9546,Engenharia Civil,4,Presencial,Manha,11.2,86.1,78.8,4.7,9,0,15,Sim
6973,Engenharia Civil,6,Presencial,Manha,0.5,77.5,64.5,4.8,0,44,20,Nao
5894,Engenharia de Software,3,Hibrida,Manha,5.6,81.0,62.2,4.6,4,0,90,Nao
6610,Engenharia Civil,4,Presencial,Manha,6.0,84.5,56.0,3.5,5,44,15,Nao
6896,Administracao,3,Presencial,Manha,5.7,91.4,100,5.3,7,0,15,Sim
875,Enfermagem,4,EAD,Manha,7.5,83.0,82.8,5.2,6,0,0,Nao
487,Enfermagem,3,Presencial,Manha,7.4,71.6,95.3,4.8,4,40,10,Nao
7024,Enfermagem,1,Presencial,Noite,4.1,83.1,84.0,4.2,6,0,120,Nao
9698,Pedagogia,2,Presencial,Noite,0.7,68.9,62.7,6.0,6,30,120,Nao
1648,Engenharia de Software,7,Hibrida,Noite,2.8,77.1,79.5,3.4,4,44,120,Nao
9812,Pedagogia,7,EAD,Noite,9.8,81.1,82.3,6.1,9,0,0,Nao
2916,Enfermagem,7,Hibrida,Noite,3.8,81.0,66.6,5.7,4,44,45,Nao
7889,Engenharia Civil,5,Presencial,Noite,6.3,93.1,89.9,6.4,0,40,60,Sim
1013,Pedagogia,5,EAD,Noite,8.6,71.0,62.2,3.9,4,40,0,Nao
6824,Engenharia de Software,4,Presencial,Noite,16.0,64.9,64.2,7.9,11,0,10,Sim
6376,Administracao,5,Hibrida,Noite,4.5,89.1,38.6,7.3,3,44,10,Nao
3259,Engenharia de Software,5,Hibrida,Manha,9.2,66.6,76.1,5.9,12,0,120,Sim
4144,Enfermagem,7,EAD,Noite,8.9,87.2,89.5,6.5,5,0,,Sim
6403,Engenharia Civil,8,Presencial,Noite,0.2,93.4,38.1,7.9,2,44,120,Sim
465,Engenharia de Software,5,EAD,Noite,0.2,82.2,64.7,4.4,2,30,0,Nao
9801,Pedagogia,6,Hibrida,Manha,9.5,78.8,68.9,6.4,6,40,20,Nao
3138,Administracao,3,Presencial,Noite,7.4,87.3,78.3,7.7,10,0,60,Sim
3070,Enfermagem,7,Presencial,Noite,5.3,100,68.0,7.2,0,0,20,Sim
5951,Engenharia Civil,1,Presencial,Noite,7.4,71.9,76.2,8.9,4,40,15,Sim
7672,Administracao,2,Hibrida,Noite,11.2,94.6,100,4.2,11,0,10,Sim
2655,Pedagogia,1,EAD,Manha,0.2,90.3,59.5,7.1,0,44,0,Nao
3937,Engenharia de Software,8,Presencial,Manha,9.5,67.4,77.8,10,8,0,15,Sim
870,Engenharia de Software,3,Presencial,Noite,6.3,99.4,77.8,5.7,7,40,10,Nao
1337,Pedagogia,4,Presencial,Noite,6.1,87.5,39.9,5.6,1,44,30,Nao
6301,Engenharia de Software,6,EAD,Noite,8.2,66.1,83.9,4.9,6,40,0,Sim
5047,Administracao,3,EAD,Noite,7.2,84.0,68.3,9.8,9,40,0,Nao
8335,Enfermagem,1,Presencial,Manha,1.4,75.7,55.5,4.1,2,30,20,Nao
8802,Administracao,8,Presencial,Noite,2.7,72.9,89.8,3.9,4,40,30,Nao
5599,Pedagogia,8,Hibrida,Manha,1.9,77.2,69.7,,4,30,60,Nao
8037,Engenharia de Software,7,Presencial,Noite,9.6,92.4,69.8,7.5,10,40,90,Nao
9243,Enfermagem,8,Presencial,Noite,8.4,94.9,77.1,7.5,9,40,15,Sim
2030,Enfermagem,7,Presencial,Manha,10.1,90.9,65.3,3.8,6,0,20,Nao
3108,Pedagogia,7,Presencial,Manha,10.4,80.2,72.0,3.7,14,20,15,Sim
4766,Administracao,6,Hibrida,Noite,4.8,85.1,69.7,7.1,2,20,90,Nao
6800,Pedagogia,1,Presencial,Manha,9.1,69.8,85.9,5.1,10,40,10,Sim
4949,Administracao,5,Hibrida,Manha,10.1,100,63.2,4.9,,0,60,Nao
5045,Engenharia de Software,1,Hibrida,Noite,2.7,70.6,44.3,7.2,0,44,90,Nao
1295,Administracao,5,Presencial,Noite,11.3,67.1,98.8,4.8,10,0,60,Sim
7429,Administracao,2,Presencial,Noite,10.9,59.0,95.8,6.7,9,0,60,Sim
7580,Pedagogia,8,Presencial,Manha,9.2,91.7,79.6,4.7,7,0,10,Nao
7924,Administracao,6,Hibrida,Noite,6.9,85.3,97.6,5.8,9,0,90,Sim
5739,Engenharia Civil,4,Presencial,Manha,10.6,95.0,62.7,7.6,8,0,60,Nao
7673,Enfermagem,7,EAD,Noite,0.2,85.9,,5.2,2,40,0,Sim
2841,Engenharia Civil,7,Hibrida,Noite,8.2,94.8,100,6.9,8,0,30,Sim
9543,Enfermagem,2,EAD,Noite,7.8,71.0,89.3,4.1,7,40,0,Nao
4913,Engenharia de Software,3,Presencial,Manha,10.4,90.9,67.7,6.5,7,0,120,Nao
4666,Enfermagem,4,Presencial,Noite,7.8,84.7,73.2,4.3,4,30,30,Nao
1367,Pedagogia,4,Hibrida,Manha,10.3,93.3,70.8,4.6,7,0,45,Nao
709,Engenharia Civil,7,Presencial,Manha,0.2,82.4,81.2,9.5,4,0,15,Nao
1203,Engenharia Civil,6,Presencial,Manha,9.0,92.7,94.4,7.5,6,30,90,Nao
8627,Administracao,2,EAD,Manha,12.5,90.4,95.4,1.5,11,44,0,Sim
9804,Enfermagem,5,Presencial,Manha,0.2,77.4,34.3,1.4,6,44,30,Nao
3233,Pedagogia,8,Presencial,Noite,6.1,80.3,67.6,4.6,9,30,10,Nao
3480,Administracao,3,Hibrida,Manha,4.4,75.0,82.4,6.7,10,20,10,Sim
4079,Enfermagem,6,Presencial,Noite,4.3,82.7,67.1,4.9,8,20,20,Sim
4812,Pedagogia,2,Hibrida,Noite,8.5,88.6,83.4,8.0,12,0,10,Sim
803,Administracao,8,Hibrida,Noite,6.4,75.1,100,3.2,7,20,90,Nao
4909,Engenharia Civil,6,Hibrida,Manha,2.4,90.8,34.8,3.1,4,40,10,Nao
400,Pedagogia,6,Hibrida,Manha,0.2,80.1,75.8,6.8,4,40,120,Nao
7751,Enfermagem,2,EAD,Noite,3.7,80.3,62.2,7.2,3,30,0,Nao
6802,Administracao,7,Presencial,Manha,2.4,77.4,45.2,7.6,9,20,90,Nao
4946,Pedagogia,7,Presencial,Noite,5.9,62.3,69.3,6.7,2,44,120,Nao
4734,Engenharia de Software,3,Hibrida,Manha,5.5,67.5,95.9,5.1,5,40,60,Nao
5021,Enfermagem,4,EAD,Manha,9.5,87.3,100,7.5,11,40,0,Sim
8309,Administracao,3,Presencial,Noite,7.1,100,51.2,7.5,8,0,60,Nao
5128,Engenharia de Software,3,Hibrida,Noite,10.4,87.7,93.9,6.8,12,30,15,Sim
7017,Engenharia de Software,3,Presencial,Noite,6.6,86.3,57.5,4.9,7,40,60,Nao
6412,Engenharia Civil,2,Presencial,Manha,,69.4,93.9,3.6,4,0,10,Nao
9556,Engenharia de Software,5,Hibrida,Noite,7.2,76.0,53.1,5.5,8,30,10,Nao
2207,Pedagogia,5,EAD,Noite,7.4,91.3,69.8,6.5,6,0,0,Sim
4646,Engenharia Civil,3,Presencial,Noite,8.6,87.3,76.1,7.1,6,30,30,Sim
836,Administracao,3,EAD,Manha,4.6,82.9,65.4,6.3,3,40,0,Nao
9580,Engenharia Civil,4,Presencial,Noite,,77.7,56.3,3.5,7,0,60,Nao
4956,Enfermagem,5,Hibrida,Manha,8.4,86.6,,6.2,5,20,15,Sim
2167,Administracao,3,Presencial,Noite,0.3,90.4,48.3,1.7,5,30,10,Nao
5037,Enfermagem,8,Presencial,Noite,10.6,65.1,100,3.6,3,0,10,Nao
5104,Engenharia Civil,1,EAD,Manha,12.5,99.3,70.0,7.0,12,0,0,Nao
4080,Engenharia de Software,7,Presencial,Manha,10.7,68.9,81.8,6.7,8,0,90,Nao
7250,Engenharia de Software,2,Presencial,Manha,1.8,94.0,67.8,5.6,7,0,20,Sim
2691,Engenharia Civil,1,Presencial,Noite,6.3,82.8,58.0,6.8,7,44,90,Sim
3574,Engenharia Civil,2,Presencial,Noite,0.6,84.0,81.6,6.8,7,40,90,Nao
7007,Enfermagem,8,EAD,Noite,7.2,79.7,100,8.4,5,30,0,Sim
503,Administracao,7,Presencial,Noite,7.8,66.2,65.8,4.5,7,0,90,Sim
9319,Administracao,2,Presencial,Noite,5.6,75.5,87.5,3.0,7,44,90,Nao
2746,Administracao,6,Presencial,Noite,7.2,86.7,68.4,8.4,7,0,15,Nao
9929,Pedagogia,6,Hibrida,Manha,4.9,78.2,87.5,7.8,7,20,30,Nao
2386,Engenharia Civil,3,Presencial,Noite,8.0,79.1,88.5,5.5,11,0,90,Nao
360,Administracao,1,Presencial,Manha,9.3,85.3,91.6,4.1,4,0,60,Sim
6423,Administracao,2,Presencial,Manha,2.9,74.3,83.6,7.1,6,44,15,Sim
3309,Enfermagem,4,Presencial,Noite,9.0,74.4,75.8,6.0,6,40,20,Sim
8014,Enfermagem,4,Presencial,Manha,6.2,68.8,80.9,6.5,8,0,15,Nao
8895,Pedagogia,2,EAD,Manha,6.6,76.5,45.7,9.8,6,0,0,Sim
1601,Engenharia de Software,6,EAD,Noite,1.0,84.8,91.4,5.5,,30,0,Sim
6715,Pedagogia,2,Hibrida,Noite,7.6,62.7,,8.3,6,40,10,Nao
3051,Engenharia de Software,5,EAD,Noite,7.6,85.8,60.9,8.0,0,0,0,Nao
5267,Enfermagem,8,EAD,Manha,6.6,65.6,61.6,1.4,7,40,0,Nao
8125,Engenharia Civil,7,Presencial,Noite,5.2,87.8,28.8,2.9,14,44,120,Nao
5583,Pedagogia,2,Hibrida,Noite,2.6,71.0,57.9,4.9,4,30,120,Nao
1409,Pedagogia,2,EAD,Manha,8.5,68.7,85.0,3.3,9,0,0,Sim
8643,Engenharia de Software,4,Hibrida,Noite,10.6,76.4,100,4.1,11,30,90,Sim
7443,Engenharia Civil,5,EAD,Noite,2.5,77.9,96.5,8.0,6,30,0,Sim
9277,Pedagogia,7,Presencial,Noite,8.1,99.0,60.9,5.7,6,20,90,Sim
604,Administracao,3,EAD,Manha,5.0,85.8,74.5,8.1,6,40,0,Nao
4076,Engenharia Civil,4,Presencial,Manha,9.4,83.9,64.6,7.8,5,0,45,Sim
1314,Engenharia de Software,3,Hibrida,Noite,7.1,75.0,57.1,7.1,9,44,45,Sim
8193,Enfermagem,2,Hibrida,Manha,5.8,93.5,70.3,0.5,5,30,30,Nao
5622,Enfermagem,5,EAD,Noite,0.3,71.3,67.5,4.9,1,44,0,Sim
310,Engenharia de Software,2,Presencial,Manha,8.9,87.6,99.3,7.1,11,40,60,Nao
7788,Pedagogia,8,Hibrida,Noite,6.6,56.8,51.3,4.3,10,40,45,Nao
8864,Engenharia de Software,6,Presencial,Manha,10.8,78.3,80.7,6.4,8,0,60,Sim
1000,Enfermagem,2,Presencial,Manha,9.3,72.1,68.8,4.8,13,40,15,Sim
2837,Administracao,5,Presencial,Manha,9.1,64.7,61.0,3.8,7,20,20,Sim
6350,Pedagogia,2,Presencial,Manha,9.1,81.7,62.5,5.6,1,0,60,Nao
7626,Administracao,6,Presencial,Manha,4.8,79.0,77.5,5.5,2,20,20,Sim
479,Pedagogia,5,Presencial,Noite,10.3,84.0,56.8,5.7,9,0,30,Sim
3110,Enfermagem,7,Presencial,Noite,6.4,86.8,19.9,8.2,12,0,60,Nao
2779,Administracao,8,Hibrida,Manha,12.5,88.7,94.6,4.6,11,30,60,Sim
3144,Administracao,2,EAD,Noite,7.5,77.0,67.7,6.5,5,0,0,Nao
1857,Pedagogia,8,Presencial,Manha,11.6,81.0,89.7,5.4,6,30,30,Nao
4838,Administracao,4,Presencial,Noite,11.9,88.1,69.2,4.6,8,0,30,Sim
6076,Enfermagem,3,EAD,Manha,7.4,70.4,86.9,4.2,6,0,0,Nao
7267,Pedagogia,8,Presencial,Noite,6.8,98.0,87.5,6.8,8,30,20,Sim
7698,Engenharia Civil,6,Hibrida,Manha,4.9,70.1,63.8,9.5,7,0,120,Nao
3178,Pedagogia,5,EAD,Noite,7.7,78.9,51.3,4.2,7,0,0,Nao
8108,Enfermagem,1,Presencial,Noite,12.8,65.7,87.7,7.2,6,44,90,Nao
7668,Enfermagem,3,Hibrida,Noite,10.5,76.7,86.7,7.3,8,0,120,Sim
6604,Engenharia Civil,3,Presencial,Manha,11.1,93.8,100,8.2,7,20,10,Sim
5417,Pedagogia,3,EAD,Noite,8.2,80.1,74.9,5.3,9,40,0,Sim
7126,Engenharia Civil,5,Presencial,Manha,6.4,97.3,79.2,5.9,8,0,10,Sim
1381,Engenharia Civil,8,Presencial,Noite,6.9,90.0,45.1,7.1,5,44,60,Sim
1722,Engenharia Civil,8,Presencial,Noite,11.1,100,79.9,6.5,7,0,30,Sim
675,Administracao,1,Presencial,Manha,0.6,65.6,60.2,3.6,7,40,30,Nao
1775,Administracao,1,Presencial,Noite,2.3,78.1,66.5,8.3,3,44,20,Nao
1884,Engenharia de Software,7,Hibrida,Manha,0.2,80.2,73.5,4.8,0,44,10,Nao
8784,Enfermagem,5,Presencial,Noite,5.2,79.6,77.8,7.4,9,20,90,Nao
8029,Pedagogia,8,Hibrida,Noite,2.3,71.3,63.4,7.8,6,20,90,Sim
3918,Pedagogia,1,Hibrida,Manha,,83.4,89.4,7.6,8,44,20,Nao
8974,Enfermagem,8,EAD,Noite,10.2,84.8,100,5.3,12,40,0,Nao
229,Engenharia de Software,6,Presencial,Manha,7.5,84.2,27.1,5.6,7,40,60,Nao
9612,Administracao,4,Presencial,Manha,7.4,84.2,62.4,6.4,2,44,20,Nao
15,Engenharia de Software,4,Presencial,Noite,5.8,89.3,71.0,5.1,6,44,15,Nao
8717,Administracao,1,Presencial,Manha,9.0,83.4,89.7,7.0,7,20,60,Sim
7127,Engenharia Civil,7,EAD,Manha,4.6,79.6,90.6,5.5,8,44,0,Sim
2162,Enfermagem,7,EAD,Noite,7.0,94.3,52.1,5.6,10,40,0,Nao
8492,Enfermagem,8,Presencial,Noite,8.8,55.8,59.6,7.4,8,44,120,Nao
7842,Enfermagem,1,Presencial,Noite,8.0,85.1,,10.0,4,40,60,Sim
5593,Enfermagem,4,Hibrida,Manha,2.5,83.8,52.5,5.4,0,0,90,Nao
620,Engenharia Civil,2,Presencial,Noite,,86.3,55.7,5.7,4,0,,Nao
2120,Administracao,2,Hibrida,Noite,6.1,80.4,57.1,7.6,2,30,120,Sim
7119,Pedagogia,3,Hibrida,Manha,6.5,75.3,76.2,7.6,8,0,10,Nao
3222,Enfermagem,4,EAD,Noite,8.9,63.8,100,5.1,9,30,0,Nao
5943,Engenharia Civil,4,Presencial,Noite,11.9,86.0,83.2,4.6,10,30,20,Nao
5685,Pedagogia,4,EAD,Manha,0.9,86.5,65.5,5.1,10,44,0,Nao
3654,Engenharia de Software,7,EAD,Noite,11.9,87.3,82.7,2.8,3,0,0,Sim
65,Engenharia Civil,7,EAD,Noite,3.9,95.8,62.7,3.2,8,20,0,Nao
2959,Enfermagem,4,Hibrida,Manha,8.1,78.5,79.9,5.9,4,44,90,Nao
7010,Administracao,2,Presencial,Noite,6.0,74.7,28.1,7.3,5,20,20,Nao
2136,Engenharia de Software,2,EAD,Manha,13.1,77.3,96.9,4.6,6,0,0,Sim
2453,Pedagogia,3,Presencial,Manha,6.6,80.7,76.7,4.6,2,40,15,Nao
4115,Pedagogia,6,Presencial,Noite,0.2,100,79.2,3.3,0,44,90,Sim
4506,Engenharia de Software,1,Hibrida,Noite,,65.5,77.5,4.2,8,20,15,Sim
9378,Administracao,3,Presencial,Noite,6.7,77.3,71.8,6.0,3,40,60,Nao
1467,Pedagogia,2,Presencial,Noite,8.4,95.0,94.1,4.8,3,20,60,Sim
4096,Pedagogia,8,Presencial,Noite,11.0,77.5,100,6.1,13,0,90,Nao
4319,Engenharia de Software,7,Presencial,Manha,11.6,92.8,100,10,7,40,15,Sim
4612,Pedagogia,4,Hibrida,Noite,8.4,77.4,99.1,4.4,7,40,15,Nao
1794,Engenharia Civil,1,Hibrida,Noite,3.8,82.9,100,6.3,1,0,120,Nao
9358,Engenharia Civil,3,Presencial,Manha,11.7,78.9,94.8,5.5,7,0,10,Sim
6010,Pedagogia,1,Hibrida,Manha,4.3,94.3,64.0,8.4,7,20,120,Sim
1575,Administracao,3,Presencial,Manha,6.9,91.0,86.6,5.0,2,44,10,Nao
3922,Administracao,7,Presencial,Manha,4.0,86.3,81.8,3.9,2,20,120,Nao
1599,Administracao,5,Presencial,Manha,2.3,90.5,63.7,5.0,2,30,120,Nao
6969,Engenharia Civil,1,Presencial,Manha,3.9,62.5,,5.1,0,0,10,Nao
7998,Pedagogia,8,Presencial,Manha,3.9,82.6,56.7,10,12,30,45,Nao
9390,Administracao,2,Presencial,Noite,6.5,92.5,64.0,7.3,5,30,15,Sim
7129,Pedagogia,8,Presencial,Noite,7.8,83.5,61.1,8.0,3,40,60,Sim
2208,Pedagogia,5,Presencial,Noite,2.2,77.5,77.8,8.2,10,40,15,Nao
2589,Engenharia de Software,7,EAD,Manha,0.2,89.0,50.1,8.1,1,44,0,Sim
3648,Enfermagem,8,Presencial,Manha,5.4,80.8,88.1,4.2,7,40,120,Nao
3838,Administracao,5,Presencial,Noite,0.5,63.7,40.4,3.9,5,44,60,Nao
8621,Engenharia Civil,8,Presencial,Manha,9.5,73.7,98.0,6.7,2,0,45,Sim
3239,Enfermagem,3,Presencial,Manha,8.8,72.7,57.8,3.0,5,0,60,Nao
8609,Engenharia Civil,7,Hibrida,Manha,1.8,85.9,71.0,9.3,5,0,20,Sim
954,Engenharia de Software,2,Hibrida,Manha,8.4,86.4,77.3,7.8,9,0,60,Sim
3691,Enfermagem,7,Presencial,Manha,5.3,80.7,59.8,6.0,6,44,90,Nao
856,Pedagogia,2,Presencial,Manha,6.1,100,69.7,7.5,6,40,20,Sim
3400,Engenharia de Software,6,Hibrida,Manha,8.9,85.6,70.0,4.9,2,40,30,Nao
9357,Enfermagem,7,Hibrida,Noite,2.5,87.3,41.7,7.8,0,0,15,Nao
3742,Engenharia Civil,3,Presencial,Noite,4.9,75.0,74.5,8.6,7,20,30,Sim
9127,Administracao,4,Presencial,Noite,12.0,67.9,93.2,7.1,,40,60,Nao
4750,Engenharia de Software,5,Presencial,Manha,3.8,86.8,85.0,6.2,5,44,15,Nao
6472,Engenharia Civil,1,Hibrida,Manha,0.2,57.7,94.2,8.7,4,44,20,Nao
8417,Enfermagem,7,Presencial,Manha,12.6,87.3,63.6,4.5,6,0,15,Sim
6380,Enfermagem,1,Presencial,Noite,5.4,60.2,81.1,7.9,9,30,30,Sim
7203,Administracao,6,Hibrida,Noite,5.9,86.8,86.9,7.4,5,40,30,Nao
9159,Enfermagem,1,Presencial,Noite,7.9,73.6,76.9,8.8,5,0,30,Sim
4914,Engenharia Civil,6,EAD,Manha,10.9,74.2,79.7,7.6,10,0,0,Sim
8631,Pedagogia,6,Presencial,Manha,7.2,68.9,59.8,6.4,8,40,30,Nao
4298,Administracao,5,Hibrida,Noite,4.5,82.4,77.7,5.7,6,0,15,Nao
9493,Engenharia de Software,2,Presencial,Noite,6.7,86.4,66.7,4.9,0,20,15,Nao
538,Pedagogia,6,Presencial,Noite,12.3,85.2,65.8,3.6,1,20,60,Nao
458,Engenharia Civil,6,Hibrida,Manha,9.3,80.8,94.7,4.2,5,30,60,Nao
7894,Engenharia de Software,3,EAD,Manha,9.1,92.7,64.3,4.8,8,30,0,Nao
7972,Administracao,4,Presencial,Manha,14.7,65.9,74.5,8.7,4,30,30,Nao
4776,Engenharia de Software,3,Hibrida,Noite,8.0,95.7,67.1,4.9,13,0,20,Nao
6177,Administracao,3,Presencial,Noite,2.1,80.7,47.6,5.1,0,40,90,Nao
7236,Engenharia Civil,7,Hibrida,Noite,9.9,91.1,59.5,6.0,14,0,90,Nao
9022,Administracao,6,Presencial,Noite,4.1,100,70.1,7.0,3,0,120,Sim
535,Engenharia Civil,8,Hibrida,Noite,7.7,88.3,90.6,4.9,3,40,20,Nao
1014,Engenharia de Software,6,Hibrida,Manha,7.9,55.3,79.8,3.2,13,0,90,Nao
4704,Administracao,5,Hibrida,Manha,2.0,76.6,67.3,4.8,8,0,20,Nao
11,Engenharia Civil,7,Presencial,Manha,8.4,79.6,100,2.9,12,20,120,Sim
8987,Pedagogia,5,Presencial,Manha,6.1,87.0,88.2,6.9,9,44,30,Sim
8649,Enfermagem,5,Hibrida,Manha,4.6,80.0,83.9,,4,20,60,Nao
9272,Pedagogia,8,Hibrida,Noite,7.4,89.8,79.0,6.9,9,0,45,Sim
4745,Administracao,1,Presencial,Manha,3.4,83.7,51.0,7.1,0,30,120,Nao
2941,Pedagogia,1,Presencial,Noite,9.0,89.9,99.7,1.6,9,44,90,Nao
9027,Enfermagem,8,Hibrida,Noite,6.1,78.1,75.7,7.2,1,44,45,Sim
8734,Enfermagem,2,Presencial,Manha,4.2,69.4,82.3,8.0,7,0,120,Sim
1460,Pedagogia,1,Presencial,Noite,12.3,78.0,69.1,5.0,5,0,45,Nao
2749,Enfermagem,5,Presencial,Manha,7.5,68.4,80.1,6.1,9,40,,Nao
28,Engenharia de Software,7,EAD,Noite,2.4,66.7,75.8,,4,40,0,Nao
1527,Enfermagem,6,Presencial,Noite,4.3,100,84.7,3.5,7,20,45,Nao
3366,Engenharia de Software,5,Hibrida,Noite,2.2,85.5,80.5,4.7,0,44,20,Nao
6766,Engenharia Civil,7,EAD,Manha,10.4,90.2,81.8,6.9,8,0,0,Nao
7825,Engenharia Civil,7,Presencial,Manha,9.4,76.0,71.3,3.2,6,0,120,Nao
9248,Engenharia Civil,6,Presencial,Manha,7.3,78.8,80.1,4.4,8,44,10,Nao
9645,Administracao,7,Presencial,Noite,9.7,91.9,98.4,4.1,14,44,120,Nao
7795,Enfermagem,6,Presencial,Manha,11.1,80.8,100,5.7,12,20,45,Sim
6433,Engenharia de Software,7,Hibrida,Manha,12.5,91.1,66.6,5.8,6,40,90,Nao
9883,Engenharia de Software,4,Hibrida,Manha,15.6,85.4,100,5.3,7,0,30,Sim
133,Administracao,7,Hibrida,Noite,5.1,67.7,47.8,6.0,3,44,20,Nao
9203,Administracao,3,Presencial,Noite,4.9,83.9,77.9,6.8,10,0,30,Sim
6597,Engenharia de Software,1,Hibrida,Manha,5.9,79.4,75.6,6.9,5,40,10,Nao
8595,Engenharia Civil,8,Presencial,Manha,5.5,66.3,82.7,6.8,10,40,45,Sim
820,Pedagogia,5,EAD,Noite,5.6,100,74.0,3.4,3,0,0,Nao
4973,Administracao,7,Presencial,Noite,0.2,96.2,61.2,7.8,5,20,10,Sim
6685,Engenharia de Software,6,EAD,Manha,7.2,69.5,74.3,7.5,8,20,0,Sim
880,Enfermagem,5,Presencial,Noite,0.2,83.2,70.0,8.0,4,44,45,Nao
7076,Enfermagem,8,Presencial,Noite,9.4,77.9,85.1,3.2,10,20,20,Nao
3296,Engenharia Civil,5,EAD,Manha,11.0,74.0,68.0,8.3,8,0,0,Nao
178,Engenharia Civil,5,EAD,Noite,5.2,97.6,73.6,6.1,0,20,0,Sim
8356,Administracao,1,Presencial,Noite,9.0,82.7,87.0,5.4,13,30,10,Nao
3346,Administracao,5,Hibrida,Noite,11.4,92.7,96.9,9.3,8,40,20,Sim
6876,Engenharia de Software,1,Presencial,Noite,6.9,92.5,45.7,6.5,10,30,15,Sim
796,Engenharia de Software,1,Presencial,Noite,1.8,60.6,97.8,6.5,0,20,15,Nao
9138,Pedagogia,7,EAD,Noite,9.4,88.4,100,3.9,5,40,0,Sim
7769,Enfermagem,1,Hibrida,Noite,14.1,63.2,100,6.6,6,30,120,Nao
6956,Engenharia Civil,7,Presencial,Manha,7.1,79.2,43.8,4.1,9,40,120,Nao
1913,Administracao,8,Hibrida,Noite,6.1,72.4,91.6,5.7,1,44,15,Nao
1741,Administracao,4,EAD,Noite,9.2,95.8,67.1,4.6,6,30,0,Sim
4117,Engenharia de Software,1,EAD,Noite,11.2,82.7,100,3.9,4,0,0,Sim
952,Pedagogia,8,Presencial,Manha,5.6,83.0,58.7,0.2,14,40,90,Nao
1622,Pedagogia,1,Presencial,Manha,10.4,79.5,67.7,6.5,13,40,15,Sim
6171,Administracao,6,Hibrida,Manha,8.1,87.2,70.0,4.2,9,0,30,Sim
4589,Enfermagem,6,Presencial,Noite,2.3,73.7,91.5,8.5,1,30,60,Sim
6413,Administracao,2,EAD,Noite,0.9,91.5,89.3,5.6,3,30,0,Sim
68,Enfermagem,7,Presencial,Noite,9.2,72.1,68.5,5.1,8,44,15,Nao
3076,Administracao,6,Presencial,Noite,5.5,81.4,87.8,5.2,7,44,20,Sim
6921,Administracao,2,EAD,Noite,7.2,87.6,95.5,4.9,11,44,0,Sim
3430,Pedagogia,6,Presencial,Manha,5.7,83.3,58.9,5.0,7,20,60,Nao
3257,Administracao,8,Hibrida,Manha,12.7,56.3,78.8,6.2,16,0,30,Nao
7659,Pedagogia,4,Presencial,Noite,0.6,69.6,48.6,2.9,0,44,90,Nao
1910,Engenharia Civil,6,EAD,Manha,10.9,65.0,74.0,6.4,9,0,0,Nao
6395,Engenharia Civil,7,Hibrida,Noite,6.3,100,79.6,3.8,9,40,45,Sim
1834,Engenharia de Software,3,Hibrida,Noite,6.0,86.9,,5.4,5,0,15,Nao
3334,Enfermagem,3,Hibrida,Manha,3.4,84.9,,5.7,0,0,10,Nao
2199,Engenharia de Software,2,Presencial,Noite,6.3,86.7,89.8,2.5,4,40,20,Sim
9655,Administracao,4,Presencial,Manha,4.7,89.9,59.9,5.2,0,20,60,Nao
4636,Pedagogia,3,Hibrida,Manha,1.4,86.2,87.8,4.9,5,0,20,Nao
3771,Enfermagem,5,Presencial,Noite,6.8,86.3,58.1,5.0,12,0,10,Nao
4240,Administracao,1,Presencial,Noite,14.1,66.2,82.3,4.7,11,0,120,Nao
7338,Engenharia de Software,5,Hibrida,Noite,,94.9,,8.5,6,0,120,Nao
5305,Administracao,4,Presencial,Manha,3.1,87.3,44.5,5.8,0,40,60,Nao
7031,Administracao,2,Presencial,Manha,7.4,64.9,65.6,8.7,3,0,30,Sim
8051,Enfermagem,3,Presencial,Manha,0.2,84.8,53.0,5.9,1,44,45,Nao
8128,Enfermagem,3,Presencial,Manha,1.7,88.6,51.8,5.5,1,44,60,Nao
1583,Engenharia Civil,6,Hibrida,Manha,4.8,67.7,50.0,8.5,7,40,45,Nao
3166,Administracao,3,EAD,Noite,13.9,84.3,56.3,4.7,10,44,0,Nao
5910,Engenharia Civil,6,Presencial,Noite,11.8,77.5,55.4,7.8,7,0,90,Sim
6429,Pedagogia,2,Hibrida,Manha,8.4,85.3,72.1,8.1,13,40,20,Sim
3368,Engenharia de Software,3,Presencial,Manha,3.5,82.7,81.5,6.5,2,44,20,Nao
3619,Pedagogia,1,Presencial,Manha,12.2,100,70.4,1.7,12,0,120,Sim
2464,Administracao,1,Presencial,Noite,5.4,100,44.1,7.0,6,30,30,Sim
9204,Pedagogia,1,Hibrida,Manha,8.8,80.7,89.2,7.0,9,20,15,Nao
7196,Engenharia Civil,3,Presencial,Manha,7.3,85.3,64.4,6.4,12,0,60,Sim
5465,Administracao,7,Presencial,Manha,8.6,79.1,78.1,5.2,7,0,120,Nao
7739,Engenharia Civil,3,Presencial,Manha,3.2,76.7,54.7,8.5,2,44,10,Nao
1101,Pedagogia,7,Presencial,Manha,8.9,71.9,100,3.3,7,44,45,Sim
8294,Enfermagem,1,EAD,Noite,4.7,86.8,68.6,4.6,5,44,0,Nao
285,Engenharia de Software,4,Presencial,Manha,15.9,74.7,94.1,9.6,12,0,30,Sim
6499,Pedagogia,5,Presencial,Noite,6.5,92.3,92.0,7.1,7,20,20,Nao
4724,Engenharia de Software,4,Presencial,Noite,7.0,81.1,69.0,5.8,4,30,120,Nao
5449,Engenharia de Software,6,Presencial,Manha,0.2,72.5,37.5,3.4,0,40,10,Nao
7185,Engenharia de Software,2,Presencial,Noite,5.6,98.6,52.9,7.0,10,0,120,Sim
1905,Administracao,5,Hibrida,Noite,10.7,91.3,100,5.8,10,40,120,Nao
1577,Engenharia Civil,5,Presencial,Noite,8.9,98.0,73.0,5.5,6,30,120,Sim
1623,Engenharia de Software,2,Hibrida,Noite,8.3,83.7,82.5,3.4,5,0,10,Nao
8301,Pedagogia,4,EAD,Manha,,88.2,74.2,7.0,8,40,0,Nao
2326,Engenharia de Software,1,Hibrida,Manha,4.6,79.1,64.1,4.9,4,44,10,Nao
9318,Engenharia Civil,7,Hibrida,Noite,7.7,74.3,99.6,1.8,7,30,10,Nao
6038,Engenharia Civil,2,Hibrida,Noite,5.5,76.8,66.5,6.2,10,44,20,Nao
8177,Pedagogia,4,Presencial,Noite,5.4,97.5,92.1,7.5,3,20,15,Sim
7441,Engenharia Civil,4,EAD,Manha,0.2,79.7,65.9,5.8,0,40,0,Nao
6954,Enfermagem,2,Presencial,Manha,6.8,99.0,33.3,4.2,7,44,10,Nao
5519,Pedagogia,7,Hibrida,Manha,3.3,87.4,,7.2,2,40,10,Sim
6670,Administracao,6,Presencial,Noite,5.7,89.8,90.0,5.7,10,30,90,Sim
5745,Administracao,3,Presencial,Manha,1.5,75.2,49.1,4.8,2,40,90,Nao
3054,Administracao,5,Hibrida,Manha,3.4,88.9,72.0,6.7,7,20,60,Nao
5835,Pedagogia,4,EAD,Manha,9.9,85.7,90.5,5.8,12,0,0,Sim
4137,Enfermagem,8,EAD,Noite,1.3,83.1,92.3,6.8,5,44,0,Nao
6275,Engenharia de Software,4,Presencial,Noite,9.4,91.1,100,4.2,3,40,120,Sim
1229,Administracao,5,Presencial,Manha,7.9,82.1,80.8,6.0,10,20,20,Sim
2299,Engenharia de Software,3,Presencial,Noite,8.5,74.8,68.0,6.4,0,40,90,Nao
149,Engenharia Civil,7,Hibrida,Noite,6.6,73.7,83.7,4.8,6,0,30,Nao
8231,Administracao,1,Presencial,Manha,7.8,77.7,56.9,7.9,11,0,45,Sim
2418,Pedagogia,7,Presencial,Manha,3.1,70.7,84.8,3.4,6,30,90,Nao
5001,Pedagogia,2,Presencial,Noite,2.8,91.0,89.8,6.3,5,30,15,Sim
9041,Administracao,2,Presencial,Noite,8.2,83.6,85.7,7.4,7,44,20,Nao
1375,Engenharia de Software,2,Presencial,Noite,8.9,80.6,82.4,9.9,12,30,20,Sim
8759,Engenharia Civil,5,Presencial,Noite,16.4,78.9,100,4.4,10,20,30,Nao
3563,Pedagogia,1,EAD,Manha,7.1,87.3,58.7,7.8,4,0,0,Nao
6958,Engenharia de Software,4,Presencial,Manha,2.9,69.1,95.3,6.2,2,40,120,Sim
2607,Engenharia de Software,7,Hibrida,Manha,0.2,80.2,65.7,4.1,0,44,,Nao
9609,Enfermagem,7,Hibrida,Manha,8.1,81.4,69.7,6.4,4,30,20,Sim
4207,Administracao,1,Presencial,Manha,4.7,77.1,100,6.0,14,40,90,Nao
1002,Engenharia de Software,6,Presencial,Manha,5.3,70.3,86.2,,4,40,120,Sim
274,Enfermagem,3,Presencial,Manha,8.7,94.0,81.6,8.5,5,40,10,Sim
1817,Enfermagem,1,Presencial,Noite,10.0,61.5,86.8,5.6,5,20,20,Nao
3781,Enfermagem,8,Presencial,Manha,4.6,79.7,60.9,5.3,1,0,60,Nao
1604,Engenharia de Software,5,Hibrida,Manha,7.3,80.8,82.3,8.1,2,0,30,Sim
3136,Engenharia de Software,4,Presencial,Manha,3.8,81.3,65.9,3.7,1,40,30,Nao
5626,Administracao,8,Presencial,Noite,0.2,61.8,47.4,8.8,0,20,15,Nao
8860,Administracao,1,Presencial,Manha,6.1,81.7,60.5,5.5,8,0,30,Nao
6212,Engenharia Civil,1,Presencial,Manha,6.5,76.1,96.0,5.7,6,20,20,Sim
8113,Engenharia de Software,6,EAD,Manha,3.2,84.4,96.7,10,8,0,0,Sim
3995,Pedagogia,7,Hibrida,Noite,8.6,84.7,43.5,5.4,5,20,15,Nao
7454,Engenharia de Software,6,EAD,Noite,,59.1,76.4,5.1,4,40,0,Nao
3570,Engenharia de Software,1,Presencial,Manha,5.7,97.6,80.6,4.5,5,40,10,Nao
3751,Enfermagem,7,Hibrida,Manha,4.4,94.2,43.6,5.3,4,20,90,Sim
7986,Enfermagem,3,Hibrida,Noite,4.9,89.3,69.5,4.3,2,40,120,Nao
4491,Pedagogia,7,Hibrida,Manha,9.4,86.9,100,6.0,2,20,120,Nao
714,Enfermagem,8,Presencial,Noite,10.8,74.9,88.5,6.4,10,30,15,Nao
6357,Enfermagem,7,Hibrida,Manha,11.0,82.8,93.5,4.7,10,30,30,Nao
8026,Engenharia de Software,7,Hibrida,Manha,4.9,71.5,88.3,4.4,8,30,15,Nao
2078,Enfermagem,5,Presencial,Noite,12.4,94.7,100,5.9,9,20,30,Sim
9582,Engenharia Civil,6,Hibrida,Manha,3.2,73.1,68.7,4.0,6,0,60,Nao
1116,Administracao,3,Presencial,Manha,8.0,76.6,64.7,7.7,4,0,15,Nao
3373,Engenharia Civil,4,EAD,Noite,3.5,81.8,46.6,5.6,2,44,0,Nao
7073,Pedagogia,7,Presencial,Manha,,86.8,71.6,5.3,8,40,30,Nao
7230,Enfermagem,6,Presencial,Noite,0.2,80.9,76.8,,0,44,10,Nao
2858,Engenharia de Software,5,Hibrida,Noite,5.7,85.0,57.1,3.8,8,30,15,Nao
9888,Enfermagem,2,Hibrida,Manha,7.9,94.3,81.2,7.7,4,20,60,Sim
863,Engenharia Civil,5,Hibrida,Noite,0.5,100,99.6,5.2,2,20,20,Nao
6805,Engenharia de Software,7,Hibrida,Manha,7.9,100,87.3,5.1,7,20,15,Sim
6259,Enfermagem,2,Presencial,Manha,7.2,70.9,90.1,8.2,5,20,10,Nao
2347,Administracao,3,EAD,Manha,6.2,86.9,66.6,8.1,7,30,0,Sim
2659,Engenharia Civil,7,EAD,Noite,13.2,73.7,100,4.7,12,0,0,Sim
7891,Engenharia de Software,7,Presencial,Manha,7.1,78.8,69.2,6.6,6,0,120,Sim
3675,Engenharia de Software,3,Hibrida,Noite,1.5,85.9,74.7,5.5,2,20,45,Nao
7881,Pedagogia,5,Presencial,Noite,,63.3,100,6.3,4,20,120,Nao
2450,Pedagogia,4,Presencial,Manha,9.3,86.1,74.9,2.3,10,0,45,Nao
1402,Administracao,2,Hibrida,Manha,5.8,76.9,56.2,5.1,4,30,15,Sim
6631,Engenharia Civil,2,Hibrida,Manha,3.4,82.9,66.2,4.9,4,30,90,Nao
5339,Enfermagem,5,Hibrida,Noite,1.8,85.7,59.6,4.2,0,40,10,Nao
438,Pedagogia,6,Presencial,Manha,4.6,75.6,72.6,6.7,7,40,60,Nao
822,Administracao,3,Hibrida,Manha,10.3,70.8,56.0,5.5,9,44,15,Nao
6487,Engenharia Civil,5,Presencial,Manha,,79.1,73.5,9.1,3,20,120,Sim
6292,Engenharia Civil,4,Presencial,Noite,11.0,100,77.0,2.4,6,0,,Sim
9684,Enfermagem,4,Presencial,Manha,5.7,84.4,82.0,6.6,6,0,60,Nao
8440,Engenharia Civil,1,Hibrida,Noite,8.1,81.4,80.9,,3,20,20,Sim
2553,Pedagogia,1,Hibrida,Noite,7.5,88.9,62.2,8.5,2,30,15,Sim
8715,Enfermagem,7,Hibrida,Noite,12.5,85.9,86.9,4.8,11,0,20,Sim
7357,Pedagogia,3,Presencial,Manha,11.4,83.3,86.2,5.5,11,0,60,Sim
6207,Pedagogia,5,Presencial,Noite,3.6,80.1,63.2,10,4,30,60,Nao
4754,Engenharia Civil,3,EAD,Noite,8.8,69.4,,6.3,9,40,0,Sim
6841,Enfermagem,3,EAD,Noite,3.8,67.3,61.2,7.7,4,20,0,Nao
883,Administracao,3,Hibrida,Noite,7.5,89.9,86.8,6.6,8,0,10,Nao
4936,Enfermagem,4,Presencial,Noite,4.7,70.8,95.9,4.4,6,44,30,Nao
3488,Administracao,5,Presencial,Noite,5.7,70.0,92.1,9.3,6,40,30,Sim
3551,Engenharia de Software,4,Hibrida,Noite,6.5,83.4,72.3,6.9,6,44,90,Sim
9100,Pedagogia,8,EAD,Manha,2.6,81.6,73.9,7.2,7,30,0,Nao
5791,Enfermagem,3,EAD,Noite,9.0,81.8,82.9,7.4,10,20,0,Nao
6903,Engenharia de Software,6,Presencial,Manha,1.1,61.3,100,3.4,3,44,15,Nao
5371,Enfermagem,5,Presencial,Noite,8.1,76.9,98.3,5.7,5,20,120,Nao
7876,Engenharia de Software,1,Hibrida,Noite,5.6,81.2,62.3,7.9,11,30,10,Nao
2501,Engenharia Civil,1,Presencial,Manha,13.0,87.1,97.2,6.1,10,40,10,Sim
9515,Engenharia Civil,8,Presencial,Manha,7.1,82.6,48.7,7.0,8,0,120,Nao
86,Enfermagem,8,Presencial,Noite,7.7,74.6,62.6,6.4,2,44,45,Nao
524,Enfermagem,8,Hibrida,Noite,4.5,93.2,28.1,4.7,3,20,10,Nao
7602,Engenharia Civil,2,Presencial,Manha,12.9,78.7,100,6.0,12,0,45,Sim
1728,Engenharia de Software,1,Presencial,Noite,11.3,66.6,81.2,4.5,10,0,120,Nao
6554,Enfermagem,5,Presencial,Noite,10.2,68.2,83.0,5.0,2,30,120,Sim
7398,Pedagogia,4,Presencial,Manha,8.5,76.0,75.2,5.7,6,20,10,Nao
5276,Engenharia de Software,4,Presencial,Noite,2.8,85.5,59.5,4.7,7,40,90,Nao
7468,Enfermagem,2,Presencial,Manha,3.7,84.0,86.9,5.3,3,0,45,Nao
2859,Engenharia Civil,1,Presencial,Manha,9.3,88.7,42.9,4.0,7,20,20,Sim
390,Enfermagem,1,Presencial,Noite,9.1,77.0,100,5.5,9,0,15,Nao
1010,Administracao,3,Hibrida,Manha,8.0,75.3,82.7,6.2,3,44,45,Nao
8292,Administracao,5,Presencial,Manha,4.5,100,57.5,4.3,3,30,30,Sim
4552,Pedagogia,7,Presencial,Noite,7.6,80.7,58.4,6.1,8,0,10,Nao
6266,Enfermagem,4,EAD,Noite,3.8,84.6,71.2,5.3,0,20,0,Sim
2951,Engenharia Civil,6,Presencial,Noite,1.8,81.6,54.7,10,2,0,120,Sim
62,Enfermagem,2,Presencial,Manha,0.2,63.6,33.2,6.1,1,44,30,Nao
8066,Engenharia de Software,7,Presencial,Noite,10.4,67.5,74.9,9.0,4,0,20,Nao
6733,Engenharia de Software,6,Hibrida,Manha,0.2,79.5,82.8,7.3,3,40,15,Nao
8030,Pedagogia,6,Presencial,Manha,6.5,79.6,,6.4,4,20,90,Nao
9677,Pedagogia,8,Presencial,Manha,,83.8,75.5,6.0,8,20,15,Nao
3188,Engenharia de Software,2,Hibrida,Manha,6.7,94.5,60.3,6.7,10,20,20,Nao
6391,Administracao,2,EAD,Manha,11.6,81.8,83.9,3.5,8,30,,Sim
513,Administracao,4,EAD,Manha,1.3,96.1,81.2,7.2,0,44,0,Sim
5146,Engenharia de Software,6,EAD,Noite,9.2,86.2,56.5,6.9,9,0,0,Nao
5631,Engenharia Civil,8,EAD,Manha,2.5,88.3,90.2,9.6,7,0,0,Sim
5358,Administracao,2,Hibrida,Manha,6.4,75.1,92.5,10,1,0,120,Sim
4409,Engenharia Civil,8,EAD,Noite,7.4,72.9,100,4.9,,44,0,Sim
2150,Engenharia Civil,6,Presencial,Noite,6.7,58.2,53.5,5.0,7,20,45,Sim
110,Administracao,6,Presencial,Manha,4.2,92.9,39.6,5.3,7,20,90,Sim
4675,Administracao,2,Presencial,Noite,9.2,68.5,93.2,5.3,11,30,15,Sim
7677,Engenharia de Software,8,Presencial,Noite,11.5,89.0,79.6,6.7,6,44,30,Sim
5176,Pedagogia,2,Presencial,Noite,4.5,79.2,93.6,6.0,0,44,10,Nao
2538,Administracao,4,Presencial,Noite,11.8,84.1,70.7,10,11,30,30,Sim
430,Enfermagem,5,Presencial,Noite,2.9,71.7,51.2,8.9,2,30,45,Nao
823,Engenharia Civil,5,EAD,Noite,13.9,83.5,92.6,4.5,11,0,0,Sim
6276,Engenharia de Software,2,EAD,Noite,3.4,88.1,92.0,5.2,0,0,0,Nao
4081,Engenharia Civil,7,Presencial,Manha,7.9,81.3,100,7.8,11,0,20,Sim
9885,Engenharia de Software,2,Presencial,Noite,7.6,92.1,83.1,8.1,4,44,20,Sim
2363,Administracao,2,Hibrida,Manha,0.3,75.7,55.4,6.3,4,44,20,Nao
2946,Pedagogia,7,Hibrida,Manha,13.3,79.6,68.9,4.8,9,0,20,Nao
3740,Engenharia de Software,2,Hibrida,Noite,3.4,95.5,29.2,8.4,2,40,30,Nao
2981,Engenharia Civil,8,Presencial,Manha,5.7,89.6,88.9,5.5,11,44,30,Sim
444,Engenharia de Software,2,Hibrida,Manha,3.9,85.5,57.7,6.7,9,0,10,Sim
7513,Administracao,7,Presencial,Noite,11.9,87.9,,9.1,11,0,120,Sim
2877,Enfermagem,1,Hibrida,Noite,4.3,66.0,80.9,8.4,2,44,60,Nao
5591,Engenharia de Software,6,Presencial,Noite,8.0,80.5,74.8,5.8,12,30,10,Sim
3805,Administracao,4,EAD,Noite,3.2,91.3,71.0,9.7,0,0,0,Sim
1799,Pedagogia,1,EAD,Manha,3.5,59.2,68.4,5.2,8,0,0,Nao
7745,Administracao,8,Presencial,Noite,2.8,80.3,93.6,4.2,5,0,20,Nao
2782,Engenharia de Software,8,Hibrida,Noite,6.5,64.9,45.8,6.0,6,30,90,Nao
7565,Engenharia de Software,4,Presencial,Noite,8.8,77.2,88.3,7.3,3,0,120,Nao
3013,Enfermagem,7,Presencial,Manha,6.1,77.6,84.8,6.9,7,0,60,Sim
3624,Administracao,7,Hibrida,Manha,7.8,100,81.5,6.8,5,40,15,Nao
8612,Engenharia de Software,2,Hibrida,Manha,5.0,83.5,92.0,5.8,0,40,15,Nao
2411,Engenharia de Software,8,EAD,Manha,11.1,86.5,85.6,5.0,6,0,0,Nao
5500,Engenharia Civil,1,EAD,Noite,9.8,81.6,89.6,7.8,9,44,0,Nao
7833,Engenharia de Software,1,Presencial,Noite,3.4,100,81.4,8.3,1,44,,Sim
2797,Enfermagem,6,Hibrida,Manha,5.4,85.2,71.5,2.6,5,40,,Sim
4214,Pedagogia,7,EAD,Noite,5.8,87.7,64.0,5.8,7,0,0,Sim
8699,Pedagogia,6,Hibrida,Manha,11.6,88.7,71.8,5.7,6,0,10,Nao
4343,Engenharia Civil,5,Presencial,Manha,7.3,71.7,64.9,6.6,8,0,30,Nao
1559,Pedagogia,3,Presencial,Manha,8.5,90.6,83.9,6.0,9,20,10,Sim
7384,Enfermagem,6,Presencial,Noite,8.6,90.5,65.8,5.8,6,0,30,Sim
9651,Administracao,4,Presencial,Noite,4.7,81.6,61.8,5.0,6,30,45,Nao
1007,Engenharia de Software,3,Hibrida,Noite,8.2,90.0,76.0,10,4,20,15,Sim
9374,Administracao,6,Hibrida,Noite,4.6,88.9,60.6,7.0,5,44,10,Sim
367,Engenharia Civil,4,Presencial,Noite,9.7,96.2,100,3.1,2,40,,Sim
7345,Pedagogia,3,Hibrida,Manha,16.1,82.2,82.2,5.5,14,0,20,Sim
8079,Engenharia Civil,1,Presencial,Noite,6.4,70.0,53.8,6.4,5,0,10,Nao
5855,Engenharia de Software,6,EAD,Manha,6.4,94.5,71.9,5.6,6,20,0,Sim
766,Engenharia de Software,7,Hibrida,Noite,4.6,96.4,88.7,6.1,5,0,90,Sim
8100,Engenharia de Software,1,Presencial,Manha,11.1,79.3,50.8,6.0,11,30,60,Sim
1133,Administracao,4,Hibrida,Manha,0.2,81.0,45.2,3.8,7,44,60,Nao
2009,Engenharia Civil,1,Hibrida,Manha,8.0,96.5,66.9,9.1,3,20,30,Nao
7312,Engenharia de Software,1,Presencial,Manha,5.0,68.1,53.4,5.4,10,0,10,Nao
4509,Administracao,3,Presencial,Noite,9.8,87.7,51.6,6.4,8,0,90,Nao
3896,Engenharia de Software,8,Presencial,Noite,5.1,94.0,68.1,6.1,9,44,20,Nao
6174,Engenharia de Software,6,Presencial,Noite,8.0,89.3,89.3,4.6,7,40,15,Sim
3271,Engenharia de Software,3,Presencial,Noite,8.7,85.5,85.6,5.2,10,44,20,Sim
331,Administracao,7,EAD,Noite,4.2,73.2,88.4,6.2,7,20,0,Nao
4272,Pedagogia,6,EAD,Manha,7.0,89.8,86.2,5.8,8,20,0,Sim
9843,Engenharia de Software,8,Presencial,Manha,4.1,73.4,76.7,7.2,5,44,45,Sim
3412,Administracao,3,EAD,Manha,9.7,76.0,100,3.6,6,0,0,Nao
5364,Enfermagem,2,Presencial,Manha,2.9,92.1,76.5,6.8,3,0,20,Sim
5434,Administracao,6,EAD,Manha,10.9,70.2,86.1,5.1,6,40,0,Nao
6884,Pedagogia,4,EAD,Noite,2.7,79.2,65.7,7.8,0,30,0,Sim
2364,Administracao,2,Presencial,Manha,7.8,84.4,76.8,6.1,9,30,90,Sim
9736,Engenharia Civil,3,Hibrida,Noite,2.9,74.3,60.6,5.5,7,44,45,Sim
2049,Administracao,8,EAD,Manha,11.2,73.4,95.6,7.4,12,20,0,Sim
2724,Administracao,2,Presencial,Noite,7.2,87.9,100,3.0,9,20,120,Sim
9167,Pedagogia,8,Presencial,Noite,4.4,85.1,89.0,3.6,4,40,15,Sim
4507,Administracao,8,Presencial,Manha,4.2,97.2,38.0,6.1,1,44,20,Sim
7968,Enfermagem,1,Presencial,Manha,7.7,97.8,78.8,6.5,8,30,30,Sim
9659,Enfermagem,3,Presencial,Manha,5.0,87.1,68.6,7.4,1,0,20,Sim
949,Pedagogia,3,Presencial,Manha,7.4,90.1,91.4,10,10,40,120,Sim
1471,Engenharia Civil,6,EAD,Noite,9.7,91.5,100,6.6,14,20,,Sim
345,Pedagogia,6,Hibrida,Manha,11.3,83.5,69.8,5.3,11,40,90,Sim
4939,Pedagogia,6,Hibrida,Noite,6.0,68.5,61.2,6.9,10,44,30,Nao
878,Administracao,5,Hibrida,Noite,0.9,95.2,42.0,8.9,1,20,60,Sim
42,Engenharia de Software,7,Hibrida,Noite,5.5,73.2,63.2,4.0,3,20,10,Nao
6515,Administracao,8,Hibrida,Manha,8.3,66.0,47.3,6.3,5,0,120,Nao
7583,Engenharia Civil,6,Presencial,Noite,5.5,99.1,72.8,6.6,4,0,60,Nao
1924,Engenharia de Software,8,EAD,Noite,,95.1,65.4,6.4,3,30,0,Nao
9874,Administracao,4,Hibrida,Noite,1.0,62.7,60.4,4.8,4,44,90,Nao
1838,Pedagogia,8,Presencial,Noite,3.2,98.7,74.0,7.5,6,44,90,Sim
9087,Engenharia Civil,6,Hibrida,Noite,9.0,75.5,100,6.9,7,0,90,Nao
1419,Engenharia Civil,3,Hibrida,Manha,15.5,86.6,79.8,3.8,8,0,10,Nao
4622,Engenharia de Software,3,Presencial,Noite,7.7,85.3,55.3,7.5,8,20,60,Nao
8041,Engenharia Civil,7,Presencial,Manha,2.8,90.5,63.5,2.9,5,20,90,Nao
9700,Engenharia de Software,5,Presencial,Manha,0.2,91.0,79.7,1.1,0,44,60,Nao
7477,Pedagogia,6,Presencial,Noite,10.0,97.7,84.8,6.2,9,0,90,Sim
6244,Pedagogia,8,Presencial,Manha,3.0,67.7,42.4,4.4,6,40,120,Nao
8777,Engenharia Civil,7,Presencial,Manha,5.1,69.2,82.3,,3,40,15,Sim
6026,Administracao,2,Presencial,Noite,7.8,96.0,63.4,6.0,3,40,45,Sim
858,Engenharia Civil,5,EAD,Noite,0.2,85.4,65.8,10,6,44,0,Nao
9693,Administracao,4,Presencial,Noite,0.2,100,55.8,4.2,2,30,20,Nao
1861,Engenharia de Software,4,Presencial,Manha,10.5,72.9,67.7,4.5,4,44,20,Nao
8709,Administracao,1,Presencial,Noite,5.3,79.1,59.5,7.3,5,20,15,Nao
8933,Administracao,3,Presencial,Manha,11.9,92.2,68.2,6.0,11,30,45,Sim
4352,Enfermagem,3,Presencial,Noite,8.6,88.6,75.4,5.5,4,40,15,Nao
4502,Pedagogia,2,Presencial,Manha,4.6,97.9,54.6,5.6,8,40,20,Nao
2636,Enfermagem,2,Hibrida,Noite,5.8,79.1,60.0,9.2,7,20,20,Sim
2817,Engenharia Civil,2,Presencial,Noite,6.4,98.6,71.5,5.0,4,44,60,Sim
1586,Enfermagem,2,Hibrida,Noite,5.5,67.5,65.7,8.2,2,20,45,Nao
6557,Administracao,6,Presencial,Noite,5.2,69.9,86.3,4.8,4,40,20,Nao
6249,Engenharia de Software,6,Presencial,Manha,9.8,83.4,94.7,9.1,9,30,60,Sim
8437,Engenharia Civil,3,Presencial,Manha,8.3,92.1,60.5,10,9,20,45,Nao
4198,Engenharia Civil,6,Presencial,Noite,8.4,94.9,90.7,7.3,8,0,30,Sim
966,Engenharia de Software,2,Hibrida,Manha,7.8,82.4,99.2,2.5,9,20,10,Sim
9767,Engenharia Civil,6,Presencial,Noite,4.1,75.5,76.7,6.3,6,30,60,Sim
7917,Administracao,1,Presencial,Manha,4.6,93.0,55.8,5.7,3,40,120,Nao
5706,Engenharia Civil,3,Presencial,Noite,5.8,53.0,85.6,5.0,1,44,20,Nao
5031,Engenharia de Software,7,Hibrida,Manha,6.5,83.1,77.1,5.3,3,44,20,Nao
5192,Engenharia de Software,4,Presencial,Manha,12.0,78.8,57.5,7.1,10,20,15,Sim
9624,Pedagogia,8,Presencial,Manha,8.7,78.1,87.7,7.3,7,0,120,Nao
253,Pedagogia,8,Hibrida,Manha,7.4,97.0,45.9,,5,20,45,Nao
9627,Engenharia de Software,6,EAD,Noite,10.0,90.5,99.9,7.1,12,0,0,Sim
6303,Enfermagem,8,Presencial,Manha,7.2,76.4,74.7,9.3,8,20,45,Sim
9067,Enfermagem,6,EAD,Manha,3.2,77.5,73.9,4.7,7,40,0,Nao
8562,Enfermagem,4,Presencial,Manha,18.8,81.2,100,2.9,13,44,90,Sim
7764,Pedagogia,2,Presencial,Noite,8.1,97.6,72.6,7.1,8,0,90,Sim
3197,Engenharia Civil,3,Presencial,Manha,5.2,93.3,73.4,8.4,5,40,30,Sim
5657,Engenharia de Software,7,Hibrida,Noite,3.1,83.7,42.7,7.9,4,0,15,Nao
6234,Engenharia Civil,2,Hibrida,Manha,5.8,69.7,100,4.9,1,40,20,Nao
2699,Enfermagem,8,Presencial,Manha,14.6,74.9,93.9,6.3,10,0,90,Sim
3375,Engenharia de Software,3,EAD,Noite,10.7,91.8,88.6,5.2,2,20,0,Sim
6278,Pedagogia,8,Hibrida,Noite,9.2,71.3,65.1,5.1,11,0,15,Nao
1589,Engenharia Civil,1,Hibrida,Manha,8.3,85.9,60.0,5.7,3,0,45,Sim
5725,Engenharia de Software,4,Presencial,Manha,10.4,80.9,59.3,7.9,10,30,90,Nao
5280,Engenharia Civil,3,Presencial,Noite,8.5,94.0,81.7,4.4,10,30,30,Sim
2376,Administracao,5,Hibrida,Manha,8.0,72.7,79.7,8.7,3,30,20,Nao
4169,Enfermagem,2,Presencial,Manha,0.2,90.6,59.4,5.3,3,20,10,Nao
116,Enfermagem,7,Presencial,Manha,5.5,88.0,86.6,5.6,3,40,20,Sim
1679,Engenharia Civil,8,Presencial,Noite,0.3,84.8,71.3,8.5,0,40,90,Nao
2200,Pedagogia,1,Hibrida,Noite,13.3,78.7,77.7,7.2,6,20,60,Sim
6684,Engenharia Civil,6,EAD,Noite,2.8,80.3,75.9,3.1,5,0,0,Nao
5986,Administracao,1,Presencial,Noite,,95.7,91.4,5.2,10,0,10,Sim
6167,Engenharia Civil,7,Presencial,Noite,4.9,83.7,54.0,7.2,4,20,45,Nao
4817,Engenharia Civil,3,Presencial,Noite,9.9,92.2,60.6,6.0,11,0,15,Sim
8927,Enfermagem,4,Hibrida,Noite,7.3,86.7,100,7.4,4,0,120,Nao
7592,Pedagogia,6,Presencial,Manha,11.6,96.0,87.2,7.9,10,44,10,Sim
1257,Engenharia Civil,4,Presencial,Noite,9.8,80.5,100,4.4,5,20,15,Sim
8273,Engenharia Civil,6,Presencial,Manha,10.4,88.8,61.2,4.6,8,30,30,Sim
5590,Pedagogia,8,Presencial,Noite,4.6,62.1,55.4,8.9,2,20,45,Nao
5578,Enfermagem,1,Presencial,Noite,2.6,86.8,28.0,4.9,5,40,10,Nao
167,Engenharia Civil,8,Presencial,Manha,4.8,94.0,35.0,5.9,3,30,10,Nao
4189,Pedagogia,7,Hibrida,Manha,7.3,78.9,94.5,7.6,5,0,15,Sim
1923,Engenharia de Software,2,Hibrida,Manha,10.1,96.1,85.7,5.8,6,40,15,Nao
6478,Enfermagem,8,Hibrida,Manha,6.2,71.1,80.7,6.8,7,44,120,Sim
4821,Enfermagem,2,Presencial,Manha,6.2,90.6,82.3,7.0,3,40,10,Sim
7946,Engenharia Civil,7,Presencial,Manha,3.1,79.1,92.2,5.6,4,30,45,Nao
730,Administracao,5,Presencial,Manha,5.4,85.9,74.6,4.2,1,0,15,Nao
9040,Engenharia de Software,8,Presencial,Noite,2.4,81.2,30.4,9.3,6,30,15,Nao
2723,Pedagogia,5,Hibrida,Manha,8.7,69.1,62.9,6.6,1,30,20,Sim
2904,Engenharia de Software,4,Hibrida,Manha,,82.8,100,6.6,7,20,10,Sim
4907,Administracao,3,Presencial,Manha,4.1,77.7,80.3,8.4,,44,45,Sim
3957,Pedagogia,7,Hibrida,Noite,3.4,53.8,,6.2,7,44,45,Nao
4063,Engenharia Civil,4,Presencial,Noite,7.8,61.5,59.0,9.1,3,0,120,Nao
6796,Engenharia Civil,6,Hibrida,Manha,3.4,95.8,68.9,2.7,1,44,20,Nao
913,Administracao,7,Presencial,Manha,8.3,75.7,91.5,6.8,8,30,20,Sim
1370,Pedagogia,2,Presencial,Noite,7.0,89.9,100,6.4,5,30,10,Nao
1802,Administracao,6,Hibrida,Noite,8.2,80.5,100,5.5,16,40,20,Sim
4677,Pedagogia,6,EAD,Noite,8.2,83.1,38.2,6.9,3,0,0,Nao
2304,Pedagogia,1,Presencial,Noite,2.1,93.7,49.3,6.4,1,40,120,Nao
7916,Enfermagem,5,Presencial,Noite,9.2,62.8,79.7,6.0,8,0,90,Nao
9827,Administracao,7,Presencial,Manha,4.9,77.8,73.8,6.6,10,20,15,Sim
9429,Pedagogia,5,Presencial,Manha,7.0,99.2,79.9,2.7,8,0,15,Sim
9478,Engenharia de Software,8,Presencial,Manha,12.1,73.8,100,5.8,11,0,60,Nao
7865,Administracao,5,Presencial,Manha,7.3,85.5,76.4,7.6,3,0,60,Sim
7470,Administracao,4,Presencial,Manha,13.9,96.0,74.0,6.3,9,30,60,Sim
3024,Pedagogia,5,Hibrida,Noite,11.1,83.4,97.7,8.6,6,44,10,Sim
162,Enfermagem,5,Hibrida,Noite,4.5,55.5,,6.1,1,40,10,Nao
6567,Engenharia de Software,8,Hibrida,Noite,7.6,88.1,100,5.5,11,44,45,Nao
7892,Pedagogia,4,Presencial,Manha,8.8,100,72.8,10,4,0,90,Sim
4410,Enfermagem,8,Hibrida,Noite,7.9,71.1,86.0,7.6,8,30,30,Nao
9733,Enfermagem,8,Presencial,Noite,6.1,100,75.6,5.8,11,0,60,Sim
6658,Pedagogia,8,Presencial,Noite,2.6,87.8,63.6,6.2,5,20,15,Sim
5265,Pedagogia,1,Presencial,Manha,7.5,80.4,45.7,5.5,10,44,120,Sim
4041,Enfermagem,1,Presencial,Manha,10.5,80.5,100,6.5,10,0,30,Sim
6208,Engenharia Civil,4,Presencial,Noite,1.4,67.9,50.0,4.3,2,44,90,Nao
9352,Pedagogia,8,Presencial,Manha,13.5,97.5,70.7,5.8,6,0,60,Sim
1811,Enfermagem,7,Presencial,Noite,9.5,84.6,70.5,5.0,7,0,20,Sim
8206,Engenharia Civil,7,Hibrida,Manha,7.6,98.8,94.2,7.2,8,0,30,Sim
9503,Engenharia Civil,6,Hibrida,Noite,4.2,75.1,74.2,10,6,0,90,Sim
6702,Engenharia de Software,6,Presencial,Noite,7.4,88.1,93.6,8.9,7,40,30,Sim
3792,Engenharia de Software,3,Hibrida,Manha,6.4,81.8,100,5.8,2,40,15,Sim
2077,Administracao,1,Presencial,Manha,3.6,82.4,74.4,4.1,7,20,20,Nao
7926,Pedagogia,2,Presencial,Manha,8.4,76.0,78.9,5.8,,30,20,Nao
9381,Engenharia Civil,6,Presencial,Manha,8.2,93.5,62.7,5.7,9,30,10,Sim
6238,Engenharia Civil,2,Presencial,Noite,3.8,82.7,39.6,8.3,6,44,90,Nao
3143,Enfermagem,7,Presencial,Manha,7.7,99.5,83.6,5.8,4,0,45,Sim
9458,Administracao,6,EAD,Manha,5.6,78.5,98.1,7.3,4,40,0,Nao
9205,Engenharia de Software,4,EAD,Manha,,70.2,71.9,7.4,7,30,0,Sim
3523,Engenharia de Software,4,Presencial,Noite,5.0,78.6,47.8,8.6,7,0,15,Sim
2323,Engenharia Civil,3,Presencial,Manha,4.6,95.0,59.4,3.8,4,0,10,Nao
2906,Engenharia de Software,4,Presencial,Manha,0.2,65.9,84.3,3.7,3,44,90,Nao
1123,Pedagogia,5,Hibrida,Manha,16.4,94.8,82.0,7.6,11,30,60,Nao
6019,Enfermagem,4,Presencial,Noite,9.3,91.6,57.9,8.2,12,0,60,Sim
7695,Administracao,1,Hibrida,Manha,10.3,90.0,74.6,6.5,3,20,60,Nao
842,Engenharia Civil,7,EAD,Manha,4.7,80.8,75.5,5.6,7,44,0,Nao
6085,Pedagogia,2,Presencial,Manha,2.0,97.0,51.5,8.1,5,20,30,Sim
4568,Administracao,3,Hibrida,Noite,8.0,86.4,56.0,,7,20,45,Nao
3409,Engenharia Civil,5,EAD,Manha,3.3,66.6,71.5,10,5,44,0,Nao
3049,Administracao,7,Presencial,Manha,1.7,84.9,56.6,5.9,0,20,10,Sim
3003,Pedagogia,4,EAD,Manha,5.6,92.2,86.4,5.0,1,0,0,Sim
4219,Administracao,2,EAD,Manha,11.9,83.9,88.5,5.8,4,0,0,Sim
2716,Administracao,8,Presencial,Manha,7.8,69.8,82.8,4.1,6,44,30,Nao
3439,Engenharia de Software,1,Presencial,Manha,6.9,86.6,99.9,4.7,9,44,15,Nao
2525,Engenharia Civil,2,Presencial,Manha,,85.2,84.4,5.3,5,40,20,Sim
4977,Enfermagem,2,Presencial,Manha,0.2,68.8,58.0,5.9,1,40,45,Nao
9021,Engenharia de Software,2,Hibrida,Manha,13.5,91.7,,6.7,7,20,60,Sim
7295,Enfermagem,1,EAD,Noite,12.8,79.7,89.8,4.9,,0,0,Sim
6586,Enfermagem,5,Presencial,Noite,4.6,82.1,84.0,4.7,4,30,120,Nao
1867,Administracao,1,Presencial,Noite,11.0,68.3,95.8,7.6,10,30,10,Sim
5758,Enfermagem,5,Presencial,Manha,9.8,100,100,7.6,8,44,60,Sim
7462,Enfermagem,7,Presencial,Manha,8.9,70.0,80.6,7.0,8,44,90,Nao
5035,Administracao,7,EAD,Manha,5.7,65.4,83.6,6.1,9,20,0,Nao
2021,Pedagogia,5,Presencial,Noite,12.0,100,80.4,6.0,5,0,10,Sim
7855,Engenharia de Software,8,Hibrida,Noite,1.9,100,37.5,3.9,6,40,45,Nao
2091,Engenharia Civil,7,Presencial,Manha,13.7,78.7,100,3.4,7,0,60,Nao
4720,Engenharia de Software,7,Presencial,Manha,5.2,86.2,71.0,6.9,7,44,10,Sim
8758,Enfermagem,6,Hibrida,Manha,11.4,88.9,83.2,6.4,8,20,120,Sim
3165,Enfermagem,6,Hibrida,Manha,5.1,89.6,54.3,4.0,3,0,15,Nao
5993,Enfermagem,2,Presencial,Noite,5.4,93.6,69.2,4.3,7,20,60,Nao
3649,Engenharia de Software,3,EAD,Noite,4.9,100,62.3,3.6,4,0,0,Nao
595,Pedagogia,5,Presencial,Noite,1.5,89.0,75.2,6.5,2,0,60,Sim
6302,Engenharia de Software,7,Hibrida,Noite,6.9,87.6,79.4,5.9,4,0,90,Sim
5865,Administracao,2,Hibrida,Manha,,88.9,76.0,4.8,3,0,15,Sim
534,Administracao,1,Presencial,Manha,11.9,77.6,91.7,8.6,7,0,20,Nao
4049,Pedagogia,5,EAD,Noite,3.7,100,60.6,5.5,6,20,0,Sim
6770,Pedagogia,7,Hibrida,Noite,9.5,85.6,79.1,9.2,5,0,20,Sim
8765,Enfermagem,5,EAD,Noite,1.5,93.8,66.2,5.6,6,20,0,Nao
583,Administracao,5,Presencial,Manha,0.2,71.3,38.9,7.2,5,44,10,Nao
8500,Pedagogia,4,Presencial,Noite,6.3,94.4,52.4,4.0,4,30,45,Sim
5671,Pedagogia,2,EAD,Noite,1.0,95.7,73.6,6.9,3,20,0,Sim
7420,Enfermagem,3,Presencial,Manha,7.9,85.8,51.9,5.4,6,20,120,Nao
1451,Engenharia de Software,1,Presencial,Noite,10.1,65.1,96.1,3.8,8,30,45,Sim
5746,Pedagogia,1,Hibrida,Noite,,95.2,100,6.2,6,40,15,Nao
2839,Enfermagem,4,Hibrida,Manha,1.9,100,79.0,5.6,5,30,60,Nao
3580,Pedagogia,1,Hibrida,Noite,5.9,76.4,,9.1,9,30,45,Sim
9884,Enfermagem,5,Presencial,Noite,10.2,79.8,,8.2,7,20,20,Sim
3245,Engenharia de Software,4,Hibrida,Noite,4.1,80.8,48.3,5.7,5,30,15,Nao
6986,Engenharia de Software,4,Hibrida,Manha,4.1,78.4,70.4,8.0,2,0,30,Nao
9116,Enfermagem,3,Presencial,Manha,5.5,90.5,57.5,2.4,6,0,120,Nao
7630,Pedagogia,8,Hibrida,Noite,5.9,84.8,90.7,7.6,8,40,60,Sim
9136,Engenharia Civil,6,Presencial,Noite,11.4,76.8,97.1,,8,30,120,Sim
2534,Engenharia Civil,8,Hibrida,Manha,3.5,91.0,71.8,7.2,0,30,120,Sim
2012,Administracao,5,Presencial,Noite,3.6,70.6,91.9,3.7,3,44,15,Nao
4888,Engenharia Civil,5,Hibrida,Noite,11.4,78.8,63.3,10,9,0,20,Sim
4044,Enfermagem,5,EAD,Manha,11.3,83.5,79.2,,12,0,0,Nao
4342,Engenharia de Software,7,EAD,Manha,4.5,83.1,80.4,6.1,3,0,0,Nao
1356,Engenharia Civil,4,EAD,Manha,6.6,63.3,57.6,5.4,3,44,0,Nao
5582,Administracao,5,Presencial,Manha,5.6,88.5,65.8,5.4,4,0,15,Nao
3353,Engenharia Civil,3,Hibrida,Noite,7.8,72.5,72.4,8.5,8,30,10,Sim
7562,Administracao,6,EAD,Manha,6.3,73.7,70.9,4.3,9,20,0,Sim
2485,Engenharia Civil,2,Presencial,Noite,7.5,92.3,79.1,7.1,4,0,30,Nao
6484,Pedagogia,6,Presencial,Noite,10.2,60.9,69.4,6.8,13,0,30,Nao
305,Enfermagem,7,EAD,Manha,8.7,93.9,100,6.6,10,0,0,Sim
9332,Engenharia de Software,1,Hibrida,Manha,5.2,80.0,49.6,5.0,5,44,60,Nao
1071,Enfermagem,3,Hibrida,Noite,9.1,85.0,52.9,6.1,6,30,30,Nao
2412,Enfermagem,2,Hibrida,Noite,4.3,72.1,57.3,8.2,6,44,60,Nao
8160,Enfermagem,7,Presencial,Manha,5.0,79.4,39.8,6.1,3,20,45,Sim
7869,Pedagogia,6,Presencial,Noite,2.1,97.7,76.3,5.0,3,0,20,Nao
4503,Enfermagem,3,Hibrida,Noite,3.5,71.6,80.8,6.0,2,0,30,Nao
8288,Administracao,8,Presencial,Manha,5.2,81.3,76.1,5.3,6,30,30,Nao
8613,Pedagogia,2,Hibrida,Noite,3.3,79.2,67.3,7.6,6,0,10,Nao
5940,Engenharia de Software,2,Presencial,Manha,5.3,80.6,65.3,9.8,3,0,45,Sim
1712,Administracao,5,EAD,Manha,4.0,78.1,73.1,5.3,6,40,0,Sim
9215,Engenharia Civil,8,EAD,Noite,6.4,93.5,70.2,4.4,3,30,0,Nao
8461,Pedagogia,3,Presencial,Manha,6.3,77.2,70.4,5.7,8,0,45,Sim
3174,Enfermagem,8,Presencial,Noite,5.7,91.6,85.7,6.0,4,20,60,Nao
8924,Administracao,3,Presencial,Manha,9.3,88.4,93.6,8.2,6,20,30,Sim
3489,Engenharia Civil,2,Presencial,Manha,2.5,77.2,57.2,7.2,2,20,15,Nao
3281,Administracao,1,EAD,Manha,4.8,70.2,86.6,5.3,4,44,0,Nao
1084,Enfermagem,6,Hibrida,Noite,9.4,97.6,94.0,5.0,8,44,90,Nao
3768,Pedagogia,3,Hibrida,Noite,8.1,99.4,79.4,6.5,2,20,120,Nao
1659,Engenharia de Software,2,Presencial,Noite,7.5,84.8,91.9,8.0,9,44,60,Sim
723,Pedagogia,6,Presencial,Manha,3.9,99.9,53.4,7.6,5,0,60,Sim
6578,Engenharia de Software,6,EAD,Manha,9.2,97.1,94.6,5.4,4,0,0,Sim
7144,Pedagogia,4,Presencial,Manha,9.0,84.7,86.3,3.1,10,44,120,Nao
1700,Engenharia de Software,5,Presencial,Noite,0.2,82.2,81.1,3.6,5,0,15,Nao
7716,Pedagogia,5,Presencial,Manha,0.2,70.1,54.9,7.1,8,44,60,Nao
5681,Administracao,8,Presencial,Noite,6.9,78.6,72.3,9.0,5,40,120,Sim
2344,Enfermagem,7,Presencial,Manha,,82.8,83.5,3.7,8,0,45,Nao
3682,Administracao,5,Presencial,Manha,13.7,73.2,77.7,9.0,13,0,15,Sim
8862,Engenharia Civil,4,EAD,Manha,5.2,88.2,91.3,4.7,6,40,0,Nao
1546,Pedagogia,5,Hibrida,Noite,7.6,71.0,56.8,7.4,8,20,20,Nao
7501,Engenharia Civil,5,Presencial,Noite,8.2,82.2,85.1,7.5,2,30,60,Nao
2734,Administracao,1,Presencial,Noite,1.5,84.4,84.7,7.5,6,0,90,Sim
398,Enfermagem,1,Hibrida,Manha,6.7,67.3,71.7,5.0,5,0,10,Sim
1083,Pedagogia,4,Presencial,Noite,8.1,72.7,99.2,6.1,0,40,45,Nao
3828,Administracao,7,EAD,Noite,10.7,76.1,77.5,4.9,10,30,0,Nao
5235,Administracao,8,Presencial,Noite,6.1,74.9,95.8,5.6,3,20,10,Nao
9462,Enfermagem,4,Presencial,Manha,11.4,69.4,100,5.6,9,0,15,Sim
6683,Administracao,6,Presencial,Manha,,88.2,73.2,4.6,11,20,120,Sim
7919,Engenharia de Software,6,Hibrida,Noite,9.4,73.8,72.4,7.6,7,0,10,Sim
6582,Engenharia Civil,2,Presencial,Noite,13.0,81.8,59.0,6.1,14,0,30,Sim
1453,Pedagogia,2,Presencial,Noite,5.6,85.5,67.4,6.1,11,0,45,Sim
3822,Engenharia de Software,6,Presencial,Noite,,70.3,73.0,8.1,8,40,45,Sim
2475,Engenharia de Software,8,EAD,Manha,6.8,100,75.0,5.6,3,40,0,Nao
8250,Engenharia de Software,4,Presencial,Noite,5.8,72.6,66.8,10,10,0,120,Sim
3689,Enfermagem,8,EAD,Noite,7.4,78.2,80.3,7.9,2,30,0,Nao
9853,Engenharia de Software,3,Presencial,Manha,6.3,100,55.0,9.5,2,0,30,Nao
9286,Pedagogia,1,Hibrida,Manha,8.9,76.5,79.0,4.8,10,44,10,Sim
8035,Pedagogia,6,Presencial,Manha,11.8,100,68.8,4.2,10,0,120,Nao
1676,Engenharia de Software,8,Presencial,Noite,7.7,79.4,71.0,6.6,4,20,45,Nao
6471,Engenharia Civil,5,Presencial,Manha,7.2,63.4,75.0,6.1,8,40,120,Sim
8298,Engenharia Civil,2,Presencial,Noite,7.5,100,86.4,4.4,,44,10,Nao
7509,Enfermagem,4,EAD,Noite,7.6,92.6,,8.1,7,20,0,Nao
9824,Administracao,1,EAD,Manha,11.0,82.7,67.7,,9,0,0,Nao
691,Administracao,6,Hibrida,Noite,2.0,75.5,70.8,5.6,11,30,60,Nao
8284,Engenharia Civil,2,Hibrida,Noite,8.8,91.1,84.3,6.6,3,44,,Sim
9322,Administracao,1,Presencial,Manha,10.3,61.1,90.8,4.1,7,0,120,Sim
9717,Pedagogia,1,Presencial,Noite,10.2,70.6,100,6.6,,40,45,Nao
2672,Enfermagem,1,Hibrida,Noite,3.1,72.0,67.1,6.7,5,40,20,Nao
9201,Administracao,2,Hibrida,Noite,6.8,80.1,77.4,4.1,9,0,45,Nao
4025,Administracao,8,Hibrida,Manha,8.8,100,50.0,5.0,3,0,,Sim
676,Pedagogia,3,Presencial,Manha,2.1,82.7,92.4,7.2,2,40,60,Nao
1564,Engenharia de Software,8,Presencial,Manha,3.7,62.7,51.8,8.0,,20,45,Nao
1935,Engenharia Civil,8,Presencial,Noite,8.9,88.6,90.4,5.7,9,30,30,Sim
5212,Pedagogia,4,Hibrida,Manha,5.7,75.5,50.3,6.9,3,30,45,Nao
9615,Administracao,1,EAD,Noite,5.2,66.7,59.1,5.9,4,44,0,Nao
1881,Engenharia de Software,2,Presencial,Noite,10.6,72.3,94.0,4.8,5,30,,Sim
6042,Engenharia de Software,2,Presencial,Manha,13.2,87.2,97.6,6.8,12,0,90,Sim
2490,Enfermagem,4,Hibrida,Manha,5.2,88.7,91.5,5.8,4,20,60,Nao
5821,Engenharia de Software,2,Hibrida,Manha,5.5,77.5,91.5,6.0,7,20,20,Nao
3815,Administracao,8,Hibrida,Noite,4.5,90.2,53.0,9.4,4,0,45,Sim
6071,Administracao,1,EAD,Manha,5.4,86.1,62.9,6.0,6,30,0,Nao
3978,Engenharia de Software,6,Presencial,Noite,8.5,72.2,48.5,2.7,14,0,90,Nao
9433,Engenharia Civil,5,Presencial,Noite,5.4,70.4,73.0,5.9,6,40,45,Nao
2596,Administracao,5,Hibrida,Manha,9.1,93.9,73.2,9.9,10,44,60,Sim
7619,Engenharia Civil,7,Presencial,Manha,3.5,73.1,45.9,4.6,5,30,15,Nao
2181,Engenharia Civil,1,Presencial,Noite,14.1,98.2,88.0,2.8,12,20,20,Sim
3547,Engenharia de Software,1,Presencial,Manha,9.9,91.3,68.4,5.5,9,30,30,Nao
6392,Enfermagem,8,Presencial,Manha,6.5,83.6,59.2,6.0,7,44,90,Nao
4315,Engenharia de Software,7,Presencial,Manha,4.8,98.1,85.6,8.9,7,20,15,Sim
8464,Engenharia de Software,4,Presencial,Noite,5.3,90.4,61.4,7.6,11,20,20,Sim
7544,Administracao,3,EAD,Noite,7.3,91.4,92.7,6.4,5,20,0,Sim
2484,Enfermagem,4,Hibrida,Manha,10.6,83.7,61.4,8.2,12,0,90,Sim
464,Engenharia de Software,7,Hibrida,Noite,6.0,71.6,89.5,8.9,6,0,45,Sim
7109,Administracao,5,Presencial,Noite,1.7,88.7,83.8,4.7,2,40,10,Nao
1108,Enfermagem,3,Presencial,Noite,8.5,84.2,69.5,8.5,4,0,20,Nao
1199,Pedagogia,5,Presencial,Noite,5.8,95.7,28.5,6.3,9,0,10,Sim
5628,Administracao,2,EAD,Manha,7.3,91.0,86.5,5.6,2,44,0,Nao
1242,Enfermagem,1,EAD,Noite,5.1,89.6,77.9,1.6,3,30,0,Nao
1286,Engenharia de Software,5,Hibrida,Manha,12.7,87.7,92.0,7.1,5,0,30,Sim
4211,Administracao,3,Hibrida,Manha,9.7,92.4,70.8,7.3,12,0,30,Sim
2881,Administracao,7,Hibrida,Noite,2.9,77.5,56.9,7.7,6,30,30,Nao
4861,Engenharia Civil,1,Presencial,Noite,10.2,89.9,73.9,6.7,5,30,45,Sim
4587,Administracao,3,Presencial,Noite,4.2,88.5,48.0,1.9,5,40,30,Nao
6580,Enfermagem,6,Hibrida,Noite,8.9,77.7,63.7,8.6,14,0,60,Nao
2863,Engenharia Civil,2,Presencial,Noite,9.3,86.3,,3.1,6,0,120,Nao
2108,Engenharia de Software,5,Hibrida,Manha,9.1,77.5,94.7,8.0,10,30,10,Nao
2374,Enfermagem,5,Hibrida,Manha,10.4,81.3,73.9,6.1,8,0,120,Sim
94,Engenharia de Software,2,Presencial,Noite,2.0,77.8,88.6,5.7,3,44,10,Nao
8796,Engenharia Civil,3,Presencial,Noite,7.7,86.5,92.7,3.7,1,20,20,Sim
5266,Engenharia de Software,3,Presencial,Manha,6.5,74.6,92.6,4.5,7,0,45,Nao
7011,Engenharia de Software,6,EAD,Noite,2.7,81.7,76.0,5.5,6,30,,Nao
9742,Enfermagem,1,Presencial,Manha,3.6,78.0,75.6,5.1,6,0,30,Nao
4402,Administracao,3,EAD,Manha,13.6,97.3,94.6,,11,20,0,Sim
8012,Enfermagem,6,Presencial,Manha,8.7,75.7,75.8,4.7,8,0,120,Nao
2468,Administracao,8,Presencial,Noite,5.5,78.5,81.1,6.5,4,20,10,Nao
9267,Engenharia de Software,7,Presencial,Noite,4.0,100,61.8,6.5,6,44,15,Nao
5771,Engenharia Civil,8,Presencial,Manha,1.0,77.9,99.7,10,4,30,45,Sim
5408,Pedagogia,4,Presencial,Noite,7.9,85.1,53.6,6.7,7,30,20,Nao
5888,Engenharia Civil,1,Hibrida,Noite,3.9,91.3,73.0,3.7,6,30,15,Sim
4933,Engenharia Civil,4,Hibrida,Noite,0.2,76.1,73.7,9.4,1,44,90,Nao
2684,Administracao,8,EAD,Noite,4.5,80.7,,2.8,9,0,0,Nao
7046,Enfermagem,2,Hibrida,Manha,6.5,94.1,68.1,1.7,7,20,90,Nao
5611,Administracao,6,EAD,Noite,11.3,80.9,82.5,,10,20,0,Sim
6789,Engenharia de Software,3,Presencial,Manha,9.7,80.7,97.2,4.8,5,0,90,Nao
2253,Pedagogia,6,Presencial,Manha,5.3,61.2,89.9,9.1,1,20,,Sim
5100,Pedagogia,8,Hibrida,Manha,8.3,84.7,87.5,2.5,11,30,30,Nao
7755,Engenharia de Software,2,Presencial,Noite,8.4,87.2,71.5,4.7,11,40,20,Nao
680,Administracao,8,Presencial,Manha,5.4,83.0,67.2,4.7,4,30,30,Sim
1903,Engenharia Civil,6,Presencial,Noite,6.0,73.3,85.0,8.2,11,44,90,Nao
7447,Administracao,2,Hibrida,Noite,7.7,100,84.7,6.4,5,0,90,Nao
5329,Pedagogia,8,Hibrida,Manha,8.6,77.2,51.1,7.8,7,40,20,Sim
8114,Pedagogia,7,Presencial,Noite,14.4,99.4,97.2,6.7,13,0,90,Sim
2308,Enfermagem,6,Presencial,Noite,10.7,72.5,70.3,4.5,10,20,60,Sim
8838,Pedagogia,6,Presencial,Noite,1.1,82.8,32.8,5.3,0,44,10,Nao
4741,Engenharia de Software,4,Presencial,Noite,11.3,76.8,69.0,9.4,5,20,90,Sim
3853,Administracao,2,Presencial,Noite,6.7,79.1,83.7,7.0,5,0,90,Nao
1590,Enfermagem,8,Presencial,Manha,3.8,87.3,61.3,5.6,5,40,60,Nao
3846,Engenharia de Software,3,Presencial,Noite,0.2,88.0,34.5,7.1,0,0,60,Nao
2789,Engenharia Civil,5,Hibrida,Noite,4.6,75.9,,5.0,2,44,30,Nao
3908,Engenharia Civil,4,Hibrida,Noite,6.1,89.7,62.1,8.9,5,0,60,Nao
3587,Engenharia Civil,2,Presencial,Noite,8.8,71.3,67.2,4.7,5,20,10,Nao
1272,Administracao,8,Presencial,Manha,8.3,77.6,81.8,4.6,12,30,15,Sim
1641,Engenharia de Software,6,Presencial,Manha,8.5,83.8,84.7,5.6,10,40,120,Nao
3199,Engenharia de Software,5,Presencial,Manha,5.0,83.5,85.2,5.8,5,20,15,Sim
3189,Engenharia de Software,5,Hibrida,Noite,4.1,77.8,88.0,9.0,3,30,10,Sim
1486,Enfermagem,8,Presencial,Manha,8.3,61.9,100,4.9,0,44,120,Sim
3242,Engenharia Civil,5,Hibrida,Noite,9.7,100,63.8,9.0,5,40,10,Nao
7373,Enfermagem,3,Hibrida,Manha,4.3,79.3,79.1,5.2,1,40,60,Nao
4320,Pedagogia,7,Presencial,Noite,3.7,86.7,47.2,6.7,6,44,30,Nao
9664,Pedagogia,3,Hibrida,Noite,5.7,86.3,85.6,6.4,4,40,20,Sim
1795,Engenharia Civil,4,Presencial,Noite,7.7,94.8,53.3,3.7,4,0,90,Nao
2656,Pedagogia,7,Hibrida,Manha,6.5,67.2,72.8,4.9,6,0,60,Nao
1729,Engenharia Civil,4,Presencial,Manha,4.7,91.3,100,7.3,1,0,60,Nao
52,Engenharia Civil,3,Hibrida,Noite,7.2,81.5,51.7,4.9,7,40,20,Nao
7871,Engenharia de Software,2,Presencial,Manha,7.6,90.3,96.3,8.1,2,0,20,Sim
2131,Engenharia Civil,7,Presencial,Noite,4.5,89.7,57.4,7.8,6,0,30,Nao
9533,Pedagogia,8,Hibrida,Manha,11.8,74.6,79.1,5.7,10,20,45,Nao
9727,Administracao,8,Presencial,Manha,4.4,88.3,78.3,3.9,6,30,45,Sim
95,Engenharia de Software,6,EAD,Manha,6.7,79.9,56.3,,11,44,0,Nao
2968,Administracao,6,Presencial,Manha,11.5,80.4,80.0,5.5,8,0,120,Sim
9456,Administracao,2,Presencial,Manha,1.4,91.4,83.5,9.0,3,30,120,Nao
2387,Pedagogia,2,Hibrida,Manha,6.5,48.0,92.2,3.3,0,30,45,Nao
2677,Enfermagem,6,EAD,Noite,0.8,91.6,86.1,7.6,2,0,0,Sim
2615,Engenharia Civil,1,Hibrida,Noite,4.4,69.4,53.7,5.7,2,0,120,Nao
1850,Administracao,6,Hibrida,Manha,6.2,85.1,77.8,3.8,2,0,10,Sim
83,Pedagogia,7,Presencial,Noite,7.3,87.3,56.2,6.7,15,30,10,Sim
8574,Enfermagem,8,Presencial,Noite,5.2,80.6,91.0,,5,40,90,Sim
4709,Engenharia Civil,5,Hibrida,Noite,11.7,100,84.3,4.4,6,0,45,Nao
5585,Engenharia Civil,6,Hibrida,Manha,7.6,72.4,65.5,7.4,3,40,10,Sim
6928,Administracao,1,Hibrida,Noite,1.3,95.8,66.8,6.4,0,20,15,Nao
1999,Pedagogia,1,Presencial,Noite,5.1,84.1,97.1,6.6,6,0,10,Sim
3098,Engenharia Civil,4,Hibrida,Noite,3.1,80.4,58.3,7.1,6,30,15,Sim
7622,Engenharia de Software,2,Hibrida,Noite,6.6,93.9,74.0,4.6,,40,30,Nao
2401,Engenharia Civil,7,Hibrida,Manha,4.1,92.1,67.3,6.9,4,20,15,Nao
9097,Engenharia de Software,7,EAD,Manha,5.0,99.2,49.7,1.1,4,0,0,Nao
6827,Engenharia de Software,7,EAD,Noite,7.8,100,,9.1,10,40,0,Nao
3714,Pedagogia,6,Presencial,Noite,9.9,80.5,100,8.1,6,44,60,Sim
2098,Engenharia de Software,8,Presencial,Manha,,91.5,97.0,7.3,6,40,10,Sim
5512,Engenharia de Software,3,Presencial,Manha,0.4,79.8,61.2,5.2,3,40,15,Nao
8874,Pedagogia,1,Presencial,Noite,7.8,96.6,73.2,8.7,2,30,30,Sim
4733,Enfermagem,4,Hibrida,Noite,5.3,71.6,,8.1,8,40,90,Nao
1315,Administracao,7,Presencial,Noite,5.1,85.9,68.3,7.3,9,44,45,Sim
119,Engenharia de Software,3,Presencial,Noite,10.2,97.0,67.5,5.4,8,0,15,Sim
2627,Administracao,6,Hibrida,Noite,8.4,93.9,67.3,6.4,4,30,60,Nao
7696,Pedagogia,3,Hibrida,Noite,9.6,84.5,78.0,8.0,11,0,45,Sim
7515,Pedagogia,3,Hibrida,Noite,8.1,84.7,78.5,7.9,6,20,20,Nao
4158,Pedagogia,1,EAD,Manha,1.9,69.9,70.3,6.6,1,44,0,Nao
4324,Administracao,4,Presencial,Manha,10.7,78.3,100,5.5,10,0,90,Nao
9246,Pedagogia,3,Hibrida,Noite,13.4,92.1,66.3,10,7,0,60,Sim
7945,Engenharia Civil,6,Hibrida,Manha,6.8,63.2,69.2,5.8,4,44,120,Nao
1819,Administracao,4,EAD,Noite,7.8,63.7,92.1,6.8,10,0,0,Sim
9813,Engenharia Civil,4,Presencial,Manha,6.2,59.6,76.1,5.9,3,20,120,Nao
330,Pedagogia,5,Presencial,Manha,0.2,89.8,48.8,6.7,,44,45,Nao
7553,Enfermagem,8,EAD,Noite,6.2,70.3,72.5,6.1,4,0,0,Nao
6627,Engenharia de Software,3,Presencial,Manha,9.0,79.8,84.6,3.4,9,0,20,Sim
7909,Engenharia Civil,4,Hibrida,Noite,17.9,55.9,98.4,8.1,8,0,10,Sim
6462,Administracao,4,Presencial,Noite,10.2,80.7,100,10,13,0,20,Sim
1876,Enfermagem,1,Presencial,Manha,6.7,72.4,84.9,6.2,5,20,20,Nao
1074,Pedagogia,2,EAD,Manha,2.5,88.1,99.6,3.0,6,20,0,Sim
1267,Pedagogia,7,Presencial,Noite,6.7,94.7,75.7,5.2,8,0,45,Nao
7259,Enfermagem,2,Hibrida,Manha,8.0,61.7,78.7,4.6,5,30,15,Nao
5750,Pedagogia,2,Hibrida,Noite,12.8,83.4,75.8,4.1,11,30,120,Sim
2544,Administracao,3,Presencial,Manha,8.0,87.5,83.4,6.8,3,40,90,Sim
2461,Enfermagem,8,Presencial,Manha,14.5,87.6,78.1,8.3,6,0,20,Sim
9366,Engenharia de Software,6,Hibrida,Noite,8.9,86.6,100,7.9,5,20,15,Nao
1089,Engenharia de Software,7,Hibrida,Noite,,88.7,82.2,7.1,12,20,10,Sim
7063,Engenharia de Software,8,Presencial,Noite,1.7,94.0,71.7,5.8,2,20,10,Nao
2480,Pedagogia,8,Hibrida,Manha,7.7,96.4,48.4,5.0,7,0,45,Sim
5415,Engenharia Civil,5,Hibrida,Manha,0.2,81.4,89.2,9.3,0,30,30,Sim
4553,Administracao,5,Presencial,Noite,5.6,76.7,89.3,5.6,9,44,30,Nao
840,Pedagogia,7,Presencial,Noite,9.8,97.0,80.5,2.6,5,44,60,Nao
2591,Engenharia de Software,1,Presencial,Noite,4.7,98.6,50.6,3.4,0,20,15,Nao
9805,Administracao,4,Hibrida,Manha,5.5,84.9,84.8,7.7,7,20,30,Nao
3843,Pedagogia,4,Presencial,Manha,5.4,88.5,53.5,7.5,4,30,45,Sim
2488,Enfermagem,4,Hibrida,Noite,8.6,51.5,58.4,3.4,9,44,30,Nao
5301,Engenharia de Software,8,Presencial,Manha,8.6,92.8,86.6,7.4,4,0,10,Nao
8851,Engenharia de Software,8,Hibrida,Manha,7.6,85.0,76.0,5.5,5,44,,Sim
1189,Pedagogia,2,EAD,Noite,2.1,90.9,72.6,5.6,3,44,0,Nao
8906,Enfermagem,7,Presencial,Manha,0.2,98.3,62.5,6.2,2,44,15,Nao
8887,Enfermagem,3,Presencial,Manha,16.4,87.7,100,6.0,12,20,90,Sim
8456,Enfermagem,8,EAD,Manha,6.4,87.3,57.2,5.4,5,20,0,Nao
4062,Pedagogia,4,Hibrida,Noite,0.2,83.9,94.7,7.0,4,20,45,Sim
3319,Engenharia de Software,4,Presencial,Noite,2.7,94.5,71.6,4.7,2,40,120,Nao
1671,Administracao,3,Presencial,Manha,5.3,82.0,93.7,8.2,2,44,10,Nao
7546,Engenharia de Software,7,Presencial,Manha,2.9,98.1,83.1,10.0,2,40,30,Sim
8497,Engenharia de Software,8,Hibrida,Noite,4.8,100,62.0,6.4,8,20,20,Nao
5197,Engenharia Civil,8,Hibrida,Noite,3.2,81.0,53.2,6.6,1,0,90,Nao
1897,Administracao,5,Hibrida,Manha,2.8,85.6,77.1,7.0,5,20,30,Nao
6894,Engenharia Civil,2,Presencial,Noite,1.5,99.7,49.4,7.2,,0,60,Nao
3779,Administracao,1,Hibrida,Manha,10.5,86.0,96.6,6.7,5,30,90,Nao
5844,Engenharia Civil,8,Presencial,Manha,0.2,88.9,61.0,5.1,0,30,120,Nao
4202,Engenharia de Software,8,Presencial,Manha,8.1,100,71.4,9.5,5,0,60,Sim
3761,Administracao,7,EAD,Manha,3.4,73.7,47.7,7.0,1,40,0,Nao
8960,Pedagogia,6,Presencial,Noite,4.1,88.9,78.9,8.5,6,40,20,Sim
3390,Engenharia Civil,8,Presencial,Manha,0.5,94.6,89.7,5.2,7,40,,Sim
4899,Engenharia Civil,4,Presencial,Manha,7.5,85.5,75.5,9.1,4,44,45,Sim
7786,Enfermagem,6,Hibrida,Manha,11.1,66.5,100,1.5,9,40,45,Nao
233,Administracao,8,Presencial,Noite,0.4,98.3,47.3,5.8,1,44,20,Nao
2667,Pedagogia,7,Hibrida,Noite,10.9,88.5,98.5,3.8,10,20,45,Sim
2129,Enfermagem,5,Presencial,Noite,11.3,76.9,79.0,5.0,11,0,120,Sim
6097,Engenharia de Software,3,Hibrida,Manha,5.7,74.6,70.0,7.2,8,44,45,Nao
1713,Administracao,2,Presencial,Manha,5.7,83.8,75.7,7.5,3,0,15,Sim
9186,Engenharia Civil,8,Presencial,Noite,9.0,76.4,66.9,4.8,8,0,10,Sim
8848,Engenharia Civil,2,Presencial,Manha,8.8,76.2,100,4.8,7,44,120,Nao
2093,Pedagogia,3,Presencial,Noite,6.3,83.5,88.3,4.4,4,30,60,Nao
8274,Pedagogia,7,Hibrida,Manha,8.9,92.1,100,5.2,4,0,30,Sim
1066,Engenharia Civil,5,Presencial,Noite,6.7,92.4,38.3,7.2,6,0,30,Nao
3500,Engenharia Civil,3,Presencial,Noite,6.2,85.3,62.7,5.9,3,40,10,Sim
8182,Enfermagem,8,Presencial,Manha,8.3,75.8,53.8,4.4,2,40,45,Nao
7263,Administracao,8,Hibrida,Noite,10.0,87.5,100,6.7,6,0,15,Nao
1447,Pedagogia,4,Hibrida,Manha,11.4,100,86.9,7.3,14,0,30,Sim
38,Enfermagem,7,Hibrida,Manha,10.2,83.1,84.3,6.4,14,0,15,Nao
7426,Administracao,3,Presencial,Manha,4.3,77.0,56.4,7.4,1,40,30,Nao
2156,Engenharia Civil,6,Hibrida,Noite,5.9,100,65.7,6.0,7,30,120,Nao
3423,Engenharia de Software,7,Presencial,Noite,9.9,100,77.7,5.5,1,40,90,Sim
4177,Enfermagem,1,Hibrida,Manha,7.2,85.0,100,6.1,6,20,30,Nao
106,Engenharia Civil,7,Presencial,Manha,6.3,68.5,65.7,7.2,9,44,30,Nao
2954,Enfermagem,7,Hibrida,Noite,6.2,90.1,80.5,2.7,3,40,20,Nao
2763,Enfermagem,7,EAD,Manha,6.0,87.5,71.3,5.3,8,0,0,Nao
1109,Administracao,6,Hibrida,Noite,2.4,94.9,60.7,5.7,4,20,45,Nao
4513,Enfermagem,3,Presencial,Noite,4.9,87.0,73.0,6.1,2,30,45,Nao
6594,Enfermagem,4,Presencial,Noite,3.7,84.5,51.4,6.6,4,20,120,Nao
6908,Enfermagem,7,Presencial,Manha,3.5,96.9,69.8,5.2,8,20,30,Sim
7915,Engenharia de Software,4,Presencial,Manha,10.3,85.1,69.1,2.3,7,40,60,Sim
7912,Pedagogia,3,Presencial,Noite,3.9,71.4,56.0,4.5,1,20,60,Sim
1237,Engenharia de Software,6,Hibrida,Manha,1.6,92.3,64.6,4.9,3,20,60,Sim
8015,Engenharia Civil,1,EAD,Noite,7.0,76.7,92.6,3.5,8,20,0,Nao
2961,Engenharia de Software,6,Presencial,Manha,4.0,66.6,73.7,8.3,8,40,45,Sim
9415,Pedagogia,3,Presencial,Noite,3.7,66.4,75.8,4.7,8,20,10,Nao
1978,Engenharia de Software,7,Presencial,Noite,4.0,68.2,46.3,4.3,0,20,30,Nao
5858,Pedagogia,8,Presencial,Noite,,75.4,77.6,4.3,6,44,15,Nao
8555,Engenharia de Software,1,Hibrida,Manha,1.4,83.7,32.3,8.1,3,40,30,Nao
510,Administracao,3,Hibrida,Noite,10.6,91.5,85.2,7.6,12,0,10,Nao
8192,Enfermagem,7,Presencial,Manha,4.5,99.1,86.0,5.9,6,0,,Nao
8263,Enfermagem,6,Hibrida,Noite,10.8,71.6,96.5,4.5,8,0,45,Sim
3835,Pedagogia,5,Presencial,Noite,5.9,100,68.6,1.4,10,44,120,Sim
3745,Engenharia Civil,6,Presencial,Manha,5.5,78.1,69.2,6.8,3,0,30,Nao
4813,Pedagogia,3,Hibrida,Noite,7.4,78.2,93.8,7.8,7,30,20,Sim
372,Administracao,4,Hibrida,Noite,10.8,69.2,78.1,2.9,2,20,15,Nao
5178,Enfermagem,7,Presencial,Noite,1.3,83.4,87.6,6.6,1,40,20,Sim
335,Administracao,7,Presencial,Noite,3.7,68.4,69.8,6.6,4,40,20,Nao
9202,Engenharia de Software,8,Presencial,Manha,4.6,80.7,61.1,4.3,9,30,15,Nao
7648,Pedagogia,5,Presencial,Noite,9.9,54.7,100,6.4,11,44,90,Nao
5132,Enfermagem,8,Hibrida,Noite,5.8,95.3,66.3,4.7,7,44,15,Sim
2604,Pedagogia,4,Presencial,Noite,4.7,65.1,39.3,8.8,7,0,90,Nao
9632,Engenharia Civil,6,Hibrida,Manha,6.3,73.4,50.2,7.2,9,40,60,Nao
5594,Engenharia de Software,5,Presencial,Manha,5.4,100,46.5,4.7,6,44,10,Nao
6502,Engenharia de Software,5,Hibrida,Manha,,68.8,69.1,8.3,3,40,60,Nao
1986,Engenharia Civil,4,Hibrida,Manha,2.2,98.8,57.0,3.1,0,0,120,Nao
7550,Enfermagem,3,Hibrida,Manha,7.0,79.5,65.2,7.0,11,44,30,Sim
2279,Administracao,7,Presencial,Manha,9.2,80.6,82.3,5.6,12,20,30,Sim
5607,Pedagogia,1,Hibrida,Noite,8.3,87.8,97.9,8.0,4,20,10,Sim
8997,Administracao,5,Presencial,Manha,3.3,76.3,68.5,6.8,3,30,45,Sim
3402,Pedagogia,7,Presencial,Noite,4.8,74.7,61.0,6.1,8,30,20,Nao
6149,Enfermagem,2,EAD,Manha,5.5,83.9,75.4,7.8,4,30,0,Nao
6037,Engenharia de Software,4,Presencial,Manha,16.2,93.4,92.6,7.8,15,0,90,Sim
8752,Administracao,4,Hibrida,Noite,0.5,71.6,49.9,6.3,0,44,15,Nao
366,Engenharia de Software,6,EAD,Noite,7.8,95.3,70.1,7.8,,40,0,Nao
2520,Enfermagem,7,Hibrida,Noite,0.8,77.2,54.9,4.0,0,40,45,Nao
771,Engenharia de Software,7,Presencial,Noite,,83.1,51.6,6.6,0,20,,Nao
850,Engenharia de Software,7,Presencial,Manha,10.5,74.7,100,5.0,5,20,20,Sim
4476,Engenharia Civil,2,Hibrida,Manha,7.3,76.2,92.4,5.8,5,20,60,Sim
8517,Administracao,3,Hibrida,Noite,1.6,74.6,86.1,7.7,0,44,90,Nao
890,Administracao,1,Hibrida,Noite,3.5,95.8,71.6,6.0,7,44,60,Nao
8387,Enfermagem,5,Presencial,Noite,2.7,73.1,65.1,5.4,2,20,30,Nao
4516,Enfermagem,1,Presencial,Manha,7.6,75.4,100,6.9,7,0,45,Sim
9879,Enfermagem,5,EAD,Manha,7.8,65.9,80.5,5.8,6,0,0,Sim
2535,Enfermagem,5,EAD,Manha,7.1,94.4,87.1,3.9,6,30,0,Sim
8314,Engenharia Civil,4,Presencial,Manha,3.5,83.7,63.6,4.5,7,20,15,Nao
364,Engenharia Civil,3,Presencial,Manha,6.1,93.3,100,4.2,10,0,30,Nao
7728,Engenharia Civil,4,Presencial,Noite,7.4,72.3,68.3,5.4,4,20,20,Nao
3150,Engenharia Civil,1,Presencial,Manha,10.5,89.5,90.1,5.3,5,0,45,Nao
5643,Pedagogia,1,Presencial,Noite,10.4,83.9,69.4,9.0,9,0,30,Sim
4426,Pedagogia,6,Hibrida,Manha,9.7,90.7,83.8,8.2,8,20,,Sim
6245,Pedagogia,6,Presencial,Noite,7.1,81.7,87.7,5.2,8,0,20,Sim
4279,Enfermagem,5,EAD,Manha,0.2,93.4,61.0,6.2,7,44,0,Nao
3618,Engenharia de Software,5,Presencial,Noite,8.8,77.1,65.2,5.9,,0,60,Nao
660,Engenharia Civil,6,Presencial,Manha,4.1,85.7,54.0,5.8,2,40,45,Sim
5720,Pedagogia,4,Hibrida,Noite,5.4,83.5,37.6,6.1,9,30,10,Sim
356,Enfermagem,3,EAD,Manha,0.2,94.6,39.1,5.5,9,44,0,Nao
4466,Administracao,4,EAD,Noite,5.4,84.1,79.1,5.4,10,20,0,Nao
2327,Pedagogia,6,EAD,Manha,12.0,82.9,100,6.8,7,0,0,Sim
1124,Engenharia de Software,3,Presencial,Noite,6.6,89.2,86.4,5.7,4,30,15,Nao
4889,Enfermagem,3,Presencial,Manha,6.7,88.0,81.5,2.3,4,0,120,Nao
8971,Engenharia de Software,4,Hibrida,Manha,6.4,78.9,57.3,6.7,1,20,90,Sim
5574,Enfermagem,6,Hibrida,Manha,14.9,76.6,100,2.5,7,0,10,Nao
8093,Engenharia Civil,8,Presencial,Noite,7.1,81.8,68.9,7.9,9,0,60,Sim
9573,Administracao,1,Presencial,Manha,7.5,87.4,61.3,7.8,5,40,60,Sim
7360,Engenharia Civil,1,Presencial,Manha,8.8,80.6,95.5,5.1,6,40,60,Nao
981,Engenharia Civil,5,Hibrida,Noite,10.8,91.5,67.8,6.8,11,0,15,Sim
4545,Administracao,3,Presencial,Manha,12.7,83.7,84.3,,5,0,120,Sim
4405,Pedagogia,6,Hibrida,Manha,13.3,63.6,100,5.1,6,40,120,Nao
7052,Pedagogia,5,Presencial,Noite,7.2,75.6,100,10,8,0,,Sim
7705,Administracao,6,Presencial,Noite,7.7,67.7,76.8,7.6,11,40,30,Nao
6017,Administracao,1,Hibrida,Manha,,96.6,35.6,6.1,4,0,120,Nao
5344,Administracao,2,Presencial,Manha,15.2,100,86.5,7.0,8,20,15,Sim
3701,Engenharia Civil,7,Presencial,Manha,1.7,70.2,58.6,6.3,0,30,60,Nao
9470,Administracao,6,Presencial,Manha,4.9,80.3,49.2,2.5,4,0,30,Nao
2460,Engenharia Civil,2,Presencial,Manha,6.0,100,59.1,8.2,6,44,10,Nao
71,Engenharia Civil,1,EAD,Noite,5.4,91.2,94.3,5.4,0,30,0,Sim
7195,Enfermagem,5,Hibrida,Manha,4.0,86.3,60.7,5.1,3,0,30,Nao
8952,Engenharia Civil,5,Hibrida,Manha,6.6,70.4,34.5,7.5,8,40,90,Sim
2805,Engenharia Civil,3,EAD,Manha,3.3,83.9,72.5,7.4,4,44,0,Nao
5210,Enfermagem,2,Presencial,Manha,,100,47.4,8.0,6,0,30,Sim
9065,Enfermagem,1,Presencial,Noite,8.3,87.8,68.9,3.2,10,40,45,Nao
5559,Administracao,2,Presencial,Noite,12.1,87.1,95.8,9.1,7,30,15,Sim
9898,Administracao,2,Presencial,Noite,8.7,78.8,81.7,5.3,7,30,60,Sim
1620,Engenharia Civil,7,Presencial,Manha,6.4,67.8,54.9,7.3,7,20,30,Nao
5082,Pedagogia,8,Presencial,Noite,6.0,71.6,61.5,6.7,7,44,90,Sim
5048,Administracao,2,Hibrida,Manha,0.2,82.8,88.7,7.2,4,44,120,Nao
7887,Engenharia de Software,8,Presencial,Noite,5.7,90.0,48.3,6.5,1,44,30,Nao
967,Engenharia Civil,1,Presencial,Manha,10.4,100,94.9,6.7,8,0,20,Sim
5175,Engenharia de Software,8,EAD,Manha,5.4,82.8,54.6,6.0,4,0,0,Nao
6648,Administracao,6,EAD,Noite,2.8,85.2,50.7,4.7,7,0,0,Nao
4791,Administracao,6,Presencial,Manha,,83.0,67.7,5.5,9,0,10,Nao
7496,Engenharia de Software,3,Presencial,Noite,6.0,85.0,82.9,5.4,5,44,10,Nao
525,Engenharia Civil,5,EAD,Manha,11.9,92.6,100,,12,44,0,Sim
1556,Enfermagem,7,EAD,Manha,8.5,77.2,,9.5,11,0,0,Sim
9269,Engenharia de Software,2,Presencial,Noite,4.8,78.5,43.1,7.3,5,30,10,Nao
2307,Enfermagem,4,EAD,Manha,7.8,72.1,89.4,5.5,7,0,0,Nao
9464,Enfermagem,4,Presencial,Manha,9.9,90.2,68.6,7.6,7,30,20,Sim
2135,Engenharia Civil,2,Presencial,Manha,3.7,81.0,100,7.1,5,44,15,Nao
334,Engenharia Civil,8,EAD,Noite,,86.8,69.7,6.0,11,0,0,Nao
8558,Engenharia de Software,4,Presencial,Manha,9.5,94.0,71.1,7.2,7,20,20,Nao
7601,Pedagogia,6,Presencial,Manha,3.2,90.3,40.6,2.2,2,44,15,Nao
4592,Engenharia de Software,1,Presencial,Noite,10.7,67.1,74.9,9.1,10,40,15,Sim
8966,Enfermagem,7,Presencial,Noite,9.7,97.8,92.7,6.8,8,0,45,Nao
4670,Engenharia Civil,8,Presencial,Noite,0.7,89.4,28.0,3.1,6,30,10,Nao
92,Administracao,7,Hibrida,Noite,13.7,91.3,70.0,5.4,7,44,90,Sim
8388,Engenharia Civil,1,Hibrida,Manha,,100,84.7,6.1,3,0,120,Sim
1832,Administracao,3,Presencial,Manha,0.2,89.9,99.1,5.9,3,30,60,Nao
1164,Pedagogia,7,Presencial,Manha,5.6,63.9,70.7,5.6,9,40,20,Nao
4991,Enfermagem,4,Hibrida,Noite,3.0,77.3,51.2,5.9,5,0,15,Nao
5919,Administracao,6,Presencial,Manha,1.6,71.8,88.4,4.9,3,40,45,Nao
8346,Pedagogia,1,Presencial,Manha,8.5,86.5,60.8,7.1,5,0,120,Sim
7463,Engenharia de Software,6,Presencial,Manha,8.6,69.1,56.8,6.9,7,30,10,Nao
5498,Engenharia de Software,4,Presencial,Noite,10.2,85.6,75.4,4.8,3,40,120,Nao
5171,Enfermagem,8,Presencial,Manha,6.7,96.5,99.5,8.2,10,44,120,Nao
5804,Enfermagem,8,Presencial,Manha,4.5,91.7,71.6,8.5,3,0,90,Nao
8501,Engenharia de Software,5,Hibrida,Noite,9.4,72.7,100,4.7,6,0,20,Nao
9524,Administracao,5,Presencial,Noite,4.1,90.3,58.7,5.1,4,44,60,Nao
5405,Administracao,5,Presencial,Manha,6.7,86.8,87.1,4.7,10,0,120,Nao
5362,Administracao,7,Presencial,Noite,3.1,100,75.2,5.5,0,44,60,Nao
3206,Administracao,5,Presencial,Noite,4.8,75.4,49.2,7.5,0,20,45,Nao
5800,Pedagogia,7,Presencial,Manha,7.8,83.9,94.0,6.0,8,30,15,Sim
9776,Engenharia de Software,1,Presencial,Manha,3.6,88.0,76.9,6.8,13,20,60,Sim
5878,Engenharia Civil,7,EAD,Manha,9.1,83.0,89.7,6.1,4,0,0,Nao
4959,Administracao,3,Presencial,Manha,5.7,65.9,72.6,8.9,5,0,10,Sim
3704,Enfermagem,7,EAD,Noite,4.8,81.9,67.6,4.8,10,0,0,Nao
2994,Engenharia Civil,2,Hibrida,Noite,6.5,90.0,75.7,5.6,7,30,120,Sim
4779,Engenharia de Software,2,Presencial,Manha,3.4,68.9,69.6,4.8,4,40,20,Nao
7343,Engenharia Civil,5,Presencial,Noite,2.5,71.3,52.7,4.1,5,44,15,Nao
4620,Administracao,1,Hibrida,Noite,10.8,75.8,77.5,4.2,8,44,45,Nao
6356,Engenharia Civil,5,Hibrida,Noite,,68.3,52.8,6.5,6,0,30,Nao
2287,Engenharia Civil,6,Presencial,Manha,10.9,81.5,82.9,6.3,6,30,20,Nao
6204,Engenharia Civil,2,Presencial,Noite,9.0,80.2,69.8,7.4,7,0,45,Nao
786,Pedagogia,8,Presencial,Noite,12.4,82.1,100,5.7,9,0,90,Nao
5862,Pedagogia,6,Presencial,Noite,7.3,85.8,94.8,10,7,44,15,Sim
1882,Pedagogia,6,Presencial,Noite,7.1,89.7,95.1,6.9,4,0,20,Nao
2743,Administracao,2,EAD,Noite,2.6,80.4,46.2,3.6,7,44,0,Nao
4217,Administracao,6,Presencial,Noite,0.9,87.1,,,4,30,90,Nao
9005,Enfermagem,8,Hibrida,Manha,13.0,98.3,73.7,4.5,11,30,20,Sim
1127,Pedagogia,1,EAD,Noite,8.9,60.6,74.1,10,8,44,0,Nao
4942,Engenharia de Software,2,Presencial,Manha,11.2,62.9,84.7,5.8,16,44,30,Sim
7128,Engenharia Civil,8,Presencial,Manha,3.7,88.6,38.2,3.9,10,0,120,Sim
411,Pedagogia,6,Presencial,Manha,5.5,76.4,72.0,6.1,4,0,30,Nao
9790,Engenharia Civil,8,Presencial,Manha,4.0,74.7,63.8,6.2,3,44,90,Nao
2582,Enfermagem,1,Presencial,Noite,10.0,76.8,79.1,5.7,8,30,20,Sim
9837,Engenharia Civil,1,Presencial,Noite,4.1,73.8,91.6,7.7,5,30,20,Sim
5923,Engenharia Civil,4,Presencial,Noite,14.1,69.1,80.4,5.2,7,40,10,Sim
6675,Engenharia Civil,2,Presencial,Manha,11.3,78.6,100,5.4,9,20,10,Sim
8965,Pedagogia,8,Hibrida,Noite,6.9,66.3,67.8,6.1,7,0,20,Nao
5221,Engenharia de Software,3,Hibrida,Noite,3.3,73.9,90.0,5.6,6,40,15,Sim
631,Engenharia de Software,8,Presencial,Manha,3.2,100,55.0,7.5,7,40,30,Nao
5793,Engenharia Civil,5,Presencial,Noite,3.2,100,66.1,4.7,3,40,60,Nao
6065,Administracao,8,Hibrida,Noite,8.3,76.0,100,7.0,6,30,10,Sim
3429,Engenharia de Software,6,EAD,Manha,0.7,81.5,58.0,3.2,4,30,,Nao
5013,Engenharia de Software,4,Hibrida,Noite,4.5,95.5,62.2,4.8,6,20,120,Nao
319,Engenharia de Software,5,Presencial,Manha,6.3,85.8,100,4.3,8,20,120,Nao
7179,Pedagogia,2,Presencial,Noite,10.1,68.2,85.8,4.9,6,30,120,Sim
6451,Engenharia Civil,2,Hibrida,Noite,1.1,83.9,60.2,5.5,2,44,30,Nao
2622,Pedagogia,1,Hibrida,Manha,5.6,81.8,53.8,6.0,6,30,45,Nao
7349,Engenharia de Software,5,Presencial,Manha,7.2,79.7,69.1,7.5,5,0,20,Sim
7044,Engenharia de Software,8,Presencial,Noite,6.2,91.3,83.0,6.4,6,30,20,Sim
414,Enfermagem,3,Presencial,Manha,2.1,95.4,100,6.5,9,44,10,Nao
5781,Pedagogia,7,Hibrida,Noite,8.9,97.9,53.9,6.8,10,30,10,Nao
1126,Pedagogia,1,Hibrida,Manha,1.0,79.9,78.6,2.8,9,0,120,Nao
3210,Administracao,3,Hibrida,Manha,9.3,84.5,76.1,5.9,5,40,120,Sim
8973,Pedagogia,8,Hibrida,Noite,,95.9,86.5,9.5,8,30,10,Sim
1780,Pedagogia,1,Presencial,Manha,8.3,54.0,45.6,5.3,11,0,15,Nao
978,Engenharia Civil,8,Hibrida,Manha,5.9,100,89.7,4.8,0,44,120,Nao
5532,Administracao,6,Presencial,Manha,8.9,86.7,82.1,7.9,13,20,10,Sim
9184,Engenharia de Software,5,EAD,Noite,3.9,66.3,86.9,10,0,40,0,Nao
3196,Engenharia Civil,4,Hibrida,Manha,3.4,91.7,69.4,5.8,8,40,15,Nao
4296,Pedagogia,5,Presencial,Noite,3.6,78.1,77.5,6.4,1,20,45,Nao
5889,Pedagogia,1,Presencial,Noite,9.3,86.1,73.5,4.4,11,20,30,Nao
6540,Enfermagem,6,Hibrida,Manha,3.2,86.5,45.8,5.4,2,0,45,Sim
6262,Engenharia Civil,7,EAD,Manha,10.6,73.7,67.4,6.4,13,30,0,Sim
4856,Administracao,3,Presencial,Noite,6.0,92.3,54.3,10,4,0,45,Nao
4464,Administracao,6,Presencial,Noite,11.3,66.9,61.1,4.7,7,40,30,Sim
5801,Pedagogia,1,Presencial,Manha,7.2,87.2,63.9,4.1,10,20,45,Nao
8839,Administracao,1,Hibrida,Noite,3.6,97.4,57.0,3.9,0,0,10,Nao
3877,Enfermagem,7,Presencial,Manha,3.1,97.7,58.7,8.5,1,20,30,Nao
9474,Engenharia de Software,6,Hibrida,Noite,0.2,79.5,84.8,5.7,3,40,10,Sim
8747,Pedagogia,6,Presencial,Manha,7.6,91.7,86.1,,8,40,10,Sim
9101,Enfermagem,5,Presencial,Manha,4.3,100,91.1,4.4,0,0,30,Nao
3743,Pedagogia,6,Presencial,Manha,6.6,75.1,69.2,5.2,1,40,60,Nao
3617,Administracao,4,Presencial,Noite,4.2,88.1,68.3,7.4,2,30,90,Nao
4056,Enfermagem,8,Presencial,Noite,11.2,67.3,100,2.9,7,0,45,Nao
69,Engenharia Civil,6,Presencial,Noite,3.4,98.4,62.9,2.9,6,20,120,Nao
8350,Engenharia de Software,5,Presencial,Manha,,80.8,45.1,6.0,5,0,60,Nao
7106,Administracao,3,Presencial,Manha,8.1,82.8,81.7,5.6,5,20,10,Nao
9541,Engenharia de Software,4,Presencial,Noite,12.3,92.5,80.9,6.5,11,0,60,Sim
4686,Enfermagem,4,EAD,Noite,9.8,87.6,100,5.2,7,0,,Sim
2707,Enfermagem,6,Presencial,Manha,7.6,82.9,83.1,6.2,10,0,45,Sim
5459,Engenharia Civil,2,Hibrida,Noite,6.7,54.1,83.2,7.9,10,20,45,Nao
5194,Engenharia de Software,8,Presencial,Manha,9.8,80.8,100,10,13,20,60,Sim
7184,Pedagogia,6,Hibrida,Noite,10.6,84.1,71.5,5.9,8,30,15,Sim
1637,Engenharia de Software,2,EAD,Manha,2.9,67.1,51.4,5.7,6,0,0,Nao
4699,Enfermagem,2,Hibrida,Manha,6.8,75.5,60.4,8.2,5,0,15,Nao
3999,Administracao,3,EAD,Noite,6.0,84.5,89.5,4.1,2,0,0,Nao
434,Administracao,2,Hibrida,Manha,5.8,78.4,93.8,7.2,7,44,90,Sim
4908,Engenharia de Software,7,Presencial,Noite,8.8,72.8,89.4,8.4,4,20,20,Nao
461,Administracao,4,Presencial,Manha,4.9,85.2,77.0,7.8,8,0,45,Nao
1213,Enfermagem,1,Presencial,Noite,10.4,100,51.7,5.1,8,40,10,Sim
8989,Pedagogia,2,Presencial,Manha,8.7,61.3,63.1,8.6,7,40,15,Nao
5984,Administracao,6,Presencial,Manha,8.2,75.2,78.5,4.8,13,0,60,Nao
9702,Pedagogia,4,EAD,Noite,5.8,82.0,69.4,5.4,1,30,0,Nao
4971,Enfermagem,4,Presencial,Manha,5.2,73.7,100,8.4,3,0,90,Sim
3698,Pedagogia,2,Presencial,Manha,3.9,96.1,84.3,5.1,3,30,45,Sim
4865,Engenharia Civil,2,Presencial,Manha,2.5,79.5,100,7.7,1,0,45,Nao
9235,Pedagogia,7,Presencial,Manha,5.9,69.9,70.6,6.6,2,30,10,Nao
2549,Engenharia de Software,3,EAD,Noite,3.9,93.9,71.9,4.9,5,40,0,Nao
9800,Engenharia de Software,1,Presencial,Noite,4.6,82.7,71.8,7.4,5,20,30,Nao
7824,Engenharia Civil,8,EAD,Manha,7.2,87.3,30.7,6.6,9,44,0,Nao
4328,Engenharia Civil,2,Presencial,Manha,5.7,79.5,66.0,6.0,2,0,120,Sim
4148,Engenharia Civil,3,Presencial,Noite,0.2,94.5,68.1,5.6,0,44,15,Sim
7216,Engenharia de Software,3,Hibrida,Noite,,84.6,74.6,9.8,9,20,20,Nao
7433,Engenharia de Software,8,Presencial,Manha,6.0,68.2,78.5,4.5,3,30,60,Nao
3009,Administracao,2,Hibrida,Manha,8.0,88.3,64.2,5.5,12,20,90,Sim
6312,Engenharia de Software,4,Presencial,Noite,0.2,79.0,58.3,4.1,8,44,90,Nao
5445,Engenharia de Software,4,Presencial,Manha,10.8,76.3,97.7,3.3,14,0,20,Sim
1397,Engenharia de Software,4,Presencial,Noite,7.5,94.0,74.1,4.0,4,0,10,Nao
586,Administracao,8,EAD,Manha,4.0,78.0,58.7,5.9,3,20,0,Nao
336,Enfermagem,7,Hibrida,Manha,5.1,81.9,50.8,7.5,4,20,,Nao
1980,Enfermagem,8,Presencial,Manha,6.1,80.0,70.3,4.7,4,40,20,Nao
2645,Administracao,3,Presencial,Manha,10.0,65.8,95.3,5.5,5,20,60,Sim
6940,Administracao,7,Presencial,Manha,2.2,84.4,63.0,4.9,1,44,15,Sim
7233,Engenharia Civil,5,Presencial,Noite,9.6,91.1,91.2,5.3,4,44,10,Nao
7975,Engenharia de Software,7,Presencial,Manha,13.9,86.2,67.3,6.7,11,0,20,Sim
2261,Pedagogia,4,Presencial,Manha,6.6,94.9,73.5,6.2,3,44,30,Sim
1423,Pedagogia,6,Presencial,Noite,2.7,82.1,64.3,7.5,5,40,30,Sim
9007,Administracao,2,EAD,Noite,6.0,63.7,100,4.1,6,40,0,Nao
973,Engenharia Civil,4,EAD,Noite,4.4,66.8,52.0,6.3,11,40,0,Nao
4505,Administracao,4,Presencial,Manha,4.3,71.7,64.6,7.8,7,30,60,Nao
6990,Enfermagem,3,Presencial,Noite,6.7,100,76.1,7.8,6,0,15,Sim
2203,Pedagogia,2,Presencial,Noite,7.5,80.0,42.7,10,7,0,90,Nao
2397,Engenharia de Software,6,Hibrida,Manha,5.4,74.3,67.5,5.8,7,0,15,Nao
2197,Administracao,1,Presencial,Manha,4.6,93.2,48.8,3.4,5,44,30,Nao
7497,Engenharia de Software,5,Hibrida,Noite,11.5,87.9,,6.2,9,0,30,Sim
5885,Pedagogia,7,Hibrida,Manha,10.0,86.7,76.2,6.7,3,44,30,Nao
399,Engenharia Civil,4,Presencial,Noite,4.4,92.6,73.3,2.6,7,0,15,Nao
3090,Administracao,7,Presencial,Noite,7.0,100,87.6,3.3,4,0,120,Nao
452,Enfermagem,4,Hibrida,Noite,8.1,79.1,79.6,3.2,1,40,60,Sim
6382,Engenharia Civil,5,Presencial,Manha,5.4,79.8,88.8,6.0,3,40,120,Sim
122,Administracao,5,Hibrida,Noite,7.3,81.5,72.5,7.4,6,30,10,Nao
649,Engenharia Civil,1,Presencial,Noite,11.6,80.4,100,6.2,5,0,45,Sim
7269,Administracao,4,Presencial,Manha,2.0,86.4,58.6,4.6,4,44,30,Nao
1972,Engenharia de Software,1,Hibrida,Noite,12.3,100,100,6.4,8,20,20,Nao
1896,Pedagogia,8,Presencial,Manha,14.1,71.5,70.5,10,12,0,15,Sim
855,Engenharia Civil,8,Presencial,Noite,5.3,97.4,72.3,4.6,8,0,10,Sim
2876,Engenharia Civil,6,Hibrida,Manha,10.1,87.4,77.8,5.4,9,0,,Nao
1334,Pedagogia,3,Hibrida,Manha,1.5,100,89.5,6.7,11,0,45,Sim
5033,Engenharia Civil,7,Hibrida,Noite,1.3,75.0,77.6,2.0,5,0,20,Nao
637,Enfermagem,7,Presencial,Noite,10.7,100,100,9.0,6,40,15,Sim
3833,Administracao,1,Hibrida,Manha,4.1,86.1,100,5.7,8,44,60,Nao
7445,Engenharia de Software,4,EAD,Manha,6.8,96.0,63.8,7.3,7,0,0,Nao
5110,Pedagogia,1,Presencial,Noite,13.5,90.1,100,6.7,5,20,30,Sim
7531,Administracao,2,Hibrida,Manha,3.9,83.5,77.0,7.4,1,40,30,Nao
9622,Engenharia Civil,8,Hibrida,Noite,4.2,98.8,62.4,7.6,4,44,90,Sim
7469,Administracao,2,Presencial,Manha,3.8,85.2,90.5,8.1,3,40,90,Nao
5016,Engenharia de Software,6,Hibrida,Manha,2.8,82.3,52.3,6.5,6,0,20,Nao
7740,Administracao,2,Hibrida,Noite,8.8,78.4,74.6,6.4,3,40,15,Sim
9723,Engenharia de Software,6,Hibrida,Noite,5.6,77.8,68.4,5.1,3,20,90,Sim
7645,Engenharia Civil,6,Hibrida,Manha,9.5,70.7,80.8,5.6,10,0,120,Nao
516,Engenharia de Software,5,Hibrida,Manha,10.3,80.3,100,6.9,8,20,30,Sim
8748,Pedagogia,6,Presencial,Noite,6.1,75.5,86.3,6.3,4,40,15,Nao
1157,Engenharia Civil,5,Presencial,Noite,4.4,86.3,62.3,7.4,9,44,60,Nao
8872,Enfermagem,4,Hibrida,Noite,6.7,95.2,65.0,5.4,5,0,120,Sim
1964,Engenharia de Software,6,Presencial,Manha,5.0,100,80.3,8.5,9,30,15,Sim
5857,Engenharia de Software,6,Hibrida,Manha,8.6,90.5,90.5,7.9,10,40,60,Nao
4441,Engenharia Civil,2,Presencial,Manha,,72.8,94.5,10,8,40,120,Sim
5754,Engenharia Civil,7,Presencial,Noite,5.7,92.2,100,5.8,2,44,45,Nao
2005,Pedagogia,6,Presencial,Manha,1.9,84.1,73.1,5.3,3,30,10,Nao
4427,Administracao,8,Hibrida,Manha,7.5,76.7,96.4,3.9,4,40,10,Nao
2243,Engenharia de Software,4,Presencial,Noite,11.4,88.2,95.9,5.7,3,30,45,Nao
3699,Engenharia Civil,3,EAD,Noite,7.2,90.0,100,7.2,9,0,0,Sim
3762,Enfermagem,4,Hibrida,Noite,10.2,89.6,100,5.8,5,30,45,Nao
1075,Engenharia Civil,5,Presencial,Noite,6.7,97.3,66.4,6.0,5,30,10,Sim
598,Engenharia Civil,5,Presencial,Noite,4.5,70.1,61.2,4.6,1,44,60,Nao
972,Pedagogia,7,Presencial,Manha,0.2,89.6,69.6,2.9,3,30,90,Nao
6981,Pedagogia,4,Presencial,Manha,8.3,94.6,61.8,5.9,7,0,60,Sim
5277,Engenharia Civil,2,Presencial,Noite,12.5,86.3,73.9,6.6,5,30,30,Sim
1036,Engenharia de Software,5,Presencial,Noite,4.5,72.3,70.1,6.9,6,30,90,Sim
7476,Engenharia Civil,4,Presencial,Manha,5.4,91.5,93.9,8.0,1,40,45,Sim
5707,Pedagogia,8,Hibrida,Noite,6.7,64.3,67.5,9.7,10,30,90,Sim
5123,Engenharia Civil,2,Presencial,Noite,8.7,95.5,96.2,6.8,3,0,20,Sim
143,Pedagogia,7,Hibrida,Manha,3.2,76.9,69.3,4.5,7,20,60,Nao
5372,Engenharia de Software,6,Presencial,Manha,7.5,76.3,100,7.0,1,40,60,Sim
3926,Engenharia Civil,7,EAD,Manha,12.2,87.8,81.4,5.2,10,0,0,Sim
5876,Engenharia de Software,4,Presencial,Noite,0.2,100,94.3,2.9,,0,120,Nao
6873,Pedagogia,3,Presencial,Noite,10.7,83.7,100,8.2,5,0,60,Sim
3086,Administracao,3,Hibrida,Noite,6.1,87.6,100,8.3,11,0,45,Sim
2227,Pedagogia,6,EAD,Noite,0.5,91.3,68.3,5.7,4,44,0,Nao
8986,Pedagogia,3,EAD,Noite,7.2,93.1,84.1,3.2,7,0,0,Nao
9547,Pedagogia,4,Hibrida,Noite,0.2,62.6,26.2,2.6,4,40,20,Nao
5233,Pedagogia,8,Presencial,Manha,9.9,65.5,57.0,6.2,4,30,,Nao
1899,Engenharia de Software,4,Hibrida,Manha,6.0,75.1,79.5,8.1,9,30,120,Nao
6402,Engenharia de Software,6,Hibrida,Manha,7.5,87.1,32.8,5.0,3,20,90,Sim
7009,Administracao,6,Presencial,Manha,4.5,100,89.4,4.7,8,20,20,Nao
5094,Engenharia de Software,6,Hibrida,Noite,8.9,71.4,100,6.4,6,0,10,Nao
7240,Enfermagem,7,Hibrida,Noite,6.8,85.6,100,6.0,7,30,45,Nao
188,Engenharia de Software,6,Hibrida,Noite,7.3,71.8,99.0,4.2,4,20,30,Sim
1534,Engenharia de Software,5,Presencial,Manha,5.0,82.0,70.8,7.9,11,0,15,Sim
646,Pedagogia,8,Presencial,Noite,3.9,77.1,49.3,5.4,4,44,120,Nao
6008,Engenharia de Software,8,EAD,Noite,3.3,87.6,99.5,5.6,7,40,0,Sim
8768,Enfermagem,6,EAD,Manha,10.3,89.5,82.0,6.6,6,44,0,Nao
2375,Enfermagem,1,Hibrida,Noite,3.7,72.6,65.9,6.4,10,40,10,Nao
2022,Administracao,2,Presencial,Noite,8.5,94.5,84.0,7.4,6,30,60,Sim
6455,Administracao,2,Presencial,Manha,12.3,83.0,100,6.5,14,0,45,Sim
8049,Enfermagem,3,Hibrida,Manha,6.9,71.7,80.0,7.1,1,0,20,Nao
123,Engenharia de Software,3,Presencial,Noite,4.7,78.4,93.6,5.3,8,20,120,Nao
8735,Engenharia de Software,4,Presencial,Manha,1.7,79.8,64.7,7.0,0,44,45,Sim
6907,Engenharia de Software,5,Presencial,Manha,5.7,91.4,100,7.0,5,30,20,Sim
3614,Pedagogia,2,EAD,Manha,5.6,76.9,79.9,6.8,5,20,0,Sim
782,Engenharia Civil,6,Presencial,Noite,,90.7,54.1,9.8,8,0,120,Nao
9477,Pedagogia,7,Hibrida,Noite,8.8,91.8,93.2,5.1,8,0,30,Sim
7049,Enfermagem,2,Presencial,Manha,8.0,91.8,87.5,7.1,9,30,90,Sim
8073,Enfermagem,6,Hibrida,Noite,4.1,87.5,73.6,5.2,7,20,10,Nao
4896,Pedagogia,3,Presencial,Noite,4.7,71.1,53.1,1.8,2,30,15,Nao
3077,Engenharia de Software,8,Hibrida,Noite,4.8,88.3,53.7,8.8,6,0,60,Sim
21,Engenharia de Software,5,Presencial,Noite,12.7,88.2,100,5.1,7,0,30,Nao
5161,Administracao,1,EAD,Noite,3.8,58.3,76.0,5.9,5,44,0,Nao
7817,Engenharia de Software,2,Presencial,Noite,10.3,63.1,91.0,3.1,15,20,45,Sim
5291,Engenharia Civil,3,Presencial,Noite,8.5,74.8,86.9,5.6,4,0,60,Nao
77,Administracao,1,Presencial,Manha,6.9,75.3,83.6,3.6,7,44,15,Nao
9279,Administracao,6,EAD,Noite,0.4,73.4,52.1,6.1,2,0,0,Nao
8096,Enfermagem,6,Hibrida,Manha,6.2,59.2,77.6,7.9,0,20,30,Nao
8849,Pedagogia,1,EAD,Manha,,88.1,97.6,5.2,13,0,0,Sim
7653,Enfermagem,8,Hibrida,Manha,8.7,96.8,77.5,2.9,13,0,20,Sim
839,Engenharia de Software,7,Presencial,Noite,9.8,100,63.6,3.2,8,40,30,Nao
9589,Enfermagem,1,Presencial,Manha,6.8,72.7,93.2,8.9,5,30,15,Sim
9495,Pedagogia,1,EAD,Manha,5.3,89.7,66.9,4.2,2,40,0,Nao
8225,Engenharia Civil,7,Presencial,Manha,9.1,93.5,96.3,4.5,5,20,90,Sim
4688,Engenharia Civil,8,Presencial,Noite,6.8,98.6,57.4,6.5,9,44,20,Sim
6547,Pedagogia,2,Presencial,Manha,13.3,80.2,73.9,5.3,6,44,10,Nao
7404,Administracao,8,Presencial,Noite,5.8,90.1,74.8,3.5,1,20,45,Nao
2976,Engenharia Civil,8,Hibrida,Manha,10.4,82.5,79.4,5.0,7,0,10,Sim
6743,Administracao,5,Hibrida,Noite,6.9,79.9,66.6,,5,40,120,Nao
9838,Engenharia Civil,2,Presencial,Noite,6.1,65.4,61.5,3.3,2,44,90,Nao
5492,Enfermagem,1,Hibrida,Manha,2.2,92.1,81.5,4.7,3,40,30,Nao
582,Engenharia de Software,1,Presencial,Manha,5.8,71.5,75.7,3.7,0,40,10,Nao
3012,Enfermagem,7,Presencial,Manha,10.3,100,100,7.2,4,0,30,Sim
7180,Engenharia de Software,8,Presencial,Manha,5.8,100,75.9,7.7,2,20,15,Nao
6142,Engenharia Civil,7,Presencial,Manha,6.8,99.4,,9.4,5,0,120,Sim
5950,Administracao,6,Hibrida,Noite,8.5,100,54.0,6.0,0,44,60,Nao
1305,Pedagogia,2,Presencial,Noite,11.1,89.5,78.2,6.6,8,30,90,Nao
2153,Enfermagem,8,Presencial,Noite,8.3,70.4,58.6,6.1,1,0,45,Nao
6728,Engenharia de Software,6,EAD,Noite,4.1,75.9,55.5,6.4,0,20,0,Nao
6647,Engenharia Civil,2,Hibrida,Noite,8.1,65.4,80.3,3.8,11,44,60,Nao
8794,Engenharia de Software,6,Hibrida,Noite,8.0,67.8,77.7,6.2,5,40,60,Nao
7425,Engenharia de Software,8,Presencial,Noite,0.2,91.4,12.1,7.2,4,30,10,Nao
9020,Enfermagem,3,Presencial,Noite,7.1,88.9,71.6,4.1,5,30,,Sim
6613,Administracao,6,EAD,Manha,7.0,84.8,98.8,7.6,4,20,0,Sim
789,Enfermagem,2,Presencial,Noite,5.8,78.6,76.0,9.6,4,0,120,Sim
6205,Enfermagem,1,Presencial,Manha,9.0,85.0,50.1,7.7,11,0,30,Nao
3816,Pedagogia,2,EAD,Manha,9.2,83.2,88.3,5.8,,40,0,Sim
5854,Pedagogia,6,Presencial,Manha,4.7,92.7,68.1,6.1,4,44,45,Nao
5930,Engenharia Civil,2,EAD,Manha,4.7,89.6,90.0,8.7,0,44,0,Nao
7346,Engenharia Civil,6,EAD,Noite,6.5,81.7,78.8,,9,44,0,Sim
3234,Pedagogia,6,Presencial,Manha,8.6,76.3,100,8.5,2,0,10,Sim
9505,Administracao,2,Hibrida,Noite,8.0,87.5,71.8,5.4,9,30,90,Nao
4920,Administracao,5,Hibrida,Noite,9.1,95.1,93.9,8.3,10,20,10,Sim
3543,Engenharia de Software,1,EAD,Manha,12.1,66.3,100,6.1,11,40,0,Nao
337,Administracao,2,EAD,Noite,9.0,100,77.9,7.2,1,0,0,Nao
7725,Engenharia de Software,7,Hibrida,Manha,5.3,92.8,57.6,6.3,0,20,30,Nao
431,Enfermagem,3,Presencial,Manha,4.5,87.2,81.8,6.8,2,40,60,Nao
4585,Administracao,5,Presencial,Manha,6.3,81.2,71.2,6.7,3,44,20,Nao
6979,Enfermagem,6,Presencial,Manha,8.6,85.1,61.3,8.1,8,20,10,Nao
9233,Pedagogia,4,Presencial,Manha,7.7,78.4,75.0,4.7,5,40,90,Nao
4663,Administracao,6,Hibrida,Manha,5.8,92.5,54.4,7.8,6,30,30,Sim
7456,Engenharia de Software,2,Presencial,Noite,13.6,100,72.8,6.4,7,0,15,Nao
4739,Engenharia Civil,7,Hibrida,Manha,12.2,71.7,93.7,6.1,11,0,45,Sim
6616,Pedagogia,2,Presencial,Manha,5.8,100,53.8,4.7,11,0,15,Sim
797,Engenharia Civil,6,Presencial,Manha,10.8,100,92.2,7.2,8,20,30,Sim
2874,Pedagogia,4,Presencial,Manha,10.2,86.9,62.0,5.6,9,20,120,Nao
146,Administracao,3,Hibrida,Manha,8.1,72.6,66.0,0.9,4,44,120,Nao
6113,Pedagogia,2,Presencial,Noite,3.2,90.3,65.2,6.0,9,40,120,Nao
5180,Engenharia de Software,2,Presencial,Noite,6.0,84.2,76.9,9.0,2,20,120,Sim
7183,Engenharia de Software,6,Presencial,Noite,5.9,89.2,74.8,6.6,4,0,20,Nao
1631,Administracao,1,Hibrida,Noite,4.4,76.0,82.1,5.9,12,20,30,Nao
3556,Administracao,1,Presencial,Noite,4.2,91.1,86.3,2.6,7,20,30,Sim
4064,Pedagogia,5,Presencial,Noite,6.1,85.3,81.8,5.7,11,20,30,Sim
7190,Engenharia de Software,4,Hibrida,Manha,8.0,76.4,90.5,4.0,9,30,90,Nao
9359,Pedagogia,6,Hibrida,Manha,1.5,83.4,65.4,3.9,3,44,20,Nao
4748,Administracao,6,Hibrida,Noite,7.0,63.6,54.6,6.5,8,30,30,Nao
2331,Enfermagem,2,Presencial,Manha,6.4,87.3,66.2,6.4,5,30,60,Sim
8069,Engenharia Civil,3,Presencial,Noite,6.4,74.3,94.2,3.6,8,30,45,Nao
1603,Engenharia de Software,1,EAD,Noite,6.3,62.9,100,4.6,12,20,0,Sim
5426,Pedagogia,4,Presencial,Noite,4.5,82.5,63.4,2.8,4,0,120,Nao
1812,Administracao,8,Presencial,Noite,4.9,94.7,90.7,3.9,5,30,20,Nao
3945,Engenharia Civil,3,Presencial,Noite,1.4,63.5,61.7,6.4,6,40,60,Sim
1670,Engenharia Civil,8,Presencial,Manha,0.9,93.9,69.9,5.5,0,44,45,Nao
4437,Engenharia Civil,1,Presencial,Noite,9.3,69.2,100,4.9,7,0,20,Sim
4775,Enfermagem,8,EAD,Manha,11.3,69.0,83.1,3.9,9,20,0,Nao
8951,Administracao,6,Presencial,Noite,9.0,88.3,45.1,6.6,5,0,15,Nao
9749,Administracao,5,Presencial,Manha,2.8,88.9,63.5,4.1,7,40,120,Nao
3101,Pedagogia,1,Presencial,Noite,11.3,88.0,100,7.0,7,0,15,Sim
4135,Enfermagem,4,Hibrida,Manha,8.2,100,,7.3,2,20,30,Nao
3715,Administracao,3,EAD,Noite,5.0,75.0,71.3,8.0,9,0,0,Nao
1644,Pedagogia,3,Presencial,Noite,7.8,88.0,78.9,2.9,4,0,45,Nao
3763,Administracao,6,Presencial,Noite,7.1,74.6,90.7,6.7,4,30,15,Sim
5834,Pedagogia,7,Hibrida,Noite,11.4,72.6,100,5.5,10,20,10,Sim
5188,Engenharia de Software,1,Hibrida,Noite,9.1,93.8,76.8,7.3,7,0,90,Sim
7238,Engenharia Civil,6,Hibrida,Manha,14.0,86.4,100,8.4,5,0,45,Sim
8711,Engenharia Civil,2,EAD,Manha,8.0,98.7,80.4,7.2,2,30,0,Sim
9745,Engenharia Civil,5,Presencial,Noite,1.3,79.6,87.1,5.5,1,0,15,Nao
6187,Pedagogia,2,Presencial,Manha,0.4,99.1,52.0,9.6,2,40,15,Sim
2745,Pedagogia,8,Presencial,Manha,0.2,84.1,58.1,7.6,0,30,15,Nao
1216,Enfermagem,1,EAD,Manha,4.5,72.9,61.0,8.2,2,40,0,Nao
9317,Engenharia Civil,4,Presencial,Noite,13.9,82.5,74.2,3.9,10,0,20,Sim
9283,Pedagogia,5,Hibrida,Noite,6.2,75.3,98.7,5.2,8,30,30,Nao
9751,Engenharia Civil,2,Hibrida,Noite,3.5,72.2,80.4,6.4,6,20,45,Nao
4955,Engenharia de Software,3,Presencial,Manha,10.6,79.0,81.9,6.8,8,0,10,Sim
3656,Engenharia Civil,7,Presencial,Manha,7.8,83.6,82.7,7.2,5,30,60,Nao
567,Administracao,6,EAD,Noite,7.3,84.5,44.5,6.2,5,30,0,Nao
9595,Enfermagem,6,Presencial,Manha,7.3,87.2,75.4,3.1,3,40,15,Nao
6819,Administracao,1,EAD,Manha,6.3,69.5,68.2,5.2,3,40,0,Nao
8693,Engenharia Civil,3,Presencial,Manha,0.2,92.0,57.9,5.6,7,44,120,Nao
500,Pedagogia,2,Hibrida,Manha,7.1,66.5,53.3,0.6,7,0,120,Nao
338,Enfermagem,5,Hibrida,Noite,13.7,78.7,66.0,7.3,13,0,10,Nao
9467,Engenharia Civil,2,Presencial,Manha,6.0,87.7,95.1,6.1,5,0,20,Nao
3440,Engenharia Civil,5,Hibrida,Noite,5.0,79.4,80.5,10,9,0,10,Sim
5887,Engenharia de Software,8,Presencial,Manha,8.1,85.1,83.6,6.7,4,30,20,Nao
9568,Pedagogia,2,Presencial,Noite,6.1,100,57.7,6.3,7,20,45,Nao
168,Engenharia de Software,7,Presencial,Manha,4.3,80.4,94.5,6.4,5,30,30,Nao
5416,Engenharia Civil,3,Presencial,Manha,5.7,68.9,60.6,5.0,1,44,60,Sim
4341,Engenharia de Software,5,Hibrida,Noite,5.3,75.3,58.7,9.9,5,20,60,Sim
837,Enfermagem,1,Presencial,Noite,6.5,90.5,75.2,7.9,5,0,90,Sim
8016,Pedagogia,5,Hibrida,Noite,11.7,75.2,76.6,7.3,6,30,30,Sim
930,Pedagogia,2,Presencial,Noite,9.6,97.6,67.1,5.0,13,20,15,Nao
6927,Enfermagem,2,Hibrida,Noite,2.6,84.2,70.9,3.3,5,0,30,Nao
942,Engenharia de Software,2,EAD,Manha,6.2,82.3,79.9,8.8,7,40,0,Sim
5677,Pedagogia,7,Hibrida,Manha,13.0,82.6,92.7,10,6,44,60,Nao
1694,Engenharia de Software,4,Presencial,Noite,6.0,98.4,94.0,4.9,1,30,20,Nao
8926,Administracao,5,Presencial,Manha,8.4,69.6,62.8,10,8,0,10,Nao
4511,Administracao,1,Presencial,Manha,7.8,77.1,81.6,9.0,7,20,45,Sim
6004,Administracao,8,Presencial,Manha,4.2,100,64.4,6.3,2,40,20,Nao
8771,Pedagogia,4,Presencial,Noite,5.9,89.6,88.4,,4,0,15,Nao
1651,Engenharia Civil,1,Hibrida,Manha,2.6,78.0,59.9,8.3,7,40,90,Nao
1120,Engenharia de Software,5,Presencial,Manha,9.3,71.0,100,,11,0,10,Nao
754,Pedagogia,8,Hibrida,Noite,3.6,81.7,72.5,4.9,2,30,20,Nao
2856,Enfermagem,3,EAD,Manha,4.5,70.1,72.5,4.0,6,20,0,Nao
6834,Enfermagem,2,Presencial,Noite,8.3,94.1,72.2,8.1,10,0,15,Nao
3994,Pedagogia,7,EAD,Noite,4.4,72.5,53.3,7.7,0,44,0,Nao
1757,Engenharia de Software,3,EAD,Manha,3.9,77.5,70.0,5.9,1,30,0,Nao
1217,Engenharia Civil,2,Presencial,Noite,6.2,100,88.3,7.2,4,20,60,Sim
3706,Pedagogia,5,Presencial,Noite,5.1,94.3,67.2,7.4,5,44,15,Nao
8151,Administracao,3,Presencial,Noite,0.2,66.3,37.3,5.5,8,44,,Nao
2679,Enfermagem,7,Hibrida,Manha,8.5,81.5,90.0,4.8,4,20,30,Sim
8390,Administracao,7,Hibrida,Noite,9.7,75.9,80.5,,5,0,15,Sim
8575,Administracao,1,Hibrida,Noite,3.8,88.1,69.5,6.5,4,0,120,Nao
6671,Engenharia Civil,4,Hibrida,Noite,0.2,82.8,45.5,7.6,0,20,30,Nao
6763,Administracao,5,Presencial,Noite,4.6,96.1,99.7,9.4,6,40,10,Nao
4095,Administracao,3,Presencial,Noite,0.2,66.1,,4.5,0,40,15,Nao
2550,Pedagogia,4,Hibrida,Manha,9.2,86.9,80.6,5.3,7,40,15,Nao
943,Pedagogia,2,Presencial,Noite,5.5,96.1,47.2,3.1,13,0,20,Nao
2637,Engenharia Civil,4,EAD,Noite,6.9,81.7,89.9,7.7,3,0,0,Sim
3377,Administracao,2,EAD,Noite,3.8,90.2,70.5,2.5,5,40,0,Nao
4894,Pedagogia,6,Presencial,Manha,4.1,76.1,51.0,7.9,4,44,90,Nao
484,Pedagogia,3,EAD,Manha,8.4,81.5,97.0,2.6,8,0,0,Nao
471,Engenharia Civil,7,Hibrida,Noite,4.8,100,65.7,3.1,4,20,10,Nao
6874,Engenharia de Software,4,Presencial,Noite,8.4,77.8,60.7,6.2,9,30,90,Nao
8774,Engenharia de Software,1,Presencial,Noite,4.6,98.1,87.9,5.2,6,20,20,Sim
2787,Engenharia de Software,8,Hibrida,Manha,5.5,82.1,,5.1,7,40,90,Nao
7942,Administracao,1,Presencial,Manha,15.0,94.2,100,6.3,14,0,20,Sim
9146,Enfermagem,8,Hibrida,Manha,9.4,60.4,62.2,5.7,8,44,20,Nao
9896,Administracao,6,Presencial,Manha,1.8,100,86.3,5.1,5,44,120,Sim
7757,Pedagogia,2,Presencial,Manha,13.2,89.2,92.5,5.9,12,0,30,Sim
5268,Engenharia de Software,3,Presencial,Noite,13.1,96.8,65.4,6.2,13,0,15,Sim
8245,Administracao,1,Presencial,Manha,7.1,81.5,74.4,3.4,2,40,45,Nao
591,Pedagogia,1,Presencial,Manha,10.4,100,87.7,6.2,9,0,120,Nao
347,Engenharia de Software,8,Presencial,Manha,7.2,80.5,57.9,6.6,9,0,90,Sim
6157,Engenharia de Software,6,EAD,Manha,7.5,67.6,72.5,4.8,3,30,0,Nao
8047,Administracao,2,Presencial,Noite,9.4,100,55.5,3.2,12,0,15,Sim
2761,Pedagogia,5,Presencial,Noite,2.8,96.5,31.0,7.4,1,40,60,Nao
1608,Engenharia Civil,8,Hibrida,Manha,0.4,87.4,49.4,3.2,4,30,30,Sim
3739,Administracao,2,Presencial,Noite,11.9,82.2,89.1,3.0,9,0,20,Sim
212,Administracao,4,Hibrida,Noite,5.9,72.0,98.6,6.9,6,40,90,Sim
2462,Enfermagem,8,Presencial,Noite,11.8,87.4,85.0,9.4,9,20,45,Nao
4643,Engenharia Civil,8,Presencial,Noite,3.9,80.8,67.6,4.6,6,40,30,Nao
7790,Engenharia de Software,7,Presencial,Manha,5.4,71.5,70.1,5.1,5,0,60,Nao
5600,Pedagogia,1,Presencial,Noite,8.2,83.4,67.9,5.3,7,30,120,Nao
825,Engenharia Civil,8,Presencial,Noite,10.0,75.1,73.2,3.5,,40,20,Nao
9364,Engenharia Civil,3,Hibrida,Manha,5.1,81.7,76.6,5.5,3,44,90,Nao
1719,Engenharia Civil,4,Presencial,Manha,0.2,93.1,52.3,7.0,0,44,10,Nao
7667,Engenharia Civil,3,Hibrida,Noite,1.6,83.4,97.5,4.5,2,30,10,Nao
8468,Engenharia Civil,3,Presencial,Manha,6.9,73.9,80.9,6.5,6,44,10,Nao
6899,Engenharia Civil,4,Presencial,Noite,4.8,83.9,74.0,7.6,8,20,10,Sim
3929,Pedagogia,7,Hibrida,Manha,10.1,81.1,91.4,4.0,8,0,10,Nao
9917,Engenharia de Software,5,Presencial,Manha,5.4,61.6,73.2,4.9,10,30,10,Sim
3863,Engenharia de Software,3,Presencial,Noite,6.5,81.6,68.5,5.7,9,30,90,Sim
5699,Engenharia Civil,6,Hibrida,Noite,10.9,82.7,95.5,2.0,13,0,15,Nao
462,Engenharia de Software,4,Presencial,Manha,8.2,89.8,84.8,5.3,7,44,45,Nao
3215,Administracao,8,Hibrida,Manha,4.1,84.5,74.9,7.3,1,40,15,Sim
85,Engenharia de Software,2,Hibrida,Manha,7.8,74.5,72.2,7.9,8,44,15,Nao
90,Administracao,3,EAD,Manha,7.2,72.6,93.1,7.3,9,30,0,Sim
8865,Engenharia Civil,7,Hibrida,Manha,12.2,82.7,100,3.8,14,44,90,Sim
9344,Administracao,2,Presencial,Noite,,92.5,67.2,5.3,6,0,15,Sim
8680,Administracao,7,Presencial,Noite,17.3,93.5,100,7.4,9,0,,Sim
316,Pedagogia,3,Hibrida,Noite,6.0,76.8,92.1,4.0,3,44,90,Nao
3725,Enfermagem,6,EAD,Noite,6.4,99.1,76.2,6.0,0,44,0,Nao
2193,Enfermagem,7,EAD,Manha,5.1,78.1,63.1,5.2,7,20,0,Sim
9799,Engenharia de Software,5,Presencial,Manha,18.8,100,100,5.1,13,0,45,Sim
1179,Pedagogia,2,Hibrida,Manha,15.7,100,89.7,5.1,15,0,60,Sim
6137,Administracao,5,Presencial,Noite,4.2,73.3,52.0,5.9,5,44,120,Nao
8372,Engenharia de Software,4,Presencial,Noite,0.4,64.9,43.3,8.0,2,44,10,Nao
5952,Engenharia Civil,4,Presencial,Noite,8.4,91.0,100,5.0,8,0,15,Sim
2543,Administracao,3,Presencial,Noite,7.6,76.1,90.3,4.4,2,0,10,Sim
4654,Engenharia Civil,4,Hibrida,Noite,3.6,77.6,82.6,8.6,6,30,10,Sim
4707,Engenharia de Software,8,Presencial,Noite,6.9,90.0,83.1,8.2,1,40,10,Sim
6405,Administracao,2,Presencial,Manha,7.0,80.2,89.4,7.4,4,40,60,Sim
755,Engenharia de Software,1,Presencial,Manha,5.5,86.6,67.5,8.8,5,20,60,Sim
4695,Engenharia Civil,4,EAD,Noite,9.5,100,71.4,6.3,11,20,0,Sim
6722,Pedagogia,5,Presencial,Manha,12.0,99.2,68.0,4.6,12,0,10,Sim
1984,Enfermagem,4,Hibrida,Manha,0.2,68.9,60.2,6.5,3,40,20,Nao
2154,Pedagogia,2,EAD,Manha,15.4,99.7,97.6,8.4,14,20,0,Sim
1576,Engenharia Civil,8,Presencial,Noite,8.2,67.2,86.7,5.9,5,44,120,Nao
43,Pedagogia,2,Presencial,Noite,8.3,83.8,85.4,5.1,6,30,15,Nao
3324,Pedagogia,5,Presencial,Manha,10.4,91.3,45.7,4.1,1,0,15,Nao
127,Engenharia Civil,5,Hibrida,Noite,9.3,79.3,92.5,4.4,9,30,45,Sim
8044,Administracao,4,Presencial,Manha,1.1,68.3,45.9,2.9,5,44,120,Nao
1351,Engenharia Civil,4,Hibrida,Noite,7.6,95.9,81.1,6.7,11,30,15,Sim
2024,Administracao,5,Hibrida,Noite,8.0,65.2,96.7,4.6,5,30,10,Nao
4027,Engenharia Civil,7,Presencial,Noite,11.2,99.9,91.2,6.7,9,44,20,Sim
6505,Administracao,8,Presencial,Manha,10.6,100,64.6,,6,20,120,Nao
9910,Engenharia Civil,1,Hibrida,Manha,5.2,78.7,62.8,9.8,5,0,15,Sim
4857,Engenharia de Software,3,Presencial,Noite,13.8,94.7,66.1,9.4,10,20,10,Nao
9382,Pedagogia,4,Presencial,Manha,7.0,76.0,63.4,,10,44,10,Nao
585,Enfermagem,3,Hibrida,Manha,,91.9,84.3,7.5,2,20,90,Sim
7483,Administracao,3,EAD,Manha,13.4,93.4,64.5,9.0,14,0,0,Sim
8491,Administracao,2,Presencial,Manha,7.5,75.1,49.4,3.0,5,40,60,Nao
1488,Pedagogia,2,Presencial,Noite,5.5,91.8,63.5,5.5,7,0,10,Nao
9472,Administracao,7,Presencial,Noite,6.0,76.0,100,7.3,5,40,10,Nao
7658,Engenharia de Software,3,Presencial,Noite,11.3,88.6,98.1,8.7,8,0,120,Sim
4811,Administracao,3,Presencial,Manha,7.2,89.6,54.7,4.5,2,20,20,Sim
8401,Administracao,7,EAD,Manha,13.0,95.2,73.6,5.1,6,40,0,Nao
7310,Enfermagem,3,Hibrida,Manha,5.6,90.4,54.6,5.3,7,44,45,Nao
8542,Engenharia Civil,1,Hibrida,Manha,6.5,70.2,64.5,,8,0,15,Nao
2705,Pedagogia,1,Presencial,Noite,6.0,78.6,42.7,6.3,9,44,60,Nao
7646,Administracao,2,Hibrida,Noite,8.4,92.4,73.7,10.0,6,20,30,Sim
6431,Enfermagem,3,Presencial,Noite,4.2,88.1,76.3,5.1,1,0,60,Nao
5929,Administracao,6,EAD,Manha,,79.4,94.9,9.3,8,40,0,Sim
765,Administracao,3,Presencial,Manha,11.8,79.1,97.2,4.6,11,40,10,Sim
9031,Engenharia Civil,4,Presencial,Noite,0.2,100,46.6,6.8,1,30,60,Nao
9003,Engenharia de Software,3,Presencial,Manha,6.7,69.0,94.0,4.2,7,30,45,Nao
8658,Engenharia Civil,8,Presencial,Manha,3.8,67.3,,6.7,2,20,20,Nao
4291,Administracao,5,Hibrida,Noite,1.9,91.7,62.8,4.3,0,30,120,Nao
1220,Pedagogia,4,Hibrida,Manha,5.6,91.8,100,7.3,6,30,10,Nao
5603,Administracao,4,Hibrida,Manha,0.2,83.3,88.0,6.1,1,40,10,Nao
6996,Engenharia de Software,7,Hibrida,Noite,8.1,93.4,66.9,8.8,6,20,15,Sim
8884,Pedagogia,4,Presencial,Manha,9.4,77.3,94.7,5.9,10,44,90,Sim
9887,Engenharia de Software,2,Hibrida,Manha,7.5,98.3,43.9,7.7,8,0,120,Sim
6013,Engenharia de Software,8,Hibrida,Manha,,89.9,100,8.2,11,0,15,Sim
3561,Administracao,8,Presencial,Noite,9.1,67.9,73.0,7.3,4,30,15,Nao
8948,Engenharia Civil,4,Presencial,Noite,7.7,89.4,56.4,8.1,3,0,45,Sim
2697,Enfermagem,5,EAD,Manha,4.9,67.2,68.3,4.9,9,20,0,Nao
6837,Administracao,1,Hibrida,Noite,9.0,90.2,84.6,8.2,3,0,90,Sim
6069,Pedagogia,1,Presencial,Noite,5.6,78.4,96.1,2.7,3,40,90,Nao
5044,Engenharia Civil,5,Presencial,Manha,7.8,90.0,76.8,3.2,7,40,15,Nao
4626,Administracao,5,Hibrida,Manha,3.9,71.0,76.4,8.2,5,44,120,Nao
6299,Engenharia de Software,7,Presencial,Manha,3.0,71.3,100,7.5,7,40,10,Sim
3285,Pedagogia,7,Hibrida,Noite,3.5,84.3,63.1,4.2,3,0,20,Sim
1678,Administracao,8,Presencial,Manha,10.1,74.1,94.9,7.2,5,30,90,Sim
4832,Pedagogia,2,Presencial,Noite,16.6,82.7,100,9.1,12,0,45,Sim
3389,Engenharia Civil,4,Hibrida,Noite,12.2,77.5,83.4,5.4,12,0,30,Nao
1509,Engenharia Civil,2,Hibrida,Manha,7.0,73.0,72.0,4.9,5,20,120,Nao
1739,Engenharia de Software,6,Presencial,Manha,1.0,87.5,64.8,5.8,1,44,30,Sim
8368,Engenharia de Software,1,Hibrida,Noite,0.2,78.1,63.2,7.2,,40,10,Nao
5076,Engenharia Civil,3,Presencial,Noite,5.9,67.8,72.8,6.3,8,30,45,Sim
6293,Engenharia de Software,1,Presencial,Noite,12.1,100,72.4,10,8,0,30,Sim
9848,Enfermagem,4,Presencial,Noite,8.9,78.2,84.0,7.4,6,30,20,Nao
4015,Administracao,2,Hibrida,Manha,6.8,82.5,65.5,6.2,11,40,10,Nao
2807,Engenharia Civil,2,Presencial,Noite,7.2,80.5,87.3,8.2,8,44,15,Sim
5428,Enfermagem,3,Hibrida,Manha,6.9,65.8,85.0,2.2,4,44,60,Sim
8218,Engenharia Civil,1,Presencial,Manha,8.8,88.3,85.3,7.8,13,44,90,Sim
5410,Engenharia de Software,8,Presencial,Noite,9.6,76.8,76.1,6.1,10,20,10,Nao
7949,Engenharia de Software,2,Hibrida,Manha,9.1,87.5,79.9,3.4,1,0,20,Nao
3039,Enfermagem,5,Hibrida,Noite,3.9,79.8,67.2,4.7,7,0,15,Nao
7575,Engenharia de Software,8,EAD,Manha,3.9,83.1,75.6,6.5,3,30,0,Sim
8098,Engenharia de Software,5,Hibrida,Noite,7.6,95.2,62.2,5.4,15,40,90,Nao
7069,Engenharia Civil,2,Presencial,Noite,7.8,73.2,86.9,6.0,9,0,20,Nao
1372,Pedagogia,5,Presencial,Manha,,87.6,83.6,5.6,7,40,15,Sim
4607,Engenharia Civil,2,EAD,Manha,0.2,100,59.7,3.7,1,0,0,Nao
2268,Engenharia Civil,5,EAD,Noite,11.6,77.8,79.4,7.8,9,40,0,Nao
172,Pedagogia,8,Hibrida,Noite,9.3,80.0,73.4,7.1,8,44,10,Sim
1238,Engenharia de Software,6,EAD,Manha,9.3,91.5,81.6,4.6,12,0,0,Nao
1728,Engenharia de Software,1,Presencial,Noite,11.3,66.6,81.2,4.5,10,0,120,Nao
64,Engenharia de Software,5,Presencial,Noite,7.7,62.2,73.9,5.2,2,40,45,Nao
7495,Pedagogia,4,Hibrida,Noite,5.2,82.8,38.5,0.8,6,44,45,Nao
6674,Engenharia Civil,7,Hibrida,Noite,5.5,88.5,70.0,6.3,1,0,15,Nao
5324,Engenharia de Software,1,Presencial,Manha,11.0,81.6,100,5.8,2,0,30,Nao
5295,Engenharia Civil,5,Hibrida,Noite,10.7,87.7,85.8,6.3,7,0,45,Sim
6953,Enfermagem,5,EAD,Manha,6.8,89.9,37.8,4.9,0,40,0,Nao
4090,Pedagogia,3,Hibrida,Noite,5.3,86.3,79.8,6.2,4,44,20,Nao
3586,Enfermagem,4,Presencial,Manha,7.1,91.6,50.7,5.0,11,0,45,Sim
470,Engenharia de Software,1,Hibrida,Manha,10.6,75.8,98.8,3.8,6,30,30,Nao
4450,Pedagogia,1,Presencial,Manha,4.7,79.8,48.8,,,44,120,Sim
9795,Enfermagem,8,Presencial,Noite,2.1,65.5,71.6,6.6,2,40,60,Nao
4040,Engenharia de Software,2,Hibrida,Manha,10.1,87.0,84.0,5.6,8,20,15,Nao
9049,Enfermagem,6,EAD,Manha,6.3,61.8,86.0,4.6,9,20,0,Nao
4691,Enfermagem,2,EAD,Manha,1.1,78.8,53.4,5.9,1,40,0,Nao
6976,Enfermagem,2,Hibrida,Noite,10.0,71.2,100,6.1,8,0,30,Sim
7831,Administracao,1,Hibrida,Manha,9.4,84.1,49.8,5.4,7,30,20,Sim
3246,Engenharia de Software,2,Presencial,Manha,1.3,87.8,83.6,0,3,44,45,Sim
4000,Pedagogia,1,Hibrida,Noite,7.7,89.0,83.1,3.3,6,44,15,Sim
8080,Engenharia de Software,1,Presencial,Noite,9.2,88.7,100,6.2,11,0,10,Sim
9337,Engenharia Civil,3,Presencial,Noite,4.5,77.9,57.8,5.3,4,20,90,Nao
628,Engenharia Civil,4,Presencial,Manha,1.6,87.6,56.3,7.1,3,30,120,Nao
7821,Engenharia Civil,4,Presencial,Noite,4.9,82.3,93.6,5.4,7,30,60,Nao
8040,Administracao,5,Hibrida,Manha,6.0,88.9,53.2,7.0,4,30,90,Nao
5345,Engenharia Civil,1,Presencial,Noite,0.6,81.7,38.5,6.7,5,20,120,Sim
3372,Enfermagem,3,Hibrida,Manha,7.2,76.1,50.6,7.8,10,20,10,Nao
8013,Engenharia de Software,1,EAD,Noite,7.8,82.3,58.0,6.1,5,40,0,Nao
8984,Engenharia de Software,4,Hibrida,Noite,7.1,86.3,,7.4,13,30,90,Nao
5290,Engenharia Civil,6,Presencial,Manha,14.7,78.6,62.9,6.0,14,0,,Sim
3371,Pedagogia,1,Presencial,Noite,3.3,78.5,85.2,6.7,0,20,90,Nao
9033,Administracao,7,Presencial,Manha,,100,60.8,9.5,3,30,15,Sim
3404,Engenharia de Software,3,Presencial,Manha,,72.7,80.4,4.5,10,0,120,Sim
1774,Pedagogia,2,Hibrida,Noite,5.9,77.9,62.3,6.0,6,0,120,Sim
9376,Enfermagem,6,Hibrida,Noite,5.6,70.2,97.8,5.6,3,44,120,Nao
78,Administracao,5,Hibrida,Manha,2.3,92.6,82.4,5.5,5,30,60,Sim
2780,Administracao,1,Presencial,Manha,10.7,63.8,69.6,8.5,14,30,60,Sim
9216,Administracao,2,Presencial,Noite,7.0,83.9,82.0,8.7,4,40,20,Sim
6100,Engenharia de Software,3,Presencial,Manha,2.3,81.3,59.4,4.8,6,0,45,Sim
6430,Enfermagem,8,EAD,Manha,0.2,76.0,57.2,2.3,1,40,,Nao
59,Enfermagem,8,Hibrida,Manha,10.3,72.0,85.3,4.7,11,20,30,Sim
1831,Administracao,5,Presencial,Noite,8.7,78.5,56.5,5.7,5,0,30,Nao
7931,Administracao,6,Hibrida,Noite,5.1,79.6,37.3,5.3,5,0,90,Nao
3426,Engenharia de Software,7,Hibrida,Manha,9.8,65.6,83.4,10,4,0,60,Sim
3522,Engenharia de Software,5,EAD,Manha,10.5,100,87.1,6.7,4,30,0,Sim
7505,Administracao,4,Presencial,Manha,3.6,80.2,48.0,7.3,3,0,10,Nao
6571,Engenharia Civil,7,Hibrida,Manha,10.7,83.8,,5.7,13,30,15,Nao
8027,Engenharia de Software,1,Presencial,Noite,8.1,72.4,87.4,,4,30,30,Sim
4685,Engenharia Civil,1,Hibrida,Noite,4.5,96.5,,6.7,13,44,90,Sim
4483,Engenharia Civil,1,Presencial,Noite,7.0,80.4,43.3,4.6,9,20,15,Nao
2352,Enfermagem,7,Presencial,Noite,7.3,74.3,65.7,6.4,11,30,10,Nao
1945,Engenharia Civil,6,Presencial,Manha,10.6,94.9,100,9.0,8,30,15,Nao
8581,Pedagogia,7,Presencial,Noite,11.2,89.2,88.8,5.5,7,30,30,Sim
3142,Pedagogia,1,Presencial,Noite,9.5,72.9,70.9,7.0,9,40,90,Nao
5448,Administracao,8,Presencial,Noite,14.2,96.4,99.8,7.4,11,0,20,Sim
1684,Administracao,4,Presencial,Manha,8.6,81.0,80.2,7.5,7,0,15,Sim
1080,Enfermagem,3,Presencial,Manha,7.1,94.1,73.0,3.0,3,30,30,Sim
5673,Administracao,1,EAD,Manha,2.2,98.1,73.7,2.2,1,0,0,Nao
5427,Engenharia de Software,8,Presencial,Noite,6.2,60.1,60.1,7.9,10,0,15,Sim
115,Enfermagem,4,Hibrida,Noite,2.7,92.2,62.6,5.5,5,40,90,Sim
3870,Pedagogia,1,Presencial,Manha,1.3,91.2,58.4,2.1,0,20,45,Nao
4982,Administracao,6,Hibrida,Noite,8.2,92.8,82.0,6.3,6,0,20,Sim
2026,Enfermagem,3,Hibrida,Manha,10.2,79.1,94.3,6.8,4,0,10,Sim
1654,Engenharia Civil,2,Presencial,Manha,11.3,87.2,100,6.4,9,20,45,Sim
5122,Engenharia de Software,4,Presencial,Manha,13.6,91.8,79.3,5.9,14,0,20,Nao
5200,Pedagogia,7,Presencial,Manha,8.3,80.4,60.8,4.3,7,44,10,Nao
3823,Engenharia Civil,3,Hibrida,Manha,7.1,79.8,45.4,5.0,3,30,90,Nao
1753,Enfermagem,4,Presencial,Manha,6.1,93.6,96.4,9.1,9,40,60,Sim
7683,Engenharia de Software,7,Presencial,Manha,1.9,87.5,54.1,2.9,0,44,10,Nao
317,Administracao,1,Hibrida,Noite,11.4,87.0,74.6,9.7,7,0,15,Sim
3209,Engenharia Civil,1,EAD,Manha,5.4,79.4,81.3,7.4,5,40,0,Nao
5451,Engenharia de Software,6,EAD,Noite,2.9,81.1,76.4,2.4,6,30,0,Sim
673,Enfermagem,3,Hibrida,Manha,5.3,88.1,100,7.4,9,20,10,Sim
459,Engenharia de Software,6,Hibrida,Noite,12.0,77.9,78.4,10,7,44,120,Sim
7866,Engenharia de Software,3,Hibrida,Noite,3.6,69.7,95.0,4.3,5,0,30,Nao
1551,Administracao,6,Presencial,Manha,8.4,66.0,72.3,4.2,8,44,60,Nao
7974,Engenharia de Software,4,Presencial,Noite,7.0,86.8,100,4.1,7,30,90,Sim
1404,Engenharia de Software,4,Presencial,Manha,6.7,77.0,65.9,6.6,8,30,60,Nao
5117,Administracao,5,Hibrida,Manha,9.3,60.7,72.9,7.0,6,30,45,Nao
5229,Administracao,8,EAD,Noite,3.4,100,13.0,3.8,5,0,0,Nao
7191,Administracao,4,Presencial,Manha,3.2,86.7,84.6,8.1,8,40,20,Nao
1218,Pedagogia,3,Presencial,Manha,13.4,75.4,100,5.6,14,0,30,Sim
1474,Administracao,4,Presencial,Manha,7.7,100,61.3,7.3,7,0,90,Sim
4216,Pedagogia,8,Presencial,Manha,5.2,86.2,100,6.1,1,44,20,Nao
198,Engenharia Civil,5,EAD,Manha,6.4,87.9,82.2,5.4,5,20,0,Sim
6668,Engenharia Civil,7,Presencial,Noite,10.7,85.9,100,9.5,6,20,120,Sim
7794,Engenharia de Software,3,Presencial,Manha,4.3,63.8,59.9,5.4,7,44,15,Nao
8104,Pedagogia,4,Presencial,Noite,11.2,79.1,43.0,6.0,8,30,15,Nao
7590,Engenharia de Software,4,EAD,Noite,0.6,98.4,51.9,5.6,0,30,0,Nao
1030,Pedagogia,4,EAD,Manha,8.9,94.4,,5.4,8,30,0,Sim
4059,Engenharia Civil,7,Presencial,Manha,0.2,84.8,68.2,10,4,44,30,Sim
8681,Pedagogia,8,Presencial,Manha,4.0,75.4,100,6.0,2,44,60,Nao
2388,Enfermagem,8,Hibrida,Manha,7.1,53.8,63.4,4.2,9,20,10,Nao
4133,Engenharia Civil,4,Hibrida,Manha,12.7,78.7,99.2,8.7,8,0,120,Sim
4504,Engenharia Civil,6,EAD,Manha,10.4,83.2,54.5,4.5,9,0,0,Sim
1025,Administracao,5,EAD,Noite,10.6,80.3,73.9,8.5,10,40,0,Sim
2342,Enfermagem,4,Presencial,Noite,4.5,79.0,76.6,4.2,9,30,10,Nao
1042,Engenharia Civil,6,Presencial,Noite,4.6,57.5,73.6,1.2,4,44,20,Nao
4397,Pedagogia,6,Presencial,Manha,5.9,61.5,64.6,7.2,1,40,15,Nao
6181,Enfermagem,3,Hibrida,Noite,8.2,72.6,62.6,6.1,11,0,60,Nao
9721,Administracao,5,Presencial,Manha,,96.2,97.3,7.9,4,44,120,Sim
6211,Pedagogia,8,Hibrida,Noite,0.8,78.4,74.8,6.7,7,20,120,Nao
1606,Engenharia de Software,1,Presencial,Noite,3.4,86.9,76.3,6.1,2,44,10,Nao
6740,Engenharia de Software,7,EAD,Manha,5.2,79.9,71.6,5.0,3,30,0,Sim
7189,Enfermagem,6,Presencial,Noite,7.1,96.4,57.6,4.3,1,44,120,Sim
970,Engenharia de Software,5,Presencial,Manha,7.3,81.6,65.6,6.6,6,30,45,Nao
9448,Engenharia Civil,8,EAD,Noite,10.3,90.5,70.5,9.5,6,30,0,Sim
1849,Enfermagem,1,Hibrida,Noite,15.1,81.0,88.1,6.2,12,0,20,Sim
1407,Engenharia de Software,1,Presencial,Noite,,96.9,94.4,5.3,7,0,120,Sim
5782,Administracao,3,Hibrida,Manha,6.3,78.3,100,3.1,6,30,30,Nao
6196,Administracao,1,EAD,Noite,8.6,99.5,100,5.6,7,0,0,Sim
6464,Administracao,7,Hibrida,Manha,3.2,86.0,88.0,6.6,9,30,90,Nao
256,Engenharia Civil,6,EAD,Noite,8.5,89.6,,7.2,9,0,0,Sim
5412,Pedagogia,7,Hibrida,Manha,3.7,100,62.4,8.1,4,44,15,Nao
3474,Pedagogia,2,Hibrida,Manha,3.8,87.4,100,6.5,7,0,15,Sim
449,Administracao,8,Hibrida,Manha,5.5,75.2,32.7,7.4,5,0,45,Sim
6829,Engenharia Civil,2,Presencial,Manha,7.1,92.2,100,7.1,7,44,30,Sim
7262,Enfermagem,2,EAD,Manha,13.4,74.5,100,6.0,9,0,0,Sim
9236,Enfermagem,5,Presencial,Manha,3.9,74.8,50.8,4.5,4,0,10,Nao
3008,Enfermagem,3,Hibrida,Manha,2.5,85.4,84.0,5.6,5,30,10,Nao
84,Engenharia de Software,2,EAD,Manha,8.7,81.4,72.9,5.9,6,20,0,Sim
2237,Pedagogia,5,Presencial,Manha,8.7,73.2,85.5,6.5,10,0,60,Sim
7514,Pedagogia,6,Hibrida,Noite,8.7,100,97.2,8.3,9,0,10,Sim
2592,Pedagogia,2,EAD,Noite,8.7,84.2,57.3,9.0,6,20,0,Sim
1146,Engenharia de Software,1,EAD,Noite,5.1,74.3,71.4,4.7,2,44,0,Sim
241,Engenharia de Software,6,Hibrida,Manha,15.3,65.3,80.3,9.3,13,0,90,Nao
3519,Administracao,1,Presencial,Manha,7.5,71.4,58.9,10,6,0,30,Nao
9623,Administracao,7,EAD,Noite,8.3,99.0,78.9,4.3,0,40,0,Nao
8323,Administracao,7,Presencial,Noite,5.0,81.5,75.3,6.1,2,40,15,Sim
9921,Pedagogia,4,Presencial,Manha,4.4,91.1,57.5,10,5,44,10,Sim
608,Engenharia de Software,4,Presencial,Manha,1.5,78.3,67.4,4.5,5,40,,Sim
6354,Engenharia Civil,3,Presencial,Noite,10.7,85.9,55.9,7.2,7,0,60,Sim
8028,Pedagogia,6,Presencial,Manha,7.1,83.5,74.2,4.7,8,0,90,Sim
257,Engenharia de Software,3,Presencial,Noite,2.2,57.6,57.1,5.6,4,0,15,Nao
9689,Administracao,8,Presencial,Manha,7.9,91.5,95.6,9.8,5,0,15,Sim
4905,Enfermagem,7,Presencial,Manha,11.3,94.4,71.1,5.4,7,0,30,Nao
919,Engenharia de Software,3,Presencial,Manha,,76.1,86.1,5.3,9,40,120,Nao
2214,Engenharia Civil,5,Hibrida,Manha,5.4,79.0,60.4,8.0,10,0,90,Nao
3997,Pedagogia,5,Presencial,Manha,3.5,82.0,60.4,7.0,3,40,120,Nao
8205,Engenharia Civil,5,Presencial,Noite,0.7,71.3,59.4,6.3,8,40,30,Nao
3236,Engenharia Civil,7,Presencial,Noite,3.6,70.2,88.1,2.6,4,40,30,Nao
3432,Engenharia Civil,3,Presencial,Noite,1.9,79.7,83.0,4.7,0,20,20,Nao
2561,Enfermagem,6,EAD,Manha,0.9,98.1,36.6,6.0,5,30,0,Nao
6316,Enfermagem,5,Presencial,Noite,0.3,93.5,61.3,5.4,1,0,20,Nao
2491,Administracao,5,Hibrida,Noite,7.6,78.5,,6.7,5,0,90,Nao
8807,Engenharia Civil,6,Presencial,Noite,1.9,87.4,100,7.1,0,30,60,Nao
3801,Engenharia de Software,6,Hibrida,Manha,6.0,98.9,62.9,8.5,2,0,15,Sim
5214,Engenharia de Software,6,Hibrida,Noite,12.2,85.5,100,4.8,11,0,45,Sim
1820,Pedagogia,8,Hibrida,Noite,3.2,60.8,47.7,5.7,0,30,15,Nao
539,Engenharia de Software,8,Presencial,Manha,5.8,78.6,58.0,4.4,5,0,20,Nao
5027,Pedagogia,3,Presencial,Manha,6.6,94.3,60.9,5.9,7,30,10,Nao
2555,Engenharia Civil,6,Hibrida,Noite,7.3,88.2,91.9,1.1,4,20,15,Nao
3696,Pedagogia,5,Presencial,Manha,10.0,81.0,92.7,8.4,8,44,90,Sim
6555,Administracao,7,EAD,Noite,5.3,62.7,80.3,5.9,5,30,0,Nao
3873,Engenharia de Software,1,Presencial,Noite,10.7,62.4,79.8,0.6,10,44,15,Sim
6946,Administracao,5,Hibrida,Noite,0.2,92.1,75.0,6.8,3,20,90,Nao
3934,Engenharia Civil,7,Presencial,Manha,6.1,66.3,54.7,5.7,5,0,120,Nao
4679,Engenharia Civil,3,Presencial,Manha,3.3,78.9,62.6,3.4,3,40,90,Nao
1165,Enfermagem,3,Hibrida,Noite,2.3,74.1,77.9,4.7,3,0,60,Nao
3901,Enfermagem,2,Presencial,Manha,6.4,92.4,90.8,9.2,5,20,45,Sim
3252,Enfermagem,4,EAD,Noite,4.6,87.3,81.8,3.8,1,44,0,Nao
3604,Administracao,4,Presencial,Manha,1.4,90.5,73.4,6.0,3,30,90,Nao
9355,Enfermagem,3,Presencial,Noite,7.3,99.3,82.1,6.6,5,30,60,Sim
9661,Administracao,6,Hibrida,Noite,6.0,100,92.6,6.1,10,20,30,Sim
7326,Engenharia Civil,8,Hibrida,Noite,8.8,76.1,65.4,8.8,15,0,30,Sim
9406,Enfermagem,6,Presencial,Noite,8.2,60.6,80.1,9.2,9,40,10,Sim
287,Enfermagem,4,Presencial,Manha,5.9,79.4,67.3,,11,30,20,Nao
7415,Administracao,3,EAD,Noite,6.3,97.9,56.0,6.3,6,0,0,Sim
8867,Engenharia de Software,4,Hibrida,Noite,7.0,100,56.6,7.4,6,40,10,Sim
2185,Engenharia Civil,3,EAD,Manha,5.4,80.3,62.0,6.2,1,20,0,Nao
5520,Pedagogia,3,Hibrida,Manha,5.2,85.0,64.5,7.0,6,0,45,Sim
1689,Administracao,7,Hibrida,Noite,3.8,80.1,64.4,5.4,5,44,120,Nao
3861,Administracao,5,Presencial,Noite,,87.8,,5.1,7,20,90,Sim
8168,Pedagogia,4,Presencial,Manha,,93.7,100,8.1,7,0,20,Sim
570,Engenharia Civil,8,EAD,Noite,5.7,99.9,72.4,6.1,10,20,0,Sim
8414,Administracao,4,Presencial,Manha,8.6,82.5,64.6,7.4,5,0,30,Nao
2164,Administracao,6,Presencial,Manha,7.2,88.0,78.1,3.3,9,0,15,Sim
6270,Engenharia de Software,4,Hibrida,Manha,4.8,78.4,59.0,6.2,7,20,60,Sim
5537,Enfermagem,4,Hibrida,Manha,2.5,100,43.9,6.0,5,0,120,Nao
8463,Pedagogia,4,Hibrida,Manha,8.9,80.6,67.3,4.9,8,0,10,Sim
9498,Engenharia Civil,8,EAD,Noite,7.0,75.0,87.6,4.6,2,40,0,Sim
7299,Engenharia Civil,1,Presencial,Noite,3.7,86.4,79.5,3.6,2,30,20,Nao
4541,Engenharia Civil,7,Presencial,Manha,7.0,80.7,81.1,6.1,11,44,15,Sim
1047,Enfermagem,2,Presencial,Noite,11.1,93.9,100,5.2,13,0,10,Sim
7756,Engenharia de Software,5,Presencial,Manha,8.5,76.3,80.3,4.5,8,0,45,Nao
8266,Administracao,2,Presencial,Manha,6.2,76.8,91.6,,6,30,15,Sim
9487,Engenharia de Software,1,EAD,Manha,5.4,77.1,62.3,4.5,6,40,0,Nao
9852,Engenharia Civil,5,Presencial,Noite,7.7,80.7,89.2,5.6,5,44,10,Sim
4469,Engenharia de Software,7,Hibrida,Noite,0.2,79.4,51.8,5.8,0,40,90,Nao
635,Enfermagem,1,Presencial,Manha,2.9,81.1,62.0,6.5,0,0,20,Sim
1136,Administracao,8,Presencial,Manha,3.5,70.2,43.9,7.6,0,30,120,Nao
3872,Engenharia Civil,2,Presencial,Manha,9.0,90.3,71.9,7.3,4,0,15,Nao
87,Administracao,7,Presencial,Noite,3.8,78.3,58.5,8.9,1,40,120,Sim
2053,Pedagogia,6,Presencial,Manha,13.2,85.4,100,10.0,16,40,20,Sim
9786,Administracao,3,Presencial,Noite,2.6,69.5,58.6,8.4,10,20,15,Nao
8969,Pedagogia,5,Hibrida,Noite,1.5,86.8,68.3,7.9,,0,45,Nao
8303,Pedagogia,6,Presencial,Manha,3.0,84.3,89.4,4.5,4,0,90,Sim
5873,Engenharia Civil,1,Hibrida,Noite,5.3,100,48.0,9.3,5,0,90,Sim
6962,Pedagogia,5,Hibrida,Manha,4.9,100,62.4,7.1,0,44,90,Sim
447,Engenharia de Software,1,Hibrida,Manha,5.9,69.5,87.0,9.1,7,30,20,Nao
7771,Engenharia de Software,1,Hibrida,Noite,6.1,91.6,71.5,3.2,5,30,30,Nao
4396,Administracao,5,Presencial,Manha,11.1,82.0,87.1,3.2,7,0,30,Nao
7700,Pedagogia,7,Presencial,Manha,7.6,71.2,80.8,5.9,7,30,45,Nao
6456,Pedagogia,6,Hibrida,Manha,5.2,86.4,79.0,5.8,3,20,15,Sim
3459,Administracao,2,Presencial,Manha,10.6,89.1,100,6.2,12,0,30,Sim
9730,Engenharia de Software,2,Presencial,Manha,4.3,88.5,50.6,6.4,9,40,10,Nao
5260,Engenharia Civil,2,Presencial,Manha,1.6,73.9,51.7,1.9,5,40,15,Nao
6495,Engenharia de Software,2,Presencial,Manha,7.7,89.5,64.7,6.2,3,40,45,Sim
2619,Pedagogia,2,Hibrida,Manha,4.2,79.5,89.8,,1,0,45,Nao
3195,Pedagogia,8,Hibrida,Manha,9.5,77.4,62.5,6.9,3,0,15,Sim
7639,Administracao,3,Presencial,Noite,5.4,92.1,98.6,9.0,4,44,45,Sim
5127,Pedagogia,5,Presencial,Manha,8.8,66.7,76.2,10,4,44,30,Nao
7176,Administracao,2,Hibrida,Manha,7.9,91.3,58.3,9.4,,40,20,Sim
7845,Administracao,1,EAD,Noite,4.7,92.3,92.0,1.8,4,44,0,Nao
1573,Enfermagem,7,Hibrida,Manha,6.6,84.6,49.2,4.2,1,40,15,Sim
8060,Pedagogia,5,Hibrida,Manha,2.8,82.2,66.8,7.9,0,44,10,Sim
3681,Enfermagem,4,Hibrida,Noite,6.1,100,73.3,5.6,4,30,45,Nao
9648,Enfermagem,4,Presencial,Manha,10.5,66.9,72.1,7.4,6,30,15,Nao
7060,Engenharia de Software,7,Hibrida,Noite,11.9,84.8,100,5.0,8,20,30,Nao
4428,Engenharia de Software,4,Hibrida,Noite,5.7,88.0,52.8,7.2,2,30,20,Nao
4672,Engenharia de Software,5,Presencial,Noite,4.9,83.7,79.2,9.4,5,0,10,Nao
275,Administracao,5,Presencial,Noite,0.2,75.1,56.8,8.1,4,30,60,Nao
2623,Enfermagem,4,Hibrida,Noite,2.1,92.9,64.3,6.2,0,20,15,Nao
3636,Enfermagem,2,Hibrida,Noite,11.9,72.2,71.1,3.8,9,0,15,Sim
89,Engenharia de Software,6,Hibrida,Noite,10.0,83.2,68.0,8.4,8,20,,Nao
8850,Enfermagem,7,Presencial,Noite,3.0,92.3,78.2,5.8,7,0,15,Nao
209,Enfermagem,6,Presencial,Manha,5.2,83.8,76.3,6.6,5,40,15,Nao
6067,Administracao,1,Presencial,Manha,0.2,95.0,74.3,7.6,7,0,120,Nao
208,Enfermagem,8,Hibrida,Noite,8.8,88.5,93.5,6.4,1,44,10,Nao
3096,Engenharia de Software,3,Hibrida,Noite,1.6,81.9,53.6,5.5,,40,120,Nao
9336,Administracao,4,Presencial,Manha,6.8,75.0,71.4,4.7,9,40,15,Sim
8031,Engenharia Civil,2,EAD,Manha,9.6,91.4,65.0,4.7,13,0,0,Sim
22,Administracao,3,Presencial,Noite,6.2,90.7,82.3,8.1,,0,30,Sim
9194,Engenharia de Software,2,Presencial,Manha,4.5,91.2,70.8,7.1,3,44,120,Sim
4680,Enfermagem,5,Hibrida,Noite,10.3,83.5,82.9,7.4,11,30,15,Sim
4368,Engenharia de Software,5,Hibrida,Manha,1.5,72.0,,5.1,2,40,10,Nao
9122,Administracao,8,Presencial,Manha,8.9,78.2,61.6,8.1,2,0,45,Nao
8959,Administracao,8,Hibrida,Noite,3.8,90.5,63.2,3.6,1,40,60,Nao
4170,Administracao,6,Presencial,Manha,3.3,100,73.6,8.2,7,0,10,Nao
7578,Pedagogia,6,Presencial,Manha,7.0,100,82.1,2.1,10,44,,Nao
9715,Engenharia de Software,4,Hibrida,Noite,2.4,73.0,51.8,7.7,9,30,90,Nao
5985,Administracao,4,Hibrida,Manha,7.2,94.1,54.5,5.5,5,20,15,Sim
1793,Enfermagem,1,Presencial,Noite,0.2,92.7,78.4,5.1,4,44,30,Nao
4495,Engenharia Civil,1,Hibrida,Noite,7.3,81.0,65.0,8.8,8,0,10,Nao
8710,Administracao,6,Presencial,Noite,1.1,78.5,65.8,6.0,0,44,120,Nao
3179,Enfermagem,5,Presencial,Manha,7.0,74.2,78.7,5.4,0,20,45,Sim
7875,Engenharia Civil,6,EAD,Noite,9.3,70.5,80.6,,3,44,0,Sim
57,Pedagogia,5,Hibrida,Noite,9.6,82.5,72.4,6.7,8,0,30,Sim
7558,Engenharia Civil,8,Presencial,Manha,8.9,75.3,72.5,7.5,7,0,60,Sim
7538,Enfermagem,1,Presencial,Noite,3.1,75.3,87.4,4.9,0,40,120,Nao
3589,Enfermagem,8,Hibrida,Noite,9.5,100,54.0,8.3,6,40,120,Sim
9348,Pedagogia,5,Presencial,Noite,11.7,82.1,87.5,3.7,17,0,10,Sim
3733,Engenharia de Software,4,Presencial,Noite,8.3,73.6,79.4,6.7,5,40,60,Sim
2940,Administracao,3,Presencial,Noite,7.1,78.1,61.2,2.2,7,30,,Nao
2517,Engenharia Civil,7,EAD,Noite,6.1,80.7,79.1,7.3,6,30,0,Nao
2442,Engenharia de Software,5,Presencial,Manha,8.1,88.9,100,7.0,0,0,15,Sim
9461,Engenharia Civil,1,Presencial,Noite,8.3,83.1,83.7,7.2,9,30,90,Sim
4697,Administracao,5,EAD,Noite,1.8,65.3,75.3,7.8,7,44,0,Nao
3791,Pedagogia,2,Presencial,Manha,3.8,86.6,35.8,6.8,0,20,10,Nao
3941,Engenharia Civil,1,Presencial,Manha,8.5,76.4,82.9,6.4,2,0,15,Sim
8963,Engenharia de Software,3,Presencial,Noite,13.4,100,74.0,7.6,7,20,20,Sim
7636,Pedagogia,4,Hibrida,Manha,10.6,78.5,92.1,4.3,8,0,15,Nao
7988,Engenharia Civil,7,Presencial,Manha,5.2,76.1,70.8,6.5,10,40,60,Sim
8327,Administracao,6,Presencial,Manha,7.1,72.8,46.3,0,6,30,30,Nao
8642,Enfermagem,6,Presencial,Manha,2.9,49.7,48.1,5.4,5,40,30,Nao
8142,Pedagogia,5,Hibrida,Noite,7.0,74.9,77.6,6.8,0,0,60,Sim
1701,Enfermagem,6,Presencial,Manha,10.0,79.7,100,6.3,6,0,90,Nao
9339,Pedagogia,6,Presencial,Noite,2.9,75.9,81.2,4.5,6,30,60,Nao
2518,Pedagogia,6,Presencial,Noite,0.3,91.8,28.0,8.0,0,20,15,Nao
8158,Pedagogia,8,Hibrida,Manha,12.0,83.8,55.2,4.8,13,20,20,Nao
8713,Engenharia Civil,8,Presencial,Manha,2.4,98.5,41.5,8.6,6,0,90,Nao
2333,Engenharia de Software,1,Hibrida,Manha,5.0,95.5,55.2,7.9,8,0,20,Nao
5135,Engenharia Civil,1,Presencial,Noite,6.5,90.0,69.7,,11,0,15,Sim
2990,Enfermagem,4,Hibrida,Manha,5.1,64.4,82.5,6.2,6,44,45,Sim
9315,Engenharia Civil,8,Presencial,Manha,1.1,75.6,61.9,6.4,0,0,30,Nao
4932,Pedagogia,1,Hibrida,Manha,0.2,100,74.9,8.2,3,0,20,Nao
8487,Enfermagem,7,Presencial,Manha,8.2,87.2,79.0,6.1,4,0,45,Nao
6419,Engenharia de Software,5,Presencial,Manha,5.1,88.8,83.6,5.7,3,0,20,Nao
7704,Engenharia Civil,7,Presencial,Manha,2.5,69.0,73.9,9.3,7,40,90,Nao
7522,Engenharia de Software,6,Hibrida,Manha,6.5,91.2,97.7,6.2,7,0,30,Sim
9324,Engenharia de Software,7,Hibrida,Manha,3.3,95.8,71.3,4.6,0,20,10,Nao
9875,Administracao,1,Hibrida,Manha,4.6,84.8,80.9,6.1,6,0,120,Sim
9282,Administracao,8,Hibrida,Noite,2.3,95.2,89.6,5.9,3,0,15,Nao
901,Engenharia de Software,3,Presencial,Manha,6.5,84.3,67.6,9.0,10,44,10,Sim
266,Engenharia de Software,7,Presencial,Manha,8.7,94.0,50.7,10,6,0,20,Sim
1181,Engenharia de Software,4,Presencial,Noite,8.2,91.0,77.0,7.5,6,30,45,Nao
625,Engenharia Civil,3,EAD,Manha,16.4,78.5,90.1,7.5,9,20,0,Sim
8317,Engenharia de Software,5,Hibrida,Manha,7.0,70.1,100,3.9,7,40,90,Sim
3862,Administracao,1,Presencial,Noite,5.5,71.7,,5.0,4,0,90,Nao
3081,Engenharia Civil,6,Presencial,Manha,7.4,77.0,66.1,7.5,4,44,30,Sim
3874,Pedagogia,7,Presencial,Noite,7.4,68.6,58.2,6.1,3,0,60,Nao
2152,Administracao,3,Hibrida,Manha,7.1,75.7,68.4,9.6,5,40,90,Sim
175,Engenharia Civil,8,Presencial,Noite,7.0,85.6,47.8,6.4,5,0,30,Nao
8676,Engenharia Civil,6,Hibrida,Noite,10.6,86.4,64.5,6.8,4,30,10,Sim
6738,Engenharia Civil,6,Hibrida,Noite,0.7,83.8,88.6,4.2,7,44,45,Nao
9189,Pedagogia,6,Presencial,Noite,5.5,90.7,84.4,9.4,7,40,90,Sim
7750,Engenharia Civil,1,Hibrida,Manha,4.9,84.0,85.0,7.6,7,30,20,Sim
3622,Pedagogia,2,Presencial,Manha,7.8,78.3,97.2,5.2,7,40,90,Nao
1131,Pedagogia,1,Presencial,Noite,6.7,94.4,76.4,2.0,7,0,10,Nao
9404,Engenharia Civil,5,Hibrida,Manha,10.9,81.2,68.1,8.9,,0,120,Sim
8968,Engenharia Civil,4,Hibrida,Manha,9.0,91.1,73.0,7.4,8,0,45,Sim
4266,Engenharia de Software,2,Hibrida,Manha,8.4,73.5,,2.1,9,0,45,Nao
6242,Engenharia Civil,6,EAD,Manha,0.2,95.3,69.8,4.9,6,20,0,Nao
7169,Engenharia de Software,3,EAD,Manha,5.5,79.1,,6.5,7,0,0,Nao
1555,Pedagogia,1,Presencial,Noite,0.4,72.0,57.9,4.6,0,40,10,Nao
745,Engenharia Civil,2,Presencial,Manha,9.7,80.7,78.2,7.4,9,0,15,Sim
3727,Administracao,2,Presencial,Noite,9.6,77.0,70.2,5.3,8,44,45,Nao
1435,Engenharia Civil,7,EAD,Noite,5.4,92.6,86.5,7.3,10,20,0,Nao
4340,Administracao,2,EAD,Manha,10.3,73.5,61.0,6.6,4,40,0,Nao
3094,Pedagogia,2,Presencial,Manha,6.8,84.3,86.7,4.5,7,0,15,Nao
7089,Enfermagem,7,Hibrida,Manha,5.3,85.5,60.8,7.0,8,44,90,Sim
5561,Enfermagem,4,Presencial,Manha,11.7,70.2,81.7,6.1,9,0,45,Nao
2173,Enfermagem,5,Presencial,Noite,3.1,78.6,87.1,5.7,4,40,45,Nao
5683,Engenharia de Software,3,EAD,Manha,8.5,93.6,72.8,7.5,9,30,0,Nao
8398,Engenharia Civil,1,Hibrida,Noite,7.7,90.8,80.3,6.6,4,40,30,Nao
1371,Administracao,3,EAD,Noite,8.6,79.0,93.8,6.3,9,0,0,Sim
1129,Engenharia Civil,2,Presencial,Manha,9.2,90.5,78.1,2.2,6,0,45,Sim
4379,Enfermagem,5,Hibrida,Noite,10.9,80.6,76.7,4.9,12,0,60,Nao
7985,Engenharia de Software,2,Hibrida,Manha,7.8,86.5,80.0,7.1,12,0,90,Sim
2048,Engenharia de Software,2,Hibrida,Manha,1.2,97.0,73.2,5.5,7,44,120,Nao
2105,Engenharia de Software,8,Hibrida,Noite,5.9,98.2,49.0,7.1,3,0,20,Nao
4984,Engenharia de Software,1,EAD,Manha,5.5,78.5,66.1,8.5,8,30,0,Nao
1457,Administracao,5,Hibrida,Manha,4.3,67.6,57.4,5.1,7,44,45,Nao
2751,Engenharia Civil,3,Hibrida,Manha,1.4,84.0,30.5,5.3,3,20,30,Nao
6437,Enfermagem,4,Hibrida,Manha,3.5,86.1,83.1,1.8,3,44,30,Sim
7088,Pedagogia,3,Presencial,Noite,7.7,89.5,84.6,5.0,3,20,10,Nao
1762,Engenharia de Software,2,Presencial,Noite,8.9,98.9,83.9,3.2,5,20,30,Nao
5761,Engenharia de Software,1,Hibrida,Manha,12.2,91.2,87.6,5.7,9,0,60,Sim
7989,Enfermagem,4,Hibrida,Noite,10.0,83.7,100,5.8,3,20,120,Sim
5616,Engenharia de Software,4,Presencial,Noite,5.5,81.3,86.0,5.5,9,0,30,Nao
1012,Enfermagem,7,Presencial,Noite,4.2,81.7,84.0,2.9,6,30,15,Nao
7675,Engenharia Civil,2,Presencial,Manha,8.1,96.8,69.5,8.1,3,44,60,Sim
9535,Pedagogia,6,Hibrida,Manha,7.9,70.6,64.2,3.9,5,40,10,Nao
8276,Engenharia de Software,1,Presencial,Noite,7.6,87.3,56.4,6.2,8,40,90,Nao
610,Enfermagem,2,Hibrida,Manha,0.2,100,58.8,4.4,2,44,45,Sim
6644,Enfermagem,1,Presencial,Manha,8.4,96.2,34.6,4.4,7,30,20,Sim
1239,Enfermagem,1,Presencial,Manha,5.3,72.1,63.5,4.8,7,44,90,Nao
4628,Administracao,2,EAD,Manha,6.4,87.4,87.4,7.8,7,44,0,Sim
6935,Pedagogia,1,Presencial,Noite,6.5,83.2,65.5,6.4,8,20,30,Nao
2186,Pedagogia,7,Hibrida,Manha,5.6,77.7,85.8,5.2,8,30,10,Sim
6960,Engenharia de Software,6,Hibrida,Manha,9.9,80.8,,4.5,7,40,45,Nao
761,Enfermagem,7,Presencial,Noite,6.9,98.9,82.2,7.9,2,20,60,Nao
1868,Engenharia Civil,4,Presencial,Noite,4.3,76.5,74.3,8.5,5,44,60,Nao
1661,Administracao,6,Presencial,Manha,4.7,72.1,74.1,4.7,4,40,60,Nao
9060,Administracao,5,Presencial,Noite,10.8,86.9,77.4,4.1,0,0,90,Nao
2357,Engenharia Civil,2,EAD,Manha,9.3,81.1,78.1,6.1,2,40,0,Sim
4138,Pedagogia,2,Presencial,Noite,6.3,86.8,61.0,7.9,9,0,60,Sim
5413,Enfermagem,6,Presencial,Manha,6.9,83.2,56.7,3.8,11,0,15,Nao
4891,Administracao,4,Hibrida,Manha,2.0,66.5,77.2,4.7,4,44,60,Nao
8007,Enfermagem,3,Presencial,Noite,0.3,90.5,59.0,6.0,0,20,120,Nao
8623,Enfermagem,1,Presencial,Manha,7.1,81.3,34.4,4.4,9,30,90,Nao
2439,Enfermagem,3,Hibrida,Manha,13.0,67.4,50.2,5.0,7,0,120,Nao
4651,Engenharia Civil,4,Hibrida,Noite,1.3,85.4,94.4,5.5,3,40,90,Nao
7465,Administracao,6,Hibrida,Manha,8.7,79.8,100,5.3,10,44,20,Nao
6857,Engenharia de Software,4,EAD,Manha,3.3,85.8,42.6,2.9,3,44,0,Nao
432,Pedagogia,2,EAD,Manha,8.0,80.0,69.0,8.9,,44,0,Nao
788,Enfermagem,3,Presencial,Noite,1.1,90.2,68.0,2.8,2,20,15,Nao
376,Administracao,7,Hibrida,Noite,9.4,94.9,58.8,6.9,6,0,20,Nao
5543,Administracao,5,EAD,Manha,5.6,97.2,100,6.4,4,30,0,Nao
8333,Engenharia de Software,3,Presencial,Noite,7.8,93.0,90.0,4.8,10,0,120,Sim
192,Pedagogia,1,Presencial,Noite,8.5,91.9,93.0,5.2,8,30,90,Sim
6759,Administracao,4,Presencial,Manha,0.2,100,83.3,8.4,1,20,15,Sim
1880,Engenharia Civil,8,Presencial,Manha,6.0,72.9,50.0,7.9,6,30,120,Sim
5819,Administracao,7,Presencial,Noite,7.7,71.1,56.1,7.7,2,40,120,Sim
1190,Pedagogia,5,EAD,Manha,8.0,68.0,80.7,4.0,3,30,0,Nao
8432,Enfermagem,7,Hibrida,Manha,6.0,88.4,81.4,5.6,4,44,20,Nao
8020,Administracao,8,Presencial,Manha,5.6,90.7,94.0,8.5,8,44,45,Nao
5856,Engenharia de Software,2,Hibrida,Manha,6.8,100,58.2,7.2,5,20,120,Nao
1797,Engenharia Civil,6,EAD,Manha,5.9,74.5,80.4,2.3,0,20,0,Nao
3755,Engenharia Civil,4,EAD,Noite,6.9,69.3,94.5,6.8,8,20,0,Nao
7243,Engenharia de Software,5,Presencial,Noite,9.0,100,76.1,7.6,11,0,60,Sim
2711,Pedagogia,5,Hibrida,Noite,5.0,80.0,76.1,5.7,4,44,45,Nao
7864,Pedagogia,6,Presencial,Manha,11.9,87.1,100,7.5,9,40,90,Nao
4479,Engenharia Civil,2,EAD,Manha,3.0,54.9,59.0,6.8,2,30,0,Nao
993,Engenharia de Software,7,Presencial,Manha,10.4,75.7,93.8,5.6,8,0,,Nao
9925,Enfermagem,7,Hibrida,Manha,5.7,91.1,97.7,3.9,6,0,60,Sim
9103,Engenharia Civil,7,Hibrida,Noite,7.3,95.3,69.1,7.7,6,30,15,Sim
2971,Pedagogia,7,Presencial,Noite,13.8,65.6,57.4,7.6,13,0,120,Sim
8147,Engenharia de Software,6,Hibrida,Noite,4.9,89.8,62.2,7.6,1,44,30,Sim
726,Administracao,1,Presencial,Manha,7.9,88.6,64.8,8.2,8,40,15,Nao
2274,Administracao,7,Presencial,Noite,6.5,77.6,87.2,5.9,5,40,90,Nao
4630,Pedagogia,2,Hibrida,Noite,3.7,73.1,71.5,4.9,3,30,45,Sim
9199,Pedagogia,2,Hibrida,Noite,7.5,88.6,,8.4,5,0,15,Nao
1940,Engenharia de Software,5,EAD,Noite,10.1,79.4,79.2,4.2,7,44,0,Nao
6159,Administracao,4,Hibrida,Noite,11.5,81.6,61.3,2.8,10,40,10,Nao
7457,Administracao,2,Presencial,Manha,4.5,95.0,88.3,8.6,1,30,15,Nao
8191,Administracao,8,Hibrida,Manha,5.5,79.9,78.1,5.9,3,20,10,Sim
5238,Administracao,8,Hibrida,Manha,5.3,91.4,75.5,4.9,5,0,60,Nao
1934,Engenharia de Software,3,Hibrida,Manha,0.2,90.2,49.3,4.3,1,0,120,Nao
5705,Engenharia Civil,3,Hibrida,Noite,9.0,80.1,88.5,8.1,0,0,10,Nao
6304,Enfermagem,7,Presencial,Manha,7.4,85.4,81.6,5.3,7,0,60,Nao
6147,Enfermagem,7,Presencial,Manha,11.2,77.0,77.1,4.1,7,20,10,Nao
5567,Engenharia de Software,3,EAD,Noite,1.3,84.7,85.1,8.2,2,40,0,Sim
2350,Pedagogia,2,Presencial,Manha,10.2,68.0,90.0,3.2,15,40,20,Nao
4823,Enfermagem,2,EAD,Manha,7.4,80.6,100,5.3,3,0,0,Sim
1425,Enfermagem,8,Hibrida,Noite,11.7,68.0,100,4.6,6,40,120,Nao
5068,Pedagogia,3,Hibrida,Manha,0.2,63.9,97.6,5.4,0,44,120,Nao
7834,Administracao,3,Presencial,Noite,0.2,78.8,55.7,6.7,4,30,10,Nao
2557,Pedagogia,8,Hibrida,Manha,5.0,57.4,100,6.3,6,44,45,Nao
6247,Pedagogia,7,Presencial,Manha,4.0,94.4,47.9,4.8,1,44,60,Nao
7569,Engenharia Civil,1,EAD,Manha,3.0,78.3,100,4.6,7,20,0,Nao
7459,Engenharia de Software,1,Presencial,Manha,12.8,88.1,74.3,6.4,9,20,90,Sim
6831,Pedagogia,3,Presencial,Noite,5.7,79.0,78.7,5.8,10,44,,Nao
9408,Pedagogia,5,Presencial,Manha,7.6,76.8,81.2,6.2,7,30,30,Sim
5418,Administracao,3,Presencial,Manha,10.3,100,98.9,5.5,8,30,60,Nao
9114,Engenharia Civil,4,Presencial,Manha,10.0,100,77.7,3.7,10,0,45,Nao
1969,Engenharia de Software,6,Presencial,Manha,7.5,72.4,75.5,5.7,5,30,30,Sim
715,Engenharia de Software,1,Hibrida,Noite,8.8,96.1,100,6.0,8,0,20,Nao
4336,Pedagogia,8,Presencial,Noite,10.1,76.0,63.6,6.7,11,44,120,Sim
8486,Enfermagem,2,Presencial,Manha,4.1,86.0,72.0,8.8,3,40,60,Nao
5020,Enfermagem,6,Presencial,Noite,6.7,65.3,54.3,5.6,12,40,120,Sim
7110,Enfermagem,7,Hibrida,Manha,3.2,81.4,73.6,6.0,4,30,90,Nao
4736,Engenharia Civil,3,Presencial,Noite,,85.1,82.8,5.2,9,30,15,Nao
9192,Engenharia Civil,8,Presencial,Noite,7.2,58.4,65.2,7.3,3,44,20,Nao
1403,Pedagogia,1,EAD,Noite,4.3,71.5,66.8,4.7,7,44,0,Nao
1828,Engenharia de Software,5,Presencial,Manha,5.0,92.2,80.6,9.5,8,40,60,Sim
1521,Enfermagem,2,EAD,Noite,1.5,64.1,67.0,7.1,7,20,0,Nao
6474,Enfermagem,5,EAD,Noite,2.6,100,44.6,7.8,3,0,0,Sim
6110,Pedagogia,1,Presencial,Manha,6.0,90.1,99.9,6.1,11,20,45,Sim
1549,Pedagogia,6,EAD,Noite,6.3,86.7,76.7,5.0,8,40,0,Nao
5581,Administracao,2,Hibrida,Manha,6.4,82.7,100,7.8,7,0,90,Sim
3665,Engenharia de Software,6,Presencial,Noite,4.6,82.9,57.8,5.5,8,0,120,Sim
5824,Administracao,5,Hibrida,Manha,0.2,87.5,71.2,6.4,2,30,60,Sim
8836,Engenharia de Software,7,Hibrida,Noite,9.8,86.8,96.5,7.2,4,20,45,Sim
9051,Administracao,2,Presencial,Manha,8.8,78.5,84.3,10,7,40,120,Nao
6530,Pedagogia,8,Hibrida,Manha,10.8,93.5,79.2,7.4,6,0,60,Sim
3576,Enfermagem,8,Hibrida,Manha,7.7,85.7,75.5,5.4,6,40,10,Nao
1597,Enfermagem,2,Presencial,Noite,4.3,57.1,66.9,2.9,4,20,90,Nao
9290,Engenharia Civil,8,Presencial,Noite,4.7,84.4,66.9,7.1,,20,120,Sim
1026,Pedagogia,2,EAD,Noite,9.5,86.4,90.4,5.0,8,30,0,Sim
4,Engenharia de Software,6,Hibrida,Noite,3.6,69.2,71.6,8.3,4,20,10,Sim
6453,Administracao,4,Hibrida,Noite,5.7,91.6,96.9,6.2,11,40,90,Nao
4761,Administracao,4,Presencial,Manha,3.7,68.2,97.8,5.7,9,40,120,Nao
4964,Enfermagem,6,Presencial,Manha,9.1,76.1,100,4.8,13,44,10,Sim
4815,Pedagogia,1,Presencial,Noite,4.0,81.3,76.1,2.8,6,40,120,Nao
5420,Engenharia Civil,3,EAD,Manha,2.3,77.1,96.6,5.6,4,0,0,Nao
5692,Engenharia de Software,2,Presencial,Manha,4.4,74.8,60.9,5.6,7,0,90,Nao
5763,Pedagogia,3,Hibrida,Noite,7.3,83.0,77.3,7.6,7,0,45,Sim
6465,Pedagogia,4,Hibrida,Manha,3.9,82.7,72.9,8.6,3,20,20,Sim
8827,Enfermagem,5,Presencial,Manha,6.7,99.2,74.6,5.9,6,0,60,Sim
2449,Pedagogia,5,EAD,Manha,2.1,100.0,83.9,6.7,3,30,0,Sim
7512,Engenharia de Software,8,Presencial,Noite,13.0,100,76.7,1.9,5,20,60,Sim
2482,Engenharia Civil,7,Presencial,Manha,6.6,86.0,67.6,4.3,6,44,15,Nao
2508,Pedagogia,3,Presencial,Noite,0.2,100,58.3,5.6,0,44,90,Nao
1178,Administracao,7,Hibrida,Noite,9.4,89.9,58.0,6.8,12,30,60,Nao
6757,Administracao,5,Hibrida,Manha,5.2,88.4,70.7,6.4,5,44,15,Sim
5996,Administracao,7,Presencial,Noite,0.5,86.1,54.2,6.6,3,44,20,Sim
4487,Pedagogia,5,Presencial,Manha,3.0,59.1,59.9,5.2,5,44,15,Nao
9494,Engenharia de Software,4,Hibrida,Noite,15.2,87.1,99.8,7.7,11,0,90,Sim
5589,Pedagogia,7,EAD,Noite,7.2,85.3,65.2,5.8,9,20,0,Nao
1975,Administracao,3,Presencial,Manha,10.6,90.9,46.9,6.1,6,20,30,Nao
5935,Pedagogia,8,Hibrida,Manha,4.7,73.8,74.1,4.8,3,20,20,Nao
1498,Pedagogia,7,Hibrida,Noite,9.4,98.8,82.1,8.7,0,20,15,Sim
4159,Pedagogia,5,EAD,Manha,2.1,76.5,54.6,4.8,6,30,0,Nao
1396,Administracao,5,Presencial,Noite,9.9,85.8,74.6,5.3,6,0,15,Nao
7283,Enfermagem,3,Presencial,Noite,2.6,83.3,70.1,5.8,9,0,90,Nao
540,Enfermagem,1,Presencial,Manha,0.2,72.0,41.9,9.0,10,44,45,Nao
3824,Engenharia Civil,8,EAD,Noite,9.3,75.7,88.6,5.2,5,30,0,Sim
8338,Engenharia de Software,6,Presencial,Noite,5.2,68.9,68.5,6.1,2,30,45,Nao
8815,Administracao,3,Hibrida,Manha,10.2,100,100,4.2,6,0,120,Sim
1734,Pedagogia,7,Presencial,Noite,11.6,86.7,74.8,9.3,8,0,60,Sim
6626,Enfermagem,5,Presencial,Noite,6.1,90.6,69.8,6.5,4,40,45,Nao
1860,Engenharia de Software,4,Presencial,Noite,5.4,64.6,,8.0,7,30,45,Nao
9158,Administracao,8,Presencial,Noite,0.2,85.4,50.1,6.2,0,44,60,Nao
5050,Engenharia de Software,7,Presencial,Noite,6.0,79.0,63.2,4.6,7,40,30,Nao
6093,Engenharia Civil,1,Presencial,Manha,5.9,62.4,43.4,8.1,6,30,90,Sim
8981,Enfermagem,7,Hibrida,Noite,8.0,91.4,76.0,5.4,1,30,30,Nao
7393,Pedagogia,3,Presencial,Manha,5.2,90.0,84.7,6.6,7,30,120,Nao
9725,Pedagogia,7,Hibrida,Noite,2.4,73.1,100,9.9,11,40,120,Nao
4970,Enfermagem,1,Presencial,Noite,0.9,79.0,72.5,7.3,2,20,45,Nao
3099,Administracao,5,Presencial,Noite,4.0,87.5,87.6,3.5,5,40,15,Nao
8373,Enfermagem,4,Presencial,Manha,11.0,67.1,68.9,2.7,13,30,45,Nao
5840,Pedagogia,7,Presencial,Noite,5.9,87.1,90.2,6.6,2,44,20,Sim
5060,Pedagogia,7,Hibrida,Manha,5.2,79.3,98.8,4.7,8,44,120,Sim
8655,Engenharia Civil,7,EAD,Manha,5.5,71.6,43.3,4.9,8,0,0,Nao
5528,Administracao,3,Hibrida,Noite,14.8,66.2,87.9,8.1,10,0,10,Sim
1886,Engenharia Civil,2,Presencial,Manha,5.0,96.0,100,5.0,1,30,45,Sim
8054,Engenharia Civil,1,EAD,Noite,8.6,70.6,70.1,3.2,0,20,0,Nao
3241,Engenharia Civil,4,Presencial,Noite,3.4,66.1,80.4,7.7,2,44,45,Nao
8934,Pedagogia,6,Presencial,Manha,4.0,77.4,59.6,4.2,11,30,30,Nao
2042,Administracao,2,Presencial,Manha,5.5,85.9,72.7,10,8,40,45,Nao
6246,Administracao,1,Presencial,Manha,5.5,92.5,60.7,8.6,5,20,15,Sim
9926,Engenharia Civil,3,Presencial,Manha,15.4,82.2,89.7,5.9,12,30,20,Sim
9400,Pedagogia,1,Hibrida,Manha,10.9,86.6,64.4,5.5,6,30,120,Nao
4873,Administracao,6,Hibrida,Noite,4.0,58.0,63.8,7.5,4,44,60,Nao
561,Engenharia Civil,2,Presencial,Manha,12.6,78.0,100,4.3,4,0,90,Sim
9499,Administracao,4,Hibrida,Manha,4.7,77.0,74.0,,3,44,90,Nao
3450,Enfermagem,5,EAD,Noite,13.6,75.4,100,5.6,5,20,0,Nao
1019,Administracao,5,Presencial,Manha,5.8,58.0,65.1,7.9,5,44,120,Nao
1538,Pedagogia,6,Hibrida,Noite,12.7,93.5,94.1,5.6,7,30,10,Sim
3248,Enfermagem,1,Presencial,Manha,7.7,90.3,99.3,2.9,4,0,30,Nao
1044,Engenharia de Software,7,Hibrida,Noite,7.4,67.9,,5.0,3,0,45,Nao
4648,Administracao,8,EAD,Manha,8.1,78.7,73.7,8.7,10,0,0,Sim
1584,Administracao,5,EAD,Manha,3.5,77.8,71.9,7.2,9,40,0,Sim
4735,Enfermagem,7,EAD,Manha,10.7,76.0,100,5.5,4,0,0,Sim
2040,Pedagogia,4,Presencial,Noite,10.7,85.9,62.4,6.2,8,40,15,Sim
6217,Administracao,4,Presencial,Manha,12.3,93.3,100,5.0,7,0,30,Sim
6760,Administracao,2,Presencial,Manha,1.7,61.9,51.0,3.8,8,40,30,Nao
4653,Engenharia Civil,7,Presencial,Noite,17.2,59.8,97.9,5.4,14,0,90,Sim
4756,Pedagogia,6,Hibrida,Manha,2.7,77.1,64.4,,5,0,60,Nao
1057,Pedagogia,2,Presencial,Noite,9.8,93.0,78.1,4.0,10,40,60,Nao
5120,Engenharia Civil,8,Presencial,Manha,11.5,78.3,75.6,5.7,11,0,15,Sim
3940,Engenharia de Software,5,EAD,Manha,6.4,84.9,61.8,5.4,6,40,0,Nao
6588,Enfermagem,3,Hibrida,Noite,0.2,84.3,32.3,8.2,5,40,10,Nao
8935,Engenharia Civil,4,Presencial,Noite,,89.6,67.3,10,3,30,60,Sim
7588,Engenharia Civil,4,Presencial,Noite,5.5,83.6,72.3,3.5,14,20,10,Nao
1616,Engenharia Civil,7,Presencial,Manha,5.4,74.2,63.9,4.9,2,20,120,Nao
2470,Pedagogia,6,Presencial,Noite,7.5,97.0,97.2,5.9,11,0,20,Sim
1822,Enfermagem,3,Presencial,Noite,11.3,58.4,100,5.1,5,0,30,Sim
1848,Pedagogia,2,Presencial,Manha,2.6,60.2,78.0,9.7,1,30,45,Nao
5870,Pedagogia,6,EAD,Noite,9.0,69.2,83.2,5.7,9,44,,Nao
5682,Pedagogia,3,EAD,Noite,2.1,72.8,64.3,4.4,4,44,0,Nao
6639,Enfermagem,3,EAD,Noite,6.6,78.8,83.7,5.9,10,40,0,Sim
3730,Engenharia de Software,7,Presencial,Manha,4.9,95.1,71.5,5.7,16,40,90,Nao
3784,Administracao,5,Presencial,Noite,6.0,100,98.6,5.2,4,20,90,Nao
2415,Administracao,5,Presencial,Noite,13.2,87.9,95.4,4.2,13,0,90,Sim
1588,Administracao,6,Presencial,Noite,6.6,66.9,38.6,,8,30,90,Sim
1276,Pedagogia,6,EAD,Manha,1.0,76.0,48.8,5.6,0,20,0,Sim
6877,Engenharia de Software,8,EAD,Noite,4.0,85.5,72.4,8.3,8,30,0,Sim
8583,Enfermagem,6,Presencial,Noite,11.5,91.2,57.3,4.1,10,40,10,Nao
4055,Engenharia Civil,3,Presencial,Manha,7.4,64.0,81.2,7.8,8,0,20,Nao
2957,Pedagogia,2,Hibrida,Noite,3.8,83.4,56.2,5.9,0,0,20,Nao
7840,Engenharia Civil,8,Presencial,Noite,5.8,78.8,100,5.9,2,0,20,Sim
2023,Engenharia Civil,6,Presencial,Noite,0.8,94.2,70.2,6.4,5,0,,Nao
9104,Engenharia de Software,4,Presencial,Noite,8.7,100,100,5.2,11,20,15,Sim
5394,Engenharia de Software,2,Hibrida,Noite,9.2,75.0,53.6,7.2,8,30,120,Nao
2788,Engenharia Civil,1,Presencial,Noite,7.8,97.1,60.0,2.5,4,30,120,Sim
589,Engenharia Civil,5,Presencial,Noite,2.5,83.8,69.5,5.5,4,30,20,Nao
3670,Pedagogia,6,Hibrida,Noite,6.3,82.3,52.5,5.6,8,20,45,Nao
4900,Engenharia de Software,3,Hibrida,Manha,11.7,74.9,100,6.6,10,0,45,Sim
322,Engenharia Civil,5,Presencial,Noite,11.7,94.6,82.5,9.0,7,0,90,Sim
5177,Enfermagem,8,Presencial,Noite,6.1,85.4,72.4,5.5,10,20,45,Sim
8291,Enfermagem,6,Presencial,Noite,7.4,91.0,100,5.2,6,0,30,Nao
9905,Pedagogia,8,Presencial,Manha,4.2,67.0,100,6.9,0,40,90,Nao
5337,Engenharia de Software,3,Presencial,Manha,0.2,86.1,82.3,2.2,3,44,90,Sim
6277,Engenharia de Software,3,Presencial,Manha,5.6,97.2,65.1,7.2,5,44,20,Nao
7682,Pedagogia,2,Hibrida,Noite,16.2,94.4,70.0,6.8,13,0,60,Sim
283,Enfermagem,5,EAD,Noite,13.8,85.4,92.5,6.8,15,44,0,Sim
3060,Administracao,6,Hibrida,Noite,7.7,73.1,84.4,7.2,0,40,10,Sim
3391,Engenharia de Software,5,Hibrida,Noite,8.1,77.6,61.2,,9,40,10,Nao
4807,Administracao,6,Hibrida,Manha,4.5,84.8,91.9,6.0,7,44,30,Nao
9157,Enfermagem,5,EAD,Manha,2.7,81.7,67.0,6.4,4,44,0,Sim
4171,Engenharia Civil,4,EAD,Noite,12.9,97.4,90.4,4.3,5,20,0,Sim
7685,Enfermagem,8,EAD,Manha,4.1,99.2,69.8,5.8,3,0,0,Nao
873,Engenharia Civil,8,Hibrida,Manha,8.4,82.9,77.3,4.3,6,0,60,Nao
3663,Engenharia de Software,1,Presencial,Manha,7.8,77.2,74.3,5.4,9,0,20,Nao
6591,Administracao,4,Hibrida,Manha,7.1,88.9,64.7,,2,0,10,Nao
3814,Enfermagem,2,Hibrida,Noite,10.9,81.5,90.8,5.5,11,30,120,Sim
6897,Engenharia Civil,8,EAD,Noite,6.1,97.9,73.2,6.7,7,40,0,Sim
7013,Engenharia de Software,4,Presencial,Manha,0.2,86.9,85.5,4.9,3,40,20,Nao
6813,Enfermagem,8,Hibrida,Noite,5.3,70.6,85.3,4.6,4,40,60,Nao
4082,Pedagogia,3,Hibrida,Manha,3.2,100,87.3,5.9,8,20,90,Nao
2983,Pedagogia,8,Hibrida,Noite,7.8,85.7,89.1,5.6,5,30,10,Nao
8946,Enfermagem,5,EAD,Noite,9.3,87.4,85.6,7.1,8,20,0,Nao
9946,Engenharia de Software,2,Presencial,Manha,3.7,87.6,67.9,6.0,1,40,10,Nao
7671,Engenharia de Software,7,EAD,Noite,4.4,65.1,74.0,3.8,4,44,0,Nao
1405,Enfermagem,5,EAD,Manha,3.7,83.5,54.3,4.8,8,20,0,Nao
5248,Pedagogia,5,Presencial,Noite,0.2,79.2,,5.5,0,30,10,Nao
7650,Engenharia Civil,5,Hibrida,Manha,4.3,74.3,44.2,6.5,1,30,90,Nao
2063,Engenharia Civil,4,Presencial,Noite,2.6,73.1,91.1,4.5,1,44,60,Sim
4576,Administracao,4,Hibrida,Noite,5.3,83.2,54.1,7.1,5,44,10,Nao
5551,Pedagogia,6,Presencial,Manha,7.0,87.2,90.3,7.4,1,20,60,Sim
5877,Engenharia Civil,8,EAD,Noite,11.0,97.4,66.0,8.0,4,0,0,Sim
9791,Pedagogia,4,EAD,Noite,7.5,85.3,84.1,6.3,1,0,0,Sim
5562,Enfermagem,8,Presencial,Manha,7.8,82.4,85.5,6.2,11,20,20,Sim
9489,Enfermagem,1,Hibrida,Noite,10.1,85.8,81.3,2.1,2,44,45,Nao
6776,Engenharia de Software,7,Presencial,Manha,9.1,90.9,59.3,7.8,4,0,20,Nao
8876,Pedagogia,1,EAD,Manha,8.2,87.2,83.3,2.8,5,20,0,Sim
3363,Engenharia Civil,5,Presencial,Noite,0.2,82.1,55.5,5.1,5,40,15,Nao
9360,Engenharia Civil,3,Hibrida,Noite,2.1,91.7,91.7,7.0,3,30,45,Sim
9050,Administracao,3,Presencial,Noite,6.8,85.8,63.4,5.5,4,20,120,Nao
6751,Engenharia de Software,6,EAD,Manha,9.7,91.7,100,1.8,4,30,0,Nao
8797,Pedagogia,1,Hibrida,Noite,4.3,86.4,44.7,4.2,3,40,20,Nao
5327,Pedagogia,7,Presencial,Noite,7.5,85.7,77.4,6.6,9,20,60,Nao
1744,Enfermagem,8,Presencial,Noite,10.6,85.1,72.0,9.4,3,44,30,Nao
7609,Administracao,7,EAD,Manha,4.5,84.8,100,6.4,8,0,0,Sim
2661,Pedagogia,8,EAD,Noite,5.6,70.5,67.7,7.1,14,0,0,Nao
155,Administracao,6,Presencial,Manha,11.0,76.8,76.3,4.8,8,0,30,Nao
4719,Enfermagem,8,Presencial,Noite,0.2,78.6,35.5,8.7,3,44,120,Nao
7268,Pedagogia,7,Presencial,Manha,13.5,96.9,75.6,2.8,9,0,60,Sim
555,Administracao,2,Hibrida,Noite,11.4,100,57.4,5.9,9,0,90,Sim
7121,Administracao,6,EAD,Noite,6.7,100,52.8,4.7,5,30,0,Nao
9601,Engenharia de Software,1,Hibrida,Noite,4.6,87.0,63.9,4.0,2,40,10,Nao
4600,Enfermagem,7,Presencial,Noite,9.3,86.5,82.5,3.8,10,0,20,Nao
5006,Engenharia de Software,6,Presencial,Noite,4.5,77.1,68.2,8.9,9,0,15,Nao
9253,Pedagogia,7,Presencial,Noite,9.6,92.0,81.7,3.8,8,44,45,Nao
6801,Engenharia de Software,5,Presencial,Noite,14.8,82.8,72.2,5.1,11,0,15,Sim
815,Pedagogia,1,Presencial,Noite,12.1,94.7,89.1,6.6,9,30,120,Sim
504,Engenharia de Software,8,Presencial,Noite,9.6,79.6,96.1,7.0,6,40,15,Sim
6119,Enfermagem,6,Hibrida,Noite,8.5,97.0,72.9,6.7,10,0,10,Sim
373,Administracao,1,Presencial,Noite,12.5,90.6,76.8,6.1,10,0,45,Sim
8367,Pedagogia,8,Hibrida,Noite,13.8,69.6,100,6.0,12,0,,Sim
6283,Pedagogia,5,Presencial,Noite,10.7,83.5,98.1,5.4,10,0,90,Sim
2686,Engenharia de Software,3,Presencial,Manha,4.1,81.4,58.5,7.9,1,20,10,Nao
9687,Engenharia Civil,5,Presencial,Manha,7.8,70.4,45.2,5.6,3,30,10,Nao
4061,Enfermagem,3,Presencial,Manha,4.6,73.9,77.8,6.3,4,44,45,Nao
205,Engenharia Civil,6,Presencial,Manha,7.0,76.3,87.7,4.9,12,0,45,Nao
3642,Engenharia Civil,5,Hibrida,Noite,4.0,93.5,91.5,5.4,5,20,15,Nao
5073,Engenharia Civil,8,Presencial,Noite,6.4,90.5,79.6,3.2,2,40,20,Sim
1535,Administracao,4,Presencial,Manha,10.5,77.2,86.3,4.9,9,0,30,Nao
9748,Engenharia de Software,5,Presencial,Noite,7.6,87.7,82.2,7.7,5,20,20,Sim
3360,Enfermagem,7,Presencial,Noite,10.0,100,100,9.3,7,0,120,Sim
4902,Administracao,8,Hibrida,Noite,6.5,81.9,100,4.6,6,40,15,Sim
4325,Enfermagem,5,Hibrida,Manha,8.4,73.5,90.1,6.1,5,40,45,Nao
4418,Pedagogia,3,EAD,Noite,4.4,79.4,69.8,3.9,3,0,0,Nao
9449,Pedagogia,5,EAD,Noite,7.3,75.4,77.2,6.1,8,30,,Nao
5515,Administracao,6,Presencial,Noite,7.0,77.2,82.2,5.4,6,44,90,Nao
2032,Enfermagem,1,EAD,Manha,12.7,91.3,84.2,6.9,,0,0,Sim
911,Pedagogia,4,Presencial,Noite,5.5,76.1,99.7,8.6,12,40,10,Sim
7510,Engenharia de Software,8,EAD,Manha,11.4,77.4,83.0,4.0,4,30,0,Nao
1495,Engenharia Civil,8,Presencial,Noite,1.9,83.6,76.2,3.7,3,0,10,Sim
1472,Engenharia de Software,7,Hibrida,Noite,8.0,95.5,100,8.1,2,40,120,Sim
4111,Enfermagem,8,Presencial,Manha,4.8,93.8,74.7,3.7,0,44,30,Nao
2201,Engenharia Civil,3,Presencial,Manha,4.2,86.8,51.0,5.9,8,20,45,Nao
6384,Enfermagem,4,Presencial,Manha,,70.9,63.4,5.6,6,20,20,Nao
502,Pedagogia,4,Hibrida,Manha,8.4,83.0,83.5,7.0,4,44,60,Nao
8252,Engenharia Civil,1,Presencial,Manha,3.2,72.1,63.8,4.7,5,20,90,Nao
4619,Administracao,6,EAD,Manha,12.1,88.2,96.3,7.6,13,0,0,Sim
7754,Pedagogia,1,Hibrida,Noite,6.6,85.0,48.0,3.8,5,20,45,Nao
1099,Engenharia Civil,7,EAD,Noite,9.3,86.3,65.6,6.4,8,30,0,Nao
2127,Pedagogia,2,Presencial,Noite,10.5,78.8,67.1,5.2,6,40,120,Nao
3428,Administracao,5,Presencial,Noite,9.7,81.3,60.4,6.1,8,0,15,Sim
2944,Enfermagem,3,Hibrida,Manha,8.1,87.5,100,7.4,5,30,,Nao
9274,Engenharia de Software,4,Presencial,Noite,5.9,81.0,64.8,4.0,8,44,10,Nao
577,Enfermagem,5,EAD,Noite,14.8,91.5,83.4,8.1,15,20,0,Sim
2466,Pedagogia,4,EAD,Noite,2.0,85.6,73.3,3.8,6,0,0,Nao
8698,Enfermagem,2,EAD,Noite,6.1,95.4,67.5,7.1,4,20,0,Nao
2726,Administracao,2,Presencial,Noite,9.9,88.6,50.1,6.6,4,0,120,Sim
4496,Administracao,2,Presencial,Manha,4.9,96.2,26.2,6.9,5,20,20,Nao
4419,Engenharia Civil,3,Presencial,Manha,4.6,90.1,75.6,8.4,0,20,30,Sim
8212,Engenharia Civil,4,Hibrida,Noite,6.9,95.0,52.9,3.1,4,44,45,Nao
7265,Pedagogia,8,EAD,Noite,10.7,84.5,90.9,6.7,8,0,0,Sim
8892,Administracao,2,Presencial,Manha,1.2,73.7,69.8,6.4,11,0,30,Sim
7541,Enfermagem,8,Presencial,Manha,8.1,84.8,51.3,4.8,8,44,90,Nao
7883,Pedagogia,2,EAD,Manha,8.2,83.8,100,6.1,6,44,0,Nao
3549,Engenharia de Software,8,Presencial,Manha,2.8,87.4,87.5,5.2,6,0,15,Nao
4445,Administracao,8,EAD,Noite,5.7,95.0,,4.9,3,20,0,Nao
5825,Engenharia Civil,8,Presencial,Noite,,66.6,86.4,6.9,5,40,20,Sim
735,Enfermagem,3,Presencial,Manha,2.4,97.1,46.1,8.6,1,30,30,Sim
9870,Administracao,4,Hibrida,Noite,4.1,81.3,63.5,9.9,6,40,60,Sim
2064,Pedagogia,2,Presencial,Manha,6.1,73.0,89.0,3.0,9,44,60,Nao
4371,Engenharia de Software,7,Hibrida,Noite,5.4,97.6,90.3,3.0,0,44,15,Sim
1859,Engenharia de Software,2,Presencial,Noite,0.2,88.3,62.1,5.6,0,44,10,Nao
1667,Engenharia Civil,2,EAD,Manha,5.1,87.6,76.6,6.1,2,30,0,Sim
3880,Pedagogia,5,Hibrida,Noite,5.4,91.0,69.1,7.9,4,30,15,Sim
109,Engenharia Civil,6,Hibrida,Manha,11.5,71.0,85.0,4.6,8,0,30,Sim
6024,Engenharia Civil,3,Presencial,Noite,8.3,84.0,51.5,,9,30,120,Nao
4391,Engenharia de Software,8,Hibrida,Manha,6.8,99.0,72.0,3.7,0,20,90,Sim
2384,Enfermagem,8,Hibrida,Manha,6.0,89.8,68.3,4.8,0,44,30,Nao
1731,Enfermagem,4,Presencial,Noite,7.3,75.9,68.0,3.2,6,30,120,Nao
8074,Administracao,6,Presencial,Manha,10.1,91.1,70.6,5.7,11,0,10,Sim
1399,Enfermagem,7,Hibrida,Noite,10.5,87.3,76.7,7.7,6,0,45,Sim
2687,Pedagogia,2,Presencial,Manha,12.4,100,52.4,4.8,13,20,90,Sim
5981,Administracao,3,Presencial,Manha,1.8,96.4,77.8,6.3,0,0,90,Nao
466,Engenharia de Software,7,Presencial,Manha,6.6,83.4,55.1,4.8,2,30,30,Nao
2793,Pedagogia,5,EAD,Noite,5.5,85.4,45.0,5.6,8,30,0,Nao
1090,Administracao,7,Hibrida,Noite,9.9,100,93.6,5.3,9,44,15,Sim
7339,Enfermagem,4,Hibrida,Manha,7.0,74.2,57.9,6.1,9,0,,Nao
8979,Pedagogia,1,Presencial,Manha,4.8,65.7,72.1,6.0,4,40,15,Nao
392,Administracao,7,Hibrida,Manha,7.2,76.4,78.5,8.1,12,20,120,Sim
8995,Enfermagem,8,Hibrida,Noite,10.9,73.6,74.9,7.7,10,20,90,Nao
2852,Engenharia de Software,7,Presencial,Manha,9.1,90.3,88.9,5.9,8,0,10,Sim
5223,Engenharia Civil,1,Presencial,Noite,4.1,100,100,4.0,1,20,45,Nao
8528,Enfermagem,2,Presencial,Noite,10.5,58.8,81.6,7.1,7,0,120,Nao
3868,Engenharia Civil,6,Presencial,Noite,1.0,88.5,65.9,10,0,40,60,Sim
9018,Engenharia Civil,5,Hibrida,Manha,5.4,91.8,52.0,4.4,7,40,90,Nao
3633,Administracao,8,Presencial,Noite,9.1,74.8,94.5,5.5,5,0,45,Sim
3325,Engenharia Civil,1,Presencial,Noite,8.3,83.7,58.5,7.4,7,44,90,Nao
6152,Engenharia Civil,8,Presencial,Manha,9.5,96.2,100,5.2,9,40,45,Sim
7229,Engenharia de Software,7,EAD,Manha,2.1,90.4,51.3,6.0,3,20,0,Nao
4103,Engenharia Civil,1,Presencial,Noite,3.8,96.1,67.5,6.5,6,30,90,Sim
8369,Enfermagem,3,Presencial,Noite,0.2,69.5,35.9,6.3,5,44,60,Nao
7640,Administracao,2,Presencial,Noite,4.3,70.5,53.4,4.4,9,30,20,Nao
6261,Enfermagem,1,Presencial,Noite,3.8,97.1,73.7,7.3,5,40,15,Nao
7896,Administracao,8,Hibrida,Noite,9.3,80.3,51.4,5.2,6,20,15,Sim
4046,Enfermagem,5,Presencial,Noite,10.4,93.9,89.5,7.0,7,20,10,Sim
3341,Administracao,4,Presencial,Manha,7.0,87.6,91.5,3.3,13,44,45,Nao
7219,Pedagogia,6,Presencial,Noite,0.2,75.1,80.2,7.9,6,0,45,Sim
6229,Administracao,5,Presencial,Noite,13.3,84.5,80.5,6.8,11,20,,Sim
8171,Administracao,7,Hibrida,Manha,9.6,81.8,,6.3,8,0,45,Sim
8154,Engenharia de Software,6,Presencial,Manha,7.9,85.5,,5.9,9,20,15,Nao
4659,Enfermagem,7,Presencial,Manha,11.9,90.8,,7.0,6,0,15,Sim
8070,Engenharia Civil,3,Presencial,Noite,0.2,100,34.1,7.3,3,44,15,Nao
4564,Enfermagem,1,Presencial,Noite,6.4,84.5,80.3,4.3,7,30,120,Sim
5812,Administracao,3,Presencial,Manha,9.1,96.0,91.5,5.0,11,30,15,Sim
8473,Engenharia Civil,3,Presencial,Manha,8.2,73.4,81.0,3.2,10,44,90,Sim
801,Enfermagem,7,Presencial,Noite,6.1,89.5,78.9,7.5,3,20,10,Sim
7054,Engenharia de Software,6,Presencial,Manha,4.7,85.1,72.1,4.5,6,40,60,Nao
9149,Enfermagem,7,Presencial,Noite,6.9,87.1,94.1,7.4,8,20,45,Nao
4632,Pedagogia,3,Presencial,Manha,5.1,87.5,88.1,6.9,3,44,45,Nao
152,Engenharia Civil,7,Hibrida,Manha,0.5,82.3,68.4,5.8,0,30,90,Nao
8532,Engenharia de Software,1,Presencial,Manha,1.5,82.5,72.1,6.3,2,0,60,Nao
4106,Administracao,3,Hibrida,Noite,11.0,100,83.7,8.2,5,44,60,Sim
214,Pedagogia,6,Hibrida,Noite,7.0,83.3,75.0,7.4,7,0,20,Sim
2910,Engenharia Civil,4,Hibrida,Noite,5.1,84.1,65.2,6.8,8,0,120,Sim
2987,Enfermagem,6,Hibrida,Manha,9.8,84.5,99.1,6.8,6,40,120,Sim
4849,Engenharia Civil,5,Hibrida,Manha,11.9,96.3,89.2,5.2,1,0,15,Sim
9705,Pedagogia,3,Hibrida,Noite,4.2,83.5,51.1,8.7,2,40,10,Sim
756,Administracao,2,Presencial,Manha,5.8,77.7,44.2,4.2,10,20,20,Nao
2956,Administracao,6,Hibrida,Manha,6.6,70.9,63.0,7.2,3,30,60,Nao
4436,Pedagogia,8,Hibrida,Noite,4.6,81.4,90.9,7.1,6,20,20,Sim
7540,Enfermagem,6,Hibrida,Manha,11.6,81.3,89.3,10,0,30,120,Sim
5803,Engenharia de Software,7,Hibrida,Noite,1.3,74.9,74.0,7.0,3,30,30,Sim
7359,Engenharia de Software,2,Hibrida,Noite,9.9,85.9,83.5,4.3,8,0,90,Nao
4367,Administracao,6,Presencial,Noite,7.1,77.5,75.4,3.7,8,30,120,Nao
1162,Enfermagem,2,Presencial,Noite,6.8,100,64.2,2.3,3,0,90,Nao
4866,Pedagogia,5,Presencial,Noite,,72.9,44.0,6.4,0,30,120,Nao
2947,Pedagogia,5,Presencial,Noite,6.0,95.7,85.2,8.4,5,44,15,Sim
4539,Engenharia Civil,8,EAD,Noite,7.6,72.8,77.2,2.8,6,44,0,Nao
4330,Enfermagem,5,Presencial,Manha,1.0,67.3,64.3,1.9,4,40,15,Nao
1246,Enfermagem,5,Presencial,Noite,1.9,96.6,69.1,6.7,0,44,90,Nao
3537,Engenharia Civil,5,Presencial,Noite,4.1,91.5,68.4,5.6,6,44,60,Nao
2579,Enfermagem,8,Hibrida,Manha,,86.8,69.7,3.2,6,44,30,Sim
2521,Enfermagem,2,EAD,Noite,4.7,94.1,78.2,8.1,4,40,0,Nao
9658,Engenharia Civil,6,Presencial,Noite,7.2,90.6,92.5,10,12,0,60,Sim
9688,Enfermagem,5,Presencial,Noite,6.6,85.5,71.9,6.3,9,20,45,Sim
1483,Engenharia Civil,4,Presencial,Manha,4.5,81.9,,8.7,6,40,10,Nao
9686,Engenharia Civil,6,Hibrida,Noite,4.8,88.3,61.8,3.1,0,30,45,Nao
232,Pedagogia,3,Presencial,Noite,0.2,87.2,98.2,7.5,2,20,30,Sim
956,Pedagogia,5,Presencial,Noite,2.8,91.8,76.7,5.3,2,20,10,Nao
721,Pedagogia,6,Presencial,Noite,11.3,62.0,91.1,3.5,9,30,20,Nao
3769,Enfermagem,1,Hibrida,Manha,8.1,74.5,77.4,4.3,7,40,60,Nao
8549,Engenharia de Software,7,EAD,Noite,9.3,85.9,100,5.9,6,0,0,Sim
1441,Administracao,3,EAD,Noite,0.2,63.3,13.0,3.8,0,40,0,Nao
7621,Engenharia Civil,3,Hibrida,Manha,6.9,98.3,69.3,7.9,5,30,120,Sim
8352,Engenharia de Software,7,Hibrida,Noite,2.3,100,52.6,,4,0,30,Sim
17,Administracao,2,Presencial,Manha,5.7,75.8,71.9,5.3,6,20,20,Nao
3966,Pedagogia,4,Presencial,Manha,6.5,81.8,58.9,3.6,1,0,15,Nao
1500,Engenharia de Software,3,Hibrida,Manha,3.4,76.8,43.6,4.4,7,30,120,Nao
9539,Engenharia de Software,3,Hibrida,Manha,0.2,85.7,41.9,3.2,4,44,20,Nao
1386,Engenharia de Software,4,Presencial,Manha,3.0,86.7,54.3,3.3,4,30,60,Nao
678,Engenharia Civil,6,Hibrida,Manha,5.9,82.6,66.7,5.1,1,0,60,Nao
2029,Pedagogia,3,Presencial,Noite,7.5,83.5,77.7,6.7,6,30,20,Sim
4668,Engenharia de Software,4,Presencial,Noite,1.1,100,61.8,3.8,0,20,15,Nao
6767,Engenharia Civil,3,Presencial,Manha,3.1,88.9,78.7,6.6,4,44,120,Nao
1283,Engenharia Civil,1,Presencial,Manha,10.0,95.1,88.5,10,8,30,45,Sim
4094,Engenharia de Software,7,Presencial,Manha,8.5,84.8,59.7,5.6,3,0,30,Sim
3976,Engenharia de Software,3,Presencial,Noite,8.6,64.4,100,10,9,0,45,Sim
3249,Administracao,5,Presencial,Manha,8.1,88.8,90.0,5.6,6,20,45,Nao
5903,Engenharia Civil,3,Presencial,Noite,13.6,73.7,69.0,7.2,13,0,45,Sim
843,Administracao,6,Hibrida,Noite,3.6,75.8,85.5,5.7,2,0,90,Nao
3447,Administracao,5,Presencial,Manha,8.9,70.5,97.8,9.9,8,44,90,Sim
665,Pedagogia,6,EAD,Manha,13.8,75.7,100,8.7,11,0,0,Nao
2642,Engenharia de Software,7,Presencial,Manha,3.7,79.2,51.7,4.9,4,30,20,Nao
6168,Engenharia Civil,5,Presencial,Noite,4.5,66.9,60.4,6.8,6,44,15,Nao
2895,Administracao,1,Hibrida,Manha,11.9,100,91.9,8.8,9,30,30,Sim
5732,Administracao,7,Presencial,Manha,0.2,73.9,41.1,6.2,7,30,20,Nao
9179,Pedagogia,5,Presencial,Manha,4.6,63.5,57.1,5.0,3,30,120,Nao
1936,Engenharia Civil,7,Presencial,Manha,3.5,78.6,65.0,6.5,4,0,60,Nao
76,Enfermagem,8,Presencial,Manha,7.0,81.5,91.6,3.6,3,20,90,Nao
5129,Enfermagem,7,Presencial,Manha,7.6,100,84.0,3.6,2,40,90,Sim
2613,Pedagogia,6,Presencial,Noite,3.4,76.9,66.4,3.1,1,0,15,Nao
134,Administracao,6,Hibrida,Noite,8.6,77.0,82.4,7.2,8,0,60,Nao
2883,Engenharia Civil,1,Presencial,Manha,12.1,91.5,78.6,2.1,10,0,120,Nao
6699,Engenharia de Software,4,Presencial,Manha,2.6,67.6,87.3,6.9,5,0,120,Nao
56,Pedagogia,4,Presencial,Noite,9.1,100,90.9,9.8,11,30,90,Sim
9211,Pedagogia,7,Presencial,Noite,9.2,87.2,66.2,7.1,5,0,15,Nao
3900,Administracao,7,Presencial,Noite,0.6,71.3,82.7,4.3,2,20,15,Nao
5185,Engenharia Civil,1,Hibrida,Noite,7.5,78.7,82.0,4.7,8,30,,Nao
32,Administracao,2,Presencial,Manha,6.2,56.2,61.7,4.3,6,44,120,Nao
2110,Enfermagem,2,Hibrida,Noite,11.0,84.4,86.9,5.6,7,30,20,Nao
3756,Enfermagem,6,Hibrida,Noite,8.1,92.9,55.5,5.1,7,40,45,Sim
9262,Enfermagem,3,Presencial,Noite,5.2,77.7,83.1,6.5,8,20,45,Sim
6864,Pedagogia,7,Presencial,Noite,10.1,81.0,65.6,8.1,6,20,20,Nao
8875,Engenharia Civil,1,Presencial,Manha,5.2,75.2,71.8,6.4,8,20,10,Nao
8347,Engenharia de Software,8,Presencial,Noite,5.3,83.4,85.9,7.7,5,0,10,Nao
9117,Enfermagem,5,Presencial,Noite,10.7,82.9,72.7,8.6,15,40,20,Sim
6271,Administracao,6,Presencial,Manha,6.7,91.4,87.5,8.7,7,20,30,Sim
907,Administracao,6,Hibrida,Noite,4.1,76.0,91.2,9.2,5,20,30,Sim
8421,Engenharia Civil,8,Hibrida,Noite,2.3,70.8,76.2,5.4,10,0,90,Nao
8840,Engenharia Civil,5,Hibrida,Noite,0.7,87.5,55.8,4.5,0,40,20,Nao
5787,Enfermagem,8,Hibrida,Noite,6.9,100,68.1,5.8,1,0,120,Nao
3479,Engenharia Civil,4,EAD,Noite,5.4,74.9,59.3,5.6,6,44,0,Nao
389,Pedagogia,6,Presencial,Manha,13.6,79.1,87.7,7.4,11,0,20,Sim
6086,Engenharia Civil,3,Presencial,Manha,8.3,89.4,88.2,5.3,11,40,60,Nao
4478,Administracao,7,EAD,Manha,,97.4,42.6,5.8,9,0,0,Sim
4924,Engenharia de Software,1,Presencial,Manha,2.3,100,63.4,7.6,4,44,90,Sim
6773,Administracao,1,Hibrida,Manha,6.9,97.1,75.3,7.7,8,0,15,Sim
1544,Pedagogia,3,Hibrida,Manha,10.0,86.3,79.0,6.5,9,30,20,Sim
5450,Pedagogia,1,Presencial,Manha,1.1,100,77.8,2.3,1,30,10,Sim
2303,Engenharia de Software,7,Presencial,Noite,6.2,81.4,55.2,4.3,3,20,30,Nao
7423,Pedagogia,7,Hibrida,Manha,8.6,80.8,68.9,6.6,7,20,90,Nao
511,Enfermagem,2,Presencial,Manha,2.4,83.1,74.2,3.8,0,20,45,Nao
2919,Engenharia de Software,6,Presencial,Noite,2.6,100,88.3,9.8,5,40,30,Sim
416,Administracao,5,Presencial,Noite,9.3,92.7,87.8,5.9,3,0,15,Sim
7613,Enfermagem,7,Hibrida,Noite,7.1,61.3,,6.1,6,30,15,Sim
4447,Administracao,7,Presencial,Manha,6.1,80.2,55.3,2.0,2,20,60,Nao
3647,Enfermagem,6,Hibrida,Noite,3.2,75.9,74.1,5.8,4,40,20,Nao
3356,Enfermagem,1,EAD,Manha,9.9,79.0,74.4,6.7,8,30,0,Sim
3774,Enfermagem,4,Presencial,Noite,2.3,87.0,77.6,5.0,2,30,120,Nao
2712,Engenharia Civil,5,Hibrida,Manha,4.6,81.5,71.7,6.6,5,0,15,Sim
6255,Enfermagem,1,Hibrida,Manha,3.9,70.9,49.1,6.6,4,20,20,Nao
8773,Pedagogia,3,Hibrida,Manha,5.9,89.9,88.3,7.0,5,0,60,Sim
2616,Engenharia de Software,3,Hibrida,Manha,4.0,90.5,63.4,7.6,4,0,,Sim
8499,Administracao,5,EAD,Manha,9.1,83.4,47.5,8.1,9,30,0,Nao
6160,Enfermagem,7,Hibrida,Noite,13.3,88.4,100,8.2,11,0,15,Sim
3212,Engenharia Civil,5,Presencial,Manha,3.9,92.7,85.0,9.3,8,44,60,Sim
7867,Enfermagem,1,Hibrida,Manha,11.6,69.8,82.1,6.7,7,44,60,Sim
1280,Administracao,1,Presencial,Manha,7.7,96.8,84.7,8.1,4,30,10,Nao
8832,Administracao,7,Presencial,Manha,3.7,94.0,69.4,,0,40,45,Nao
3218,Pedagogia,8,Presencial,Noite,7.8,100,81.4,5.9,6,0,90,Sim
3201,Administracao,8,EAD,Manha,6.3,86.2,86.2,7.5,8,20,0,Sim
5342,Engenharia de Software,8,Hibrida,Noite,12.2,100,75.1,6.0,9,20,15,Sim
9419,Engenharia de Software,3,Presencial,Noite,11.1,77.7,56.8,4.9,11,0,90,Sim
3327,Engenharia Civil,4,Hibrida,Manha,6.1,87.5,87.7,9.9,7,20,60,Sim
8240,Administracao,4,Hibrida,Manha,12.7,82.0,88.0,6.7,3,0,20,Sim
1056,Enfermagem,2,Hibrida,Manha,10.0,85.6,70.2,6.7,6,20,20,Nao
1704,Pedagogia,7,Presencial,Noite,3.6,87.3,,6.1,0,44,120,Sim
7197,Administracao,4,Presencial,Noite,5.4,100,77.6,6.4,6,0,,Nao
6029,Engenharia Civil,1,EAD,Manha,6.4,90.9,94.7,6.0,3,0,0,Sim
9746,Enfermagem,5,Hibrida,Manha,12.4,77.0,100,0,10,20,15,Sim
2465,Administracao,7,Presencial,Manha,2.6,71.9,65.5,,5,20,30,Nao
1228,Engenharia de Software,7,Hibrida,Noite,3.2,94.9,,6.1,4,0,120,Sim
9264,Enfermagem,1,Presencial,Manha,4.3,80.7,77.3,0.1,2,30,120,Nao
371,Engenharia Civil,2,Hibrida,Manha,5.8,100,65.0,5.8,6,20,60,Nao
3424,Engenharia de Software,5,EAD,Noite,2.6,76.1,64.4,9.1,6,40,0,Sim
9289,Engenharia de Software,2,Presencial,Noite,4.8,69.8,74.8,6.4,6,0,45,Sim
1446,Pedagogia,5,Presencial,Noite,11.4,84.7,100,3.7,7,44,60,Sim
7379,Enfermagem,5,EAD,Noite,2.8,79.0,64.5,6.4,0,30,0,Sim
4285,Engenharia de Software,6,Presencial,Noite,0.2,78.9,69.7,8.5,4,44,120,Nao
4525,Administracao,1,EAD,Noite,8.6,69.7,58.8,6.4,5,20,0,Nao
4308,Engenharia Civil,8,Hibrida,Noite,0.4,82.9,43.9,6.4,4,44,20,Nao
380,Engenharia Civil,3,EAD,Manha,0.4,91.9,69.5,4.9,4,44,0,Nao
6994,Enfermagem,1,Hibrida,Manha,11.4,97.7,71.8,5.4,3,0,20,Nao
6306,Engenharia Civil,5,Presencial,Manha,11.0,83.5,100,6.7,8,44,60,Sim
4958,Enfermagem,2,Presencial,Noite,4.3,100,77.5,7.0,0,0,15,Nao
656,Administracao,6,Hibrida,Manha,0.2,88.9,70.3,9.6,8,40,90,Nao
298,Pedagogia,5,Hibrida,Noite,5.0,76.9,66.7,8.0,1,0,120,Nao
2084,Pedagogia,1,EAD,Noite,3.7,80.7,64.3,3.5,1,20,0,Nao
3962,Engenharia de Software,6,Presencial,Manha,9.6,65.4,37.5,1.9,8,40,30,Nao
1824,Enfermagem,5,Hibrida,Manha,8.4,66.4,88.6,5.6,6,20,90,Sim
362,Administracao,4,Presencial,Noite,12.2,89.6,81.4,7.3,8,40,90,Sim
7734,Engenharia Civil,7,Hibrida,Manha,6.6,83.4,52.9,4.6,4,0,45,Sim
4655,Enfermagem,5,Presencial,Manha,5.3,91.6,55.5,5.4,10,20,120,Sim
4921,Administracao,7,Presencial,Noite,5.4,80.3,46.8,6.1,8,0,10,Nao
7279,Engenharia de Software,3,EAD,Noite,0.2,100,40.0,5.4,2,30,0,Nao
2963,Administracao,1,Presencial,Manha,14.2,83.9,100,8.5,9,40,10,Sim
7714,Administracao,5,Presencial,Noite,10.9,92.1,82.0,7.8,3,0,120,Sim
1312,Enfermagem,1,Hibrida,Noite,4.0,89.6,61.9,10,0,44,20,Nao
3897,Engenharia Civil,6,EAD,Manha,8.6,82.1,88.9,4.6,14,20,0,Sim
1353,Administracao,2,Presencial,Noite,7.8,100,78.4,6.8,10,0,45,Sim
8647,Engenharia de Software,6,Hibrida,Noite,6.5,82.1,38.9,4.1,4,20,45,Nao
186,Administracao,2,Hibrida,Manha,4.0,84.7,69.3,5.9,6,44,15,Nao
6936,Pedagogia,1,Presencial,Noite,7.0,79.3,87.7,6.7,6,44,60,Sim
130,Administracao,2,Presencial,Noite,5.7,90.8,94.8,5.3,4,40,20,Nao
5613,Administracao,4,Hibrida,Manha,5.8,88.8,93.2,6.3,5,44,20,Sim
9722,Engenharia de Software,2,Presencial,Manha,4.3,90.1,55.3,5.1,0,30,60,Nao
355,Enfermagem,5,Presencial,Manha,4.4,100,50.0,6.0,7,40,90,Nao
4647,Engenharia Civil,8,Hibrida,Manha,4.0,69.0,59.6,5.0,9,0,10,Nao
9638,Enfermagem,2,Hibrida,Manha,8.6,71.0,81.1,3.7,4,44,15,Sim
1359,Engenharia de Software,3,Presencial,Manha,2.3,74.8,81.7,3.7,3,44,20,Nao
174,Enfermagem,2,Presencial,Noite,1.7,81.6,27.4,5.5,4,40,15,Sim
6703,Engenharia Civil,1,Presencial,Noite,5.9,69.7,63.7,6.5,5,20,30,Sim
3991,Engenharia Civil,3,Presencial,Manha,3.3,95.5,73.3,4.3,5,30,10,Nao
9178,Engenharia de Software,7,Hibrida,Noite,10.9,88.4,90.7,6.5,6,0,120,Nao
259,Administracao,8,Hibrida,Manha,12.4,83.8,83.3,6.9,6,0,45,Sim
299,Pedagogia,4,Hibrida,Noite,2.4,98.5,84.8,6.5,6,44,120,Sim
9604,Administracao,4,Presencial,Manha,2.0,91.9,47.2,5.1,2,20,45,Nao
2437,Enfermagem,6,Presencial,Manha,13.1,88.1,100,3.7,7,20,90,Nao
6569,Enfermagem,2,EAD,Manha,9.0,84.9,97.8,5.4,9,40,0,Nao
3950,Engenharia Civil,7,Hibrida,Manha,2.7,95.3,57.4,4.0,6,20,15,Nao
9395,Engenharia de Software,8,Hibrida,Noite,4.4,88.8,81.5,7.8,3,40,60,Nao
4662,Engenharia de Software,6,Presencial,Noite,1.1,84.6,47.9,6.4,0,30,60,Nao
6189,Pedagogia,6,Presencial,Manha,1.1,96.8,57.0,6.0,1,0,90,Nao
6902,Pedagogia,4,EAD,Manha,7.8,74.4,78.9,7.9,9,30,0,Nao
1341,Enfermagem,3,EAD,Manha,7.0,88.5,97.0,7.2,3,0,0,Nao
5023,Engenharia Civil,6,Presencial,Noite,6.9,78.3,67.9,2.9,5,0,30,Nao
926,Enfermagem,1,Hibrida,Manha,5.8,88.2,74.1,5.6,10,30,45,Sim
851,Pedagogia,8,Hibrida,Manha,8.2,76.5,56.7,6.7,7,0,15,Sim
9308,Pedagogia,5,Presencial,Noite,10.3,94.4,64.2,6.7,10,0,60,Sim
7656,Engenharia de Software,2,Presencial,Noite,7.3,86.0,91.1,8.7,3,30,30,Sim
9898,Administracao,2,Presencial,Noite,8.7,78.8,81.7,5.3,7,30,60,Sim
4859,Engenharia Civil,5,Presencial,Manha,5.8,85.3,65.6,5.4,2,40,30,Sim
630,Pedagogia,1,Presencial,Manha,5.5,75.4,84.5,5.4,6,40,10,Nao
9193,Engenharia de Software,2,Hibrida,Noite,6.9,83.6,100,5.8,6,0,120,Sim
6661,Pedagogia,8,Presencial,Manha,3.1,88.2,58.8,1.7,2,44,10,Sim
6654,Enfermagem,8,EAD,Manha,6.5,86.7,59.2,5.0,4,40,0,Nao
9254,Enfermagem,7,Presencial,Manha,2.4,81.9,81.3,4.8,0,44,120,Sim
1191,Enfermagem,6,Presencial,Manha,10.7,84.4,81.9,8.4,6,0,45,Sim
7159,Administracao,7,Presencial,Manha,7.7,72.0,81.2,6.9,13,40,20,Nao
6797,Administracao,1,Hibrida,Noite,3.5,84.5,85.0,7.2,5,30,120,Sim
5833,Enfermagem,7,Hibrida,Noite,11.6,77.8,43.5,8.5,3,40,45,Nao
1208,Enfermagem,8,Presencial,Noite,0.7,90.3,74.2,3.8,3,0,15,Sim
1669,Pedagogia,3,Presencial,Manha,9.7,65.0,78.9,5.7,5,20,,Nao
4050,Enfermagem,7,Presencial,Manha,0.2,99.3,64.0,5.8,0,40,10,Nao
5513,Administracao,2,EAD,Noite,9.6,59.3,60.5,6.2,8,20,0,Sim
4810,Engenharia de Software,2,Presencial,Manha,2.3,100,45.3,7.0,4,44,90,Nao
763,Enfermagem,6,Hibrida,Manha,6.8,88.2,69.4,8.8,7,30,45,Sim
7851,Engenharia Civil,1,Presencial,Manha,0.2,74.5,47.2,7.6,4,30,30,Nao
1638,Engenharia de Software,7,Presencial,Noite,7.6,93.2,77.9,7.0,9,0,10,Sim
7315,Engenharia de Software,7,Presencial,Noite,5.8,86.6,86.1,6.8,6,0,30,Sim
8235,Pedagogia,3,Presencial,Manha,5.0,88.9,95.0,7.0,4,40,10,Sim
8650,Enfermagem,7,Presencial,Noite,6.1,74.2,76.3,8.9,3,30,20,Sim
6025,Engenharia Civil,3,Presencial,Manha,3.1,94.8,53.5,6.3,4,30,30,Nao
8068,Engenharia Civil,1,Presencial,Noite,5.2,82.4,67.7,7.1,3,0,10,Nao
8844,Enfermagem,4,Presencial,Manha,5.4,83.6,65.6,5.8,5,44,30,Nao
8633,Administracao,7,EAD,Manha,0.2,69.0,64.4,10,1,40,0,Nao
9728,Enfermagem,2,Presencial,Noite,9.9,76.3,100,7.3,9,20,,Sim
9113,Enfermagem,7,Hibrida,Manha,2.6,73.4,93.3,4.9,0,40,120,Nao
2756,Administracao,1,Hibrida,Manha,6.0,100,57.3,6.1,4,40,20,Nao
4467,Engenharia Civil,2,EAD,Manha,6.7,84.5,100,5.4,10,20,0,Sim
9691,Engenharia de Software,3,Presencial,Manha,2.9,93.9,77.6,6.8,2,0,120,Sim
19,Administracao,6,Hibrida,Noite,5.2,64.8,48.7,5.3,1,0,90,Nao
1789,Engenharia de Software,6,Presencial,Noite,2.4,93.7,64.2,6.0,0,0,45,Sim
1630,Engenharia de Software,3,Presencial,Noite,12.3,70.6,77.0,3.9,9,44,30,Nao
9161,Enfermagem,7,EAD,Manha,7.3,60.4,79.1,7.9,1,20,0,Nao
1808,Engenharia Civil,3,Presencial,Manha,9.1,86.6,72.4,2.7,9,40,,Sim
831,Engenharia de Software,5,Presencial,Noite,5.7,75.2,58.8,6.0,4,0,15,Nao
1829,Engenharia de Software,1,Presencial,Manha,4.5,100,78.7,4.4,6,0,120,Nao
5588,Administracao,8,Hibrida,Noite,5.5,64.4,80.9,3.7,8,0,15,Nao
9757,Administracao,6,Presencial,Manha,4.0,70.9,80.4,6.2,7,0,10,Nao
5196,Engenharia Civil,5,Presencial,Noite,5.0,100,75.6,6.5,6,0,60,Sim
5270,Pedagogia,5,EAD,Manha,7.1,100,73.7,6.0,9,0,0,Sim
8180,Pedagogia,4,EAD,Manha,12.2,68.9,99.2,2.6,9,20,0,Nao
6108,Engenharia de Software,8,Hibrida,Manha,9.3,82.0,89.0,5.2,5,0,20,Sim
8194,Enfermagem,1,Presencial,Noite,10.9,89.4,98.8,7.3,11,0,60,Sim
5609,Pedagogia,7,EAD,Manha,10.4,88.9,79.1,4.7,10,0,0,Sim
4471,Engenharia de Software,5,Presencial,Noite,0.2,100,16.6,9.2,5,44,30,Sim
7597,Administracao,5,EAD,Noite,9.4,79.7,85.6,4.6,6,20,0,Nao
4492,Engenharia Civil,4,Hibrida,Noite,3.3,89.1,74.9,7.4,4,0,30,Nao
5179,Engenharia de Software,1,Hibrida,Noite,12.5,89.7,94.7,7.2,12,30,90,Nao
3118,Engenharia Civil,4,Presencial,Manha,5.2,77.9,89.1,7.1,6,44,45,Nao
4718,Engenharia Civil,2,Presencial,Manha,8.7,75.8,80.2,6.0,9,44,10,Sim
9605,Administracao,7,EAD,Noite,8.0,85.1,100,7.3,5,40,0,Sim
6291,Enfermagem,5,Hibrida,Manha,3.2,92.7,63.6,7.6,2,40,20,Nao
7117,Engenharia de Software,7,Presencial,Manha,0.2,78.9,83.7,2.8,1,44,30,Nao
8025,Enfermagem,3,EAD,Noite,3.6,84.0,100,5.0,4,44,0,Nao
7649,Enfermagem,7,Presencial,Noite,7.0,76.7,100,7.8,6,0,10,Nao
1920,Enfermagem,4,Presencial,Noite,4.0,86.3,85.9,7.4,10,0,10,Sim
1094,Enfermagem,4,Presencial,Noite,8.5,76.4,90.9,4.0,6,30,120,Nao
3505,Engenharia Civil,1,Presencial,Noite,5.5,92.3,60.5,5.4,8,20,20,Sim
9706,Administracao,7,Presencial,Manha,7.4,82.6,60.0,7.0,8,20,90,Nao
6332,Enfermagem,8,Hibrida,Manha,7.8,74.0,89.6,,7,40,15,Nao
4322,Pedagogia,1,Presencial,Manha,13.1,76.2,100,8.0,9,30,60,Sim
7951,Engenharia Civil,3,EAD,Manha,5.0,53.2,48.9,3.7,5,40,0,Nao
1702,Engenharia Civil,2,Presencial,Manha,6.8,79.5,88.7,7.1,4,40,20,Sim
6785,Enfermagem,4,EAD,Manha,9.5,86.6,82.7,6.4,14,20,,Nao
5471,Administracao,3,Presencial,Manha,,92.3,69.6,7.1,6,0,20,Sim
8714,Enfermagem,1,Hibrida,Manha,3.1,95.9,52.3,4.1,5,20,60,Nao
5391,Engenharia Civil,6,EAD,Manha,9.1,93.8,78.8,5.9,10,20,0,Nao
3609,Administracao,2,EAD,Noite,12.6,96.4,100,8.5,8,40,0,Sim
7296,Pedagogia,7,EAD,Noite,11.6,88.8,92.1,4.9,13,0,0,Nao
7847,Engenharia Civil,7,Presencial,Noite,5.5,78.7,72.2,6.5,2,44,30,Nao
2830,Administracao,2,EAD,Noite,7.0,77.6,78.1,5.9,4,20,0,Sim
2556,Enfermagem,8,Presencial,Manha,6.2,83.5,82.8,9.0,8,20,15,Nao
9353,Engenharia Civil,2,Hibrida,Noite,3.2,73.1,91.8,5.2,0,44,90,Nao
1785,Enfermagem,3,Presencial,Noite,7.4,90.3,71.4,6.5,3,30,30,Nao
7383,Administracao,5,EAD,Noite,11.5,70.2,100,6.9,16,0,0,Sim
8222,Administracao,3,EAD,Noite,7.0,90.5,70.4,4.4,5,44,0,Nao
8976,Pedagogia,7,Hibrida,Manha,7.2,76.5,55.1,6.0,2,0,20,Nao
8591,Engenharia de Software,6,EAD,Manha,10.2,100,100,7.8,1,0,0,Sim
9603,Enfermagem,7,EAD,Manha,0.2,79.5,68.2,5.2,0,0,0,Sim
4283,Administracao,2,EAD,Noite,7.3,76.2,87.4,3.5,5,0,0,Nao
3048,Engenharia de Software,4,Presencial,Noite,4.3,76.9,71.4,8.6,3,44,45,Nao
1253,Administracao,8,Hibrida,Noite,7.6,66.3,30.2,7.1,6,40,60,Nao
6267,Enfermagem,2,Presencial,Noite,6.1,100,95.0,6.2,8,0,90,Nao
6861,Enfermagem,6,Hibrida,Noite,7.5,82.3,35.5,4.5,4,0,120,Nao
4966,Engenharia de Software,8,Presencial,Manha,10.5,99.2,77.3,8.2,10,0,30,Sim
6535,Administracao,5,Presencial,Noite,10.3,73.9,84.6,7.3,8,44,30,Sim
4515,Administracao,1,Presencial,Manha,9.6,70.2,97.2,5.0,13,0,60,Nao
3807,Pedagogia,4,Hibrida,Noite,5.8,66.3,45.6,6.1,6,0,45,Sim
4473,Enfermagem,6,EAD,Noite,21.2,58.5,100,4.5,11,0,0,Sim
2934,Enfermagem,1,EAD,Noite,0.2,80.6,,8.0,4,40,0,Nao
7624,Enfermagem,2,Presencial,Manha,14.5,74.4,99.9,4.9,3,0,120,Sim
8891,Administracao,7,Presencial,Manha,3.9,81.8,59.5,5.3,3,20,10,Nao
8739,Administracao,4,Hibrida,Noite,1.4,96.4,83.1,5.2,1,30,45,Nao
5807,Pedagogia,2,Presencial,Noite,4.7,70.5,60.3,5.4,7,44,120,Nao
4280,Enfermagem,3,Presencial,Manha,3.9,67.1,82.8,6.7,7,30,30,Nao
729,Engenharia Civil,1,Hibrida,Manha,6.4,72.1,63.8,5.3,6,20,90,Sim
4633,Engenharia de Software,7,Presencial,Manha,2.0,99.5,69.5,3.4,6,40,45,Nao
7836,Pedagogia,3,Presencial,Noite,9.1,82.3,100,7.0,6,0,45,Sim
2068,Engenharia de Software,5,Hibrida,Manha,6.5,100,75.9,8.8,10,44,30,Sim
3379,Pedagogia,8,Presencial,Manha,6.9,64.0,76.4,7.2,9,20,45,Nao
4833,Enfermagem,7,Presencial,Noite,3.2,83.2,62.8,7.4,0,30,10,Nao
7171,Enfermagem,6,Hibrida,Noite,8.9,87.9,82.8,,11,20,120,Sim
898,Engenharia de Software,2,Presencial,Manha,0.2,95.5,66.7,7.2,7,44,20,Sim
2101,Engenharia de Software,2,Hibrida,Manha,1.8,85.8,50.4,7.0,0,20,90,Nao
6240,Engenharia de Software,1,Hibrida,Manha,11.7,80.7,100,9.8,4,20,15,Sim
8084,Pedagogia,5,Presencial,Manha,10.7,93.3,54.8,5.1,6,40,10,Nao
3112,Pedagogia,2,Presencial,Noite,8.4,75.8,90.0,5.6,8,0,120,Sim
2802,Engenharia Civil,7,Presencial,Noite,4.4,74.0,87.9,5.0,8,0,45,Sim
2958,Engenharia de Software,3,Hibrida,Noite,3.2,79.2,87.0,8.7,4,44,60,Nao
80,Engenharia de Software,5,Hibrida,Noite,9.0,100,98.6,6.3,11,0,60,Sim
4700,Enfermagem,4,Presencial,Manha,2.2,58.4,76.1,2.1,2,30,60,Nao
2051,Administracao,1,Presencial,Manha,5.9,67.7,54.2,6.5,8,44,120,Nao
496,Engenharia de Software,4,Presencial,Noite,11.4,84.1,75.8,8.4,10,30,20,Sim
7301,Engenharia Civil,5,Presencial,Manha,13.8,63.0,70.7,5.8,5,44,45,Nao
6815,Enfermagem,5,EAD,Manha,12.1,99.2,87.3,6.6,7,30,0,Sim
41,Administracao,7,Presencial,Manha,0.2,92.7,44.7,5.2,7,44,10,Nao
1545,Engenharia Civil,5,Hibrida,Noite,4.2,78.2,48.9,0.8,8,30,120,Nao
9255,Pedagogia,4,Presencial,Noite,12.4,48.4,87.5,8.4,8,0,45,Nao
795,Engenharia de Software,1,Hibrida,Noite,6.3,100,61.4,6.6,5,20,30,Nao
9038,Administracao,5,Presencial,Manha,4.4,74.0,100,5.7,0,0,15,Nao
10,Engenharia de Software,6,Presencial,Manha,0.6,67.4,58.6,5.1,3,44,45,Nao
7566,Engenharia de Software,1,Presencial,Noite,6.8,79.6,96.1,8.1,7,40,60,Sim
3527,Administracao,2,Presencial,Noite,9.9,87.3,77.8,3.1,7,0,60,Nao
1578,Enfermagem,7,Presencial,Manha,11.8,81.6,97.6,8.1,7,20,20,Sim
5785,Engenharia Civil,6,EAD,Noite,4.8,63.3,84.1,6.0,7,44,0,Nao
7965,Engenharia Civil,8,Hibrida,Manha,0.4,100.0,46.9,5.4,6,40,15,Sim
3345,Pedagogia,1,EAD,Noite,1.2,73.9,57.4,3.1,8,20,0,Nao
7523,Engenharia Civil,1,EAD,Noite,10.0,86.6,100,3.7,9,44,0,Sim
682,Administracao,8,Presencial,Manha,8.5,86.5,75.0,7.9,7,44,30,Nao
793,Engenharia Civil,8,Hibrida,Manha,2.4,89.0,82.2,8.2,5,40,90,Nao
1107,Pedagogia,4,Hibrida,Manha,9.7,99.2,95.6,,11,0,45,Sim
161,Engenharia de Software,8,Hibrida,Noite,8.4,96.9,61.8,6.8,6,30,15,Sim
895,Engenharia de Software,5,Presencial,Manha,1.7,82.8,92.0,7.8,0,40,20,Sim
9321,Engenharia Civil,6,Hibrida,Manha,5.8,92.1,65.4,5.1,6,30,45,Nao
6345,Enfermagem,3,Presencial,Manha,14.8,80.7,94.4,2.8,11,30,15,Sim
2223,Engenharia de Software,5,Presencial,Noite,9.4,87.5,85.8,5.3,8,30,45,Nao
8571,Enfermagem,3,Presencial,Noite,16.2,89.9,61.7,4.3,12,0,120,Nao
9086,Engenharia de Software,1,Presencial,Noite,9.4,80.6,36.5,6.6,7,0,30,Sim
4392,Pedagogia,6,Hibrida,Manha,5.6,76.0,73.4,5.3,7,0,15,Nao
9569,Enfermagem,3,Presencial,Manha,9.4,71.9,86.1,8.4,9,44,120,Sim
8513,Pedagogia,2,Hibrida,Noite,16.8,85.6,100,5.8,9,40,30,Sim
5007,Administracao,7,Presencial,Noite,5.5,89.2,73.7,6.2,9,0,10,Nao
5601,Enfermagem,7,Presencial,Manha,9.1,97.0,60.9,8.4,8,0,10,Sim
6792,Pedagogia,8,Hibrida,Noite,10.2,73.6,86.1,7.6,6,0,120,Nao
7066,Pedagogia,5,Presencial,Manha,10.3,87.4,91.6,5.6,13,0,120,Sim
6764,Pedagogia,3,Presencial,Manha,7.7,90.4,84.5,8.6,7,44,10,Sim
8685,Enfermagem,6,EAD,Noite,8.6,94.8,61.2,7.1,8,44,0,Sim
9026,Administracao,4,Presencial,Noite,0.5,86.0,77.8,4.4,3,44,60,Sim
9080,Enfermagem,7,Presencial,Manha,12.8,94.0,92.9,4.6,12,44,90,Sim
3359,Enfermagem,4,Presencial,Noite,0.2,77.5,47.6,5.7,2,44,20,Nao
6493,Pedagogia,7,EAD,Manha,4.4,86.3,85.8,6.5,7,20,0,Sim
2593,Engenharia Civil,1,Presencial,Noite,16.4,83.2,100,6.6,16,0,60,Sim
6550,Engenharia Civil,4,EAD,Manha,4.5,100,86.5,4.0,8,30,0,Nao
2824,Pedagogia,6,Presencial,Noite,3.2,81.3,44.6,7.2,6,44,45,Nao
751,Enfermagem,1,Hibrida,Manha,8.0,80.4,92.8,10,6,0,45,Sim
2953,Administracao,1,EAD,Manha,2.7,81.1,49.9,2.1,6,44,0,Nao
767,Engenharia Civil,2,Presencial,Noite,3.9,68.0,62.9,5.0,2,44,15,Nao
1786,Engenharia Civil,8,Hibrida,Noite,2.8,85.1,85.4,,8,40,30,Nao
6417,Pedagogia,2,Presencial,Noite,10.7,71.7,88.9,8.7,12,40,90,Sim
8937,Engenharia Civil,3,Presencial,Noite,0.8,98.0,81.4,5.8,1,30,45,Nao
9435,Engenharia Civil,5,Presencial,Noite,7.6,90.2,74.5,5.9,10,44,20,Nao
6023,Enfermagem,5,Presencial,Manha,6.9,57.3,100,7.2,7,40,30,Sim
5105,Engenharia Civil,8,Presencial,Noite,6.4,93.0,69.0,4.9,2,44,15,Nao
8590,Engenharia Civil,6,Hibrida,Manha,8.4,91.3,60.3,2.9,7,44,90,Sim
7023,Administracao,1,Presencial,Noite,5.4,95.3,66.0,9.6,6,0,45,Sim
9509,Engenharia de Software,8,Hibrida,Noite,6.7,55.8,64.3,7.9,8,20,60,Sim
6988,Engenharia de Software,6,Presencial,Manha,4.7,77.8,72.3,5.9,0,20,10,Nao
6563,Administracao,3,Presencial,Manha,5.2,98.2,67.7,4.9,5,40,90,Nao
3155,Enfermagem,4,Hibrida,Noite,8.1,100,82.7,7.3,8,0,30,Sim
515,Administracao,6,Hibrida,Noite,1.3,84.1,75.8,4.8,9,40,60,Nao
6325,Engenharia Civil,7,Presencial,Noite,7.3,64.7,60.9,5.0,8,44,30,Nao
4416,Pedagogia,1,Presencial,Manha,6.5,97.7,65.3,7.4,2,40,15,Nao
6112,Engenharia Civil,6,Presencial,Noite,9.4,78.1,85.0,6.6,7,40,30,Sim
4180,Engenharia de Software,3,Hibrida,Noite,11.4,58.0,100,4.5,4,40,20,Sim
1469,Engenharia Civil,8,Presencial,Manha,14.5,88.0,100,5.2,9,0,45,Sim
8050,Pedagogia,6,Presencial,Manha,6.3,87.5,41.1,2.8,6,20,45,Nao
3607,Enfermagem,3,Hibrida,Noite,12.1,100,85.3,4.6,10,0,20,Nao
126,Enfermagem,4,EAD,Noite,5.8,79.5,95.4,4.4,7,40,0,Sim
6176,Pedagogia,7,EAD,Noite,3.2,77.8,85.9,5.2,8,30,0,Nao
9414,Pedagogia,1,Hibrida,Noite,8.9,91.6,87.1,5.3,10,40,45,Sim
9052,Engenharia Civil,1,EAD,Noite,6.2,90.8,86.7,7.7,5,40,0,Nao
3153,Administracao,7,Presencial,Noite,17.1,94.1,100,5.1,14,0,120,Sim
5183,Pedagogia,8,Presencial,Manha,6.6,89.6,50.5,4.9,7,0,20,Nao
2715,Engenharia de Software,8,Hibrida,Noite,6.6,79.1,84.0,6.5,0,40,90,Nao
1048,Administracao,3,Presencial,Noite,9.5,90.7,70.0,9.4,9,0,120,Sim
8689,Engenharia Civil,3,Presencial,Manha,2.9,72.5,100,6.7,6,0,30,Sim
5596,Engenharia de Software,2,Presencial,Manha,9.9,91.1,47.4,5.5,,40,15,Sim
5672,Pedagogia,4,Presencial,Noite,7.1,78.8,88.7,8.2,3,30,,Nao
4191,Engenharia de Software,7,Presencial,Manha,6.3,78.1,85.8,6.3,7,0,90,Sim
2377,Engenharia de Software,1,Presencial,Manha,4.7,70.3,65.9,4.0,7,30,20,Nao
1313,Administracao,8,Presencial,Noite,1.5,64.3,43.7,6.7,3,40,30,Nao
750,Pedagogia,8,EAD,Manha,7.3,96.8,87.0,7.2,13,0,0,Nao
2054,Engenharia de Software,4,Presencial,Manha,6.2,89.4,67.5,10,9,20,60,Sim
2737,Engenharia Civil,5,Presencial,Manha,4.6,73.8,30.9,5.3,5,44,90,Nao
2163,Engenharia Civil,8,EAD,Manha,10.4,92.9,100,4.1,7,20,0,Sim
4264,Administracao,2,Hibrida,Manha,5.2,77.3,56.4,6.3,6,20,20,Nao
3055,Pedagogia,7,EAD,Noite,7.1,94.4,55.5,5.7,6,40,0,Sim
8529,Administracao,6,Hibrida,Noite,4.4,85.4,58.8,9.3,7,0,60,Sim
8336,Pedagogia,6,Presencial,Manha,,94.9,70.1,4.2,8,44,90,Sim
2147,Enfermagem,5,Hibrida,Manha,7.3,82.7,63.0,7.0,9,30,120,Nao
1459,Engenharia de Software,6,Hibrida,Manha,8.1,100,56.3,3.6,7,0,120,Nao
9347,Pedagogia,5,Presencial,Noite,10.1,85.8,96.4,,8,40,30,Sim
2762,Engenharia de Software,8,Presencial,Manha,,79.9,31.7,5.1,4,20,20,Nao
1342,Enfermagem,2,Presencial,Noite,5.4,92.4,82.1,7.1,5,40,30,Sim
948,Enfermagem,1,Presencial,Noite,4.8,73.4,66.3,4.3,4,44,120,Nao
8478,Engenharia Civil,8,Presencial,Manha,7.6,90.8,75.2,8.9,4,44,30,Sim
9518,Administracao,1,Presencial,Manha,3.8,64.9,81.8,6.8,4,44,15,Nao
448,Engenharia Civil,1,Presencial,Noite,5.5,76.1,63.1,10,11,44,10,Sim
9906,Engenharia de Software,2,Presencial,Noite,0.6,94.1,74.5,6.7,0,44,30,Nao
9671,Administracao,8,EAD,Noite,8.5,78.7,100,7.2,10,30,0,Sim
2062,Enfermagem,6,Presencial,Manha,14.3,67.6,80.2,5.1,10,0,60,Sim
8017,Enfermagem,2,Hibrida,Noite,3.4,79.0,84.4,5.8,0,40,15,Nao
3388,Pedagogia,1,EAD,Noite,12.0,82.8,43.2,1.7,8,0,0,Nao
6637,Enfermagem,7,Presencial,Noite,9.1,70.9,98.5,6.2,1,0,120,Sim
5756,Engenharia Civil,7,Presencial,Noite,3.6,99.3,57.1,5.5,1,20,15,Sim
5851,Pedagogia,6,Presencial,Manha,14.1,90.6,89.8,7.8,14,0,10,Sim
1560,Engenharia de Software,1,Presencial,Manha,11.6,73.8,88.4,5.3,13,0,10,Nao
7067,Administracao,4,Presencial,Manha,6.1,91.5,66.1,7.3,8,20,120,Nao
9238,Pedagogia,6,Presencial,Manha,9.8,79.5,72.1,3.1,10,40,90,Nao
8882,Administracao,8,Hibrida,Noite,2.7,74.8,66.4,5.9,2,44,30,Nao
3317,Enfermagem,3,Presencial,Manha,11.8,93.8,100,0.2,6,30,15,Nao
1327,Enfermagem,5,Hibrida,Manha,7.9,79.0,89.3,2.2,8,30,120,Nao
2806,Engenharia Civil,3,Presencial,Noite,2.8,75.3,52.7,2.4,1,40,20,Nao
3718,Pedagogia,8,Presencial,Noite,7.5,84.6,59.0,7.8,10,0,90,Sim
5874,Engenharia de Software,8,Presencial,Noite,6.0,67.9,59.9,8.4,3,30,10,Sim
7323,Administracao,5,Presencial,Noite,1.4,88.4,78.1,4.4,0,40,15,Nao
3904,Administracao,2,Presencial,Manha,10.7,83.8,80.2,4.7,12,20,45,Nao
3194,Administracao,3,Presencial,Noite,3.7,78.2,83.0,5.1,4,44,15,Nao
4328,Engenharia Civil,2,Presencial,Manha,5.7,79.5,66.0,6.0,2,0,120,Sim
6173,Engenharia de Software,2,Presencial,Noite,4.7,91.0,49.8,3.0,5,0,20,Nao
8678,Enfermagem,6,Presencial,Noite,1.3,88.9,82.1,7.3,2,40,120,Sim
7586,Administracao,8,Presencial,Noite,9.4,78.0,70.4,2.4,6,0,10,Nao
5,Administracao,2,Presencial,Manha,1.0,86.5,66.5,5.2,6,44,30,Nao
2288,Administracao,3,Hibrida,Manha,10.7,100,83.3,4.7,13,0,20,Sim
4831,Enfermagem,6,Presencial,Manha,3.9,88.6,59.2,3.0,0,40,15,Nao
4060,Pedagogia,8,EAD,Noite,5.1,68.2,71.1,5.3,4,44,0,Nao
8702,Pedagogia,4,Presencial,Noite,2.4,75.0,47.2,0.7,2,0,90,Nao
3735,Engenharia Civil,2,Presencial,Manha,0.2,79.4,39.6,8.3,2,20,60,Nao
8441,Engenharia Civil,6,Presencial,Noite,10.4,83.1,100,4.5,12,20,90,Sim
2034,Pedagogia,8,Presencial,Noite,13.0,100,77.2,5.1,10,0,60,Sim
4393,Administracao,7,EAD,Noite,6.8,86.2,60.2,7.5,10,40,0,Sim
7155,Administracao,7,Hibrida,Noite,3.0,87.6,53.0,5.0,4,0,45,Nao
8540,Engenharia Civil,2,Presencial,Noite,10.6,76.3,64.0,4.6,7,0,120,Sim
4182,Engenharia Civil,6,Hibrida,Noite,5.2,87.0,59.7,5.9,7,0,45,Nao
7737,Administracao,3,Hibrida,Noite,4.7,86.0,100,4.4,1,20,15,Sim
6083,Engenharia Civil,5,Presencial,Manha,15.5,88.4,81.9,4.7,11,0,20,Sim
2539,Administracao,8,Presencial,Manha,4.2,59.9,85.3,5.7,5,0,120,Nao
7633,Engenharia Civil,8,Presencial,Noite,5.8,76.1,99.6,4.5,3,20,15,Nao
734,Engenharia Civil,7,EAD,Noite,7.4,83.5,,6.7,4,20,0,Sim
2145,Administracao,4,Hibrida,Manha,13.4,73.1,67.7,3.6,9,0,90,Sim
6901,Enfermagem,5,Presencial,Noite,11.7,78.6,55.5,5.3,8,44,120,Sim
2259,Pedagogia,8,Presencial,Manha,8.7,73.7,72.0,3.2,7,30,90,Nao
4623,Pedagogia,1,Presencial,Noite,3.6,83.8,94.2,5.7,9,0,60,Sim
2315,Pedagogia,7,EAD,Manha,6.1,73.6,86.0,8.3,9,30,0,Nao
4911,Pedagogia,1,EAD,Noite,9.8,81.8,85.3,7.7,9,30,0,Sim
9743,Enfermagem,6,Presencial,Noite,14.8,77.0,67.3,7.1,13,40,10,Sim
6285,Engenharia Civil,5,Presencial,Noite,14.2,81.6,83.6,5.2,13,0,15,Sim
425,Engenharia de Software,5,Hibrida,Manha,10.6,87.4,88.3,6.6,9,0,45,Sim
137,Engenharia Civil,6,Presencial,Manha,11.8,71.6,99.6,4.3,10,30,10,Sim
2578,Engenharia de Software,7,Hibrida,Noite,,68.5,95.9,6.5,11,0,10,Sim
2151,Pedagogia,7,Presencial,Noite,2.4,88.2,80.3,4.9,5,20,60,Nao
7979,Engenharia de Software,5,Presencial,Noite,4.8,84.4,96.9,7.3,3,0,60,Nao
6308,Enfermagem,7,Presencial,Noite,1.2,84.2,49.8,3.0,4,20,120,Nao
5974,Pedagogia,8,Presencial,Manha,0.2,71.9,37.2,5.5,4,30,120,Nao
5181,Administracao,6,Presencial,Manha,4.5,96.6,67.3,6.8,10,20,20,Sim
6756,Engenharia de Software,1,EAD,Manha,13.7,73.6,80.7,4.8,10,0,0,Nao
7516,Enfermagem,3,EAD,Noite,12.0,99.6,86.4,,8,44,0,Nao
9073,Engenharia de Software,2,Hibrida,Manha,6.3,89.2,53.3,5.1,6,30,30,Nao
8116,Enfermagem,6,EAD,Noite,12.6,74.8,66.6,6.7,8,30,0,Nao
3639,Administracao,4,EAD,Manha,2.2,87.9,60.9,6.8,1,20,0,Nao
9230,Administracao,2,Presencial,Noite,11.7,92.5,83.3,4.2,3,0,90,Nao
1647,Administracao,8,Presencial,Noite,4.1,57.5,100,8.5,2,30,10,Sim
3121,Engenharia de Software,3,Presencial,Noite,7.5,71.0,66.2,7.3,8,0,120,Sim
7799,Engenharia Civil,8,Hibrida,Noite,4.5,92.8,66.7,8.6,2,44,20,Sim
7823,Administracao,3,Hibrida,Noite,9.6,68.8,84.0,5.7,0,0,45,Sim
7014,Engenharia Civil,6,EAD,Manha,1.6,76.5,81.4,4.6,4,20,0,Sim
3287,Pedagogia,7,Hibrida,Manha,10.4,76.3,61.2,4.5,8,0,30,Nao
1529,Administracao,1,EAD,Noite,0.3,77.4,39.0,6.3,3,40,0,Nao
1310,Administracao,4,Presencial,Manha,3.8,97.4,42.2,7.6,3,20,120,Sim
8374,Engenharia de Software,2,Hibrida,Manha,12.2,94.5,96.9,6.0,7,40,10,Sim
7075,Engenharia Civil,8,Presencial,Noite,6.6,77.8,79.9,6.7,9,40,45,Nao
9385,Enfermagem,5,Presencial,Noite,5.8,91.6,89.8,,7,20,60,Sim
3664,Engenharia de Software,3,Presencial,Noite,0.5,82.3,39.0,9.3,8,44,30,Nao
8465,Engenharia de Software,7,Presencial,Noite,8.5,87.5,75.6,4.9,10,0,120,Nao
2970,Enfermagem,7,Presencial,Manha,5.7,82.0,51.1,9.4,5,44,30,Sim
8251,Engenharia Civil,2,Hibrida,Noite,5.8,88.3,75.8,6.7,1,20,45,Nao
5261,Engenharia de Software,5,Presencial,Noite,2.0,76.8,99.6,5.2,9,20,60,Sim
3302,Engenharia Civil,8,EAD,Manha,10.7,92.3,62.7,5.4,10,44,0,Sim
166,Pedagogia,1,EAD,Manha,3.7,79.6,55.5,7.5,5,0,0,Nao
7487,Engenharia Civil,4,Presencial,Noite,9.5,85.4,89.7,5.4,10,0,45,Sim
4683,Engenharia Civil,5,Presencial,Noite,9.6,76.9,86.4,6.4,3,30,45,Nao
1915,Administracao,7,Presencial,Noite,8.0,100,90.3,9.7,6,0,45,Sim
4254,Engenharia Civil,3,Presencial,Manha,5.8,80.2,,2.7,6,40,45,Nao
3183,Enfermagem,5,Presencial,Manha,9.0,95.5,61.1,6.4,13,0,120,Sim
9392,Pedagogia,1,Presencial,Noite,6.9,86.8,65.2,2.9,9,44,20,Nao
3566,Pedagogia,8,Hibrida,Manha,7.3,74.6,65.2,6.3,3,0,60,Nao
1537,Administracao,2,EAD,Noite,0.2,100,48.4,4.6,0,44,0,Nao
549,Pedagogia,7,Hibrida,Manha,6.6,71.3,70.3,3.9,4,44,60,Nao
3746,Engenharia Civil,7,Presencial,Manha,4.5,91.6,65.0,7.6,5,44,45,Nao
3403,Engenharia de Software,4,Hibrida,Manha,8.1,81.5,100,7.6,4,0,15,Sim
979,Administracao,4,EAD,Noite,3.4,100,86.1,8.8,6,0,0,Sim
9608,Administracao,5,Presencial,Manha,7.2,87.9,63.6,4.2,1,0,10,Nao
4071,Enfermagem,2,Presencial,Manha,3.9,79.7,79.1,8.5,1,40,15,Sim
7371,Enfermagem,2,Presencial,Manha,4.0,83.4,75.7,3.6,2,40,20,Nao
1580,Administracao,1,Hibrida,Manha,0.9,86.7,57.6,7.7,8,44,30,Nao
5481,Engenharia Civil,5,Presencial,Manha,9.5,100,97.4,5.8,8,44,20,Sim
4150,Engenharia de Software,4,Presencial,Noite,7.2,76.8,100,6.1,10,44,120,Nao
250,Engenharia de Software,3,Hibrida,Noite,8.7,82.9,81.1,4.4,9,30,45,Nao
992,Engenharia Civil,5,Presencial,Manha,5.5,75.8,98.6,6.4,3,30,45,Sim
7319,Administracao,8,Presencial,Noite,11.6,72.6,83.0,5.6,,0,90,Sim
5642,Pedagogia,4,Hibrida,Noite,7.2,99.0,65.9,5.8,9,0,30,Nao
3907,Engenharia de Software,6,EAD,Manha,0.2,72.1,83.8,8.3,3,30,,Nao
1574,Engenharia Civil,1,Hibrida,Noite,5.0,92.4,57.4,7.0,0,40,90,Sim
6794,Enfermagem,3,Hibrida,Noite,5.6,67.3,36.6,6.7,1,40,20,Nao
3063,Engenharia de Software,1,Presencial,Manha,11.5,82.3,55.2,5.9,3,20,90,Sim
690,Engenharia de Software,8,Presencial,Manha,5.6,68.5,53.4,5.3,4,0,60,Sim
2660,Administracao,7,Presencial,Noite,5.7,100,92.4,3.4,9,20,45,Sim
8446,Administracao,4,Presencial,Noite,8.7,86.1,70.2,6.4,4,0,30,Sim
4572,Enfermagem,2,Presencial,Noite,6.7,70.1,96.8,6.3,6,40,10,Nao
5618,Engenharia Civil,1,Presencial,Noite,3.7,91.4,70.9,5.0,5,0,30,Sim
5842,Engenharia Civil,4,Presencial,Noite,6.3,70.3,100,6.1,6,30,30,Nao
424,Pedagogia,7,EAD,Manha,1.8,69.8,54.3,7.2,10,40,0,Nao
4898,Administracao,6,Presencial,Manha,,66.5,58.2,6.0,5,44,30,Nao
6353,Administracao,5,Presencial,Noite,6.3,92.9,68.8,4.6,0,0,120,Nao
6937,Administracao,2,EAD,Noite,5.5,79.4,58.1,6.4,7,44,0,Nao
473,Engenharia Civil,2,Hibrida,Noite,5.1,80.9,78.9,8.1,6,40,30,Nao
1709,Engenharia Civil,8,Presencial,Noite,7.7,77.8,52.8,3.3,5,30,120,Nao
1696,Engenharia Civil,8,Presencial,Manha,11.3,90.6,53.5,7.9,11,30,90,Nao
9863,Engenharia Civil,4,Hibrida,Noite,6.9,95.8,54.8,7.8,8,0,30,Sim
8825,Engenharia Civil,7,Presencial,Manha,3.0,86.9,46.9,6.0,4,0,45,Nao
7175,Administracao,1,Presencial,Manha,8.2,76.6,90.7,4.9,7,30,120,Nao
3770,Pedagogia,5,Hibrida,Noite,6.4,93.7,52.6,7.0,4,40,45,Nao
6365,Engenharia Civil,1,EAD,Noite,2.0,75.2,73.2,5.6,0,30,0,Nao
2893,Enfermagem,8,Presencial,Manha,3.5,56.7,42.8,2.8,3,40,120,Nao
5206,Pedagogia,8,Presencial,Noite,3.0,83.9,77.5,7.2,2,20,10,Sim
4238,Engenharia de Software,7,EAD,Noite,0.2,83.8,49.2,6.5,2,40,0,Nao
4317,Engenharia de Software,4,Hibrida,Manha,6.3,78.8,83.8,5.2,4,44,20,Nao
4826,Engenharia Civil,8,Hibrida,Manha,8.1,87.4,78.5,6.2,6,30,30,Sim
640,Administracao,3,Presencial,Noite,3.5,95.5,72.4,7.3,4,44,60,Sim
182,Pedagogia,5,Presencial,Noite,7.5,76.0,57.0,6.2,11,30,120,Nao
9516,Enfermagem,1,Presencial,Noite,4.5,91.2,63.0,5.0,0,20,60,Nao
5253,Engenharia Civil,6,Hibrida,Noite,0.2,67.6,50.1,3.5,2,44,30,Nao
8039,Enfermagem,5,EAD,Manha,0.2,93.5,62.6,7.6,5,44,0,Nao
1387,Administracao,3,Presencial,Noite,6.7,71.6,73.5,8.1,3,40,45,Sim
7212,Administracao,7,Hibrida,Manha,0.2,83.2,58.0,3.1,2,20,45,Nao
2801,Pedagogia,2,Presencial,Noite,6.5,78.3,65.5,7.1,6,40,15,Nao
9145,Enfermagem,4,Presencial,Noite,9.9,100,77.4,4.7,6,0,90,Nao
3825,Enfermagem,2,Presencial,Manha,0.2,70.8,100,7.2,2,44,30,Nao
5875,Administracao,7,Hibrida,Manha,3.2,88.4,72.2,4.5,3,40,15,Nao
3293,Engenharia Civil,5,Presencial,Manha,10.5,87.0,95.5,8.1,7,30,90,Nao
9225,Administracao,2,Presencial,Manha,4.4,78.8,73.6,5.3,5,40,60,Sim
419,Pedagogia,1,Presencial,Manha,0.2,95.2,80.1,5.7,0,30,90,Nao
5623,Engenharia de Software,5,Presencial,Noite,3.0,88.5,68.5,5.7,5,0,45,Nao
4332,Enfermagem,6,Hibrida,Manha,10.9,98.6,78.9,10,4,0,90,Sim
1991,Engenharia de Software,2,EAD,Noite,2.7,86.4,85.7,4.0,6,40,0,Nao
5695,Engenharia Civil,1,Hibrida,Noite,3.6,78.6,72.2,4.4,0,40,45,Nao
2430,Enfermagem,7,Hibrida,Noite,11.0,90.5,98.9,6.2,9,30,45,Nao
7064,Engenharia de Software,2,Presencial,Noite,,71.3,64.5,5.9,6,0,30,Nao
3855,Pedagogia,5,Presencial,Manha,8.1,85.1,67.0,4.9,5,30,60,Nao
5244,Enfermagem,5,Hibrida,Noite,7.3,80.6,65.6,4.6,4,0,45,Nao
2671,Administracao,6,Hibrida,Manha,4.9,82.8,73.7,4.4,5,44,20,Nao
4433,Administracao,5,Presencial,Noite,9.5,77.5,62.7,6.8,7,40,20,Nao
6914,Engenharia Civil,3,Presencial,Manha,1.8,72.2,76.9,6.3,3,44,30,Nao
410,Enfermagem,2,Hibrida,Noite,11.3,81.4,68.1,3.2,11,0,45,Nao
3860,Engenharia de Software,6,EAD,Manha,7.1,71.1,58.3,3.4,8,40,0,Sim
1358,Enfermagem,8,Hibrida,Noite,3.0,100,49.3,5.3,1,40,60,Nao
1413,Enfermagem,8,Hibrida,Noite,5.3,78.4,38.5,4.0,3,44,45,Nao
5106,Enfermagem,6,Hibrida,Noite,11.3,82.3,77.4,5.5,9,40,90,Sim
8896,Engenharia Civil,4,Presencial,Manha,9.7,79.6,92.7,6.4,11,44,90,Nao
4088,Enfermagem,8,EAD,Manha,,84.8,50.2,3.2,4,44,0,Nao
9710,Engenharia de Software,8,Presencial,Noite,12.5,100,70.2,,9,20,90,Sim
4825,Engenharia Civil,5,Presencial,Noite,8.8,87.9,58.0,6.0,9,20,45,Nao
5748,Administracao,7,Hibrida,Noite,4.0,86.5,84.3,10,6,0,120,Sim
5799,Engenharia Civil,8,Presencial,Noite,13.0,82.5,83.1,7.1,4,0,60,Nao
6681,Engenharia de Software,2,Hibrida,Noite,0.6,78.0,84.0,8.4,0,0,10,Nao
899,Engenharia Civil,2,Presencial,Manha,2.9,87.0,72.3,7.5,0,44,120,Sim
5202,Enfermagem,2,Hibrida,Noite,9.0,87.7,82.6,7.4,7,30,60,Nao
5871,Engenharia de Software,6,Presencial,Manha,3.9,71.8,60.7,5.6,1,40,15,Nao
8684,Enfermagem,7,Hibrida,Noite,9.0,80.5,60.8,4.4,5,0,20,Nao
4331,Engenharia Civil,5,Presencial,Noite,8.5,86.9,79.6,4.3,11,0,10,Nao
1326,Enfermagem,8,Presencial,Noite,11.3,95.9,95.5,1.6,9,20,20,Sim
1380,Administracao,4,Hibrida,Manha,3.2,85.4,70.1,4.5,3,44,15,Nao
8385,Administracao,7,Hibrida,Noite,4.7,92.5,92.8,4.1,9,20,20,Sim
7455,Engenharia Civil,2,Hibrida,Manha,8.2,89.0,100,,10,44,30,Nao
3795,Enfermagem,6,Presencial,Manha,8.8,91.9,62.4,7.5,7,0,15,Nao
9296,Pedagogia,3,EAD,Noite,0.2,86.1,85.1,6.3,2,44,0,Nao
3129,Administracao,5,Hibrida,Noite,8.3,95.4,95.6,4.3,8,30,60,Sim
9513,Engenharia Civil,4,Hibrida,Manha,1.0,82.3,83.9,6.0,0,44,15,Nao
6436,Enfermagem,7,EAD,Manha,10.3,79.5,91.0,6.0,7,0,0,Nao
8958,Engenharia Civil,5,EAD,Manha,2.3,84.0,83.6,6.2,4,30,0,Sim
2966,Engenharia Civil,5,EAD,Manha,10.1,83.6,92.3,2.8,,0,0,Nao
1680,Administracao,1,Hibrida,Noite,6.7,61.1,69.0,5.8,4,20,15,Nao
7537,Engenharia de Software,2,EAD,Noite,3.1,100,94.7,7.5,5,20,0,Nao
573,Engenharia Civil,3,Hibrida,Noite,4.6,76.6,47.3,6.5,6,40,90,Nao
1330,Engenharia de Software,7,Hibrida,Manha,6.0,78.3,76.5,4.8,4,40,120,Sim
5566,Pedagogia,8,Hibrida,Noite,7.0,88.1,75.7,7.0,4,40,90,Nao
7039,Administracao,1,Presencial,Noite,17.1,78.6,81.2,8.9,10,44,120,Sim
1737,Engenharia Civil,8,Hibrida,Noite,11.0,73.7,100,4.5,7,0,120,Sim
697,Administracao,5,Presencial,Manha,0.4,80.6,45.6,6.3,0,44,15,Nao
5299,Engenharia Civil,1,Hibrida,Noite,7.3,96.1,77.5,4.6,2,40,120,Nao
9389,Engenharia de Software,2,Hibrida,Noite,9.5,86.6,65.4,6.6,5,0,20,Nao
7642,Engenharia Civil,4,EAD,Manha,8.7,82.6,94.1,7.4,10,30,0,Sim
8330,Engenharia Civil,3,Presencial,Noite,19.7,80.5,100,7.6,,0,90,Sim
6372,Engenharia de Software,5,Hibrida,Noite,4.8,100,67.0,3.3,4,30,20,Sim
3620,Pedagogia,1,Hibrida,Manha,8.9,65.7,61.1,3.9,5,20,30,Nao
4086,Engenharia de Software,5,Hibrida,Manha,8.5,97.7,77.0,6.2,9,40,30,Sim
8331,Engenharia Civil,4,Presencial,Noite,0.2,82.8,67.8,8.8,0,44,90,Nao
710,Pedagogia,7,Presencial,Manha,9.6,86.4,81.7,6.1,9,0,90,Nao
5586,Enfermagem,8,Presencial,Manha,7.6,83.0,77.4,8.4,9,20,30,Sim
2160,Engenharia de Software,6,Hibrida,Manha,11.6,73.6,100,5.9,11,20,15,Sim
6736,Pedagogia,1,EAD,Noite,6.5,87.6,47.1,9.3,8,20,0,Nao
6830,Administracao,7,Hibrida,Noite,5.4,97.5,61.5,4.9,4,20,15,Sim
7475,Enfermagem,2,Presencial,Noite,6.0,92.4,100,8.7,4,20,120,Sim
3909,Pedagogia,6,Presencial,Noite,2.9,69.9,,5.6,7,40,90,Nao
2035,Engenharia de Software,8,Hibrida,Noite,3.7,88.9,89.3,4.5,5,44,15,Nao
602,Engenharia de Software,6,Hibrida,Noite,3.2,65.8,59.6,7.2,6,20,120,Nao
3613,Engenharia de Software,7,Presencial,Noite,9.6,81.5,66.1,1.8,7,44,20,Nao
9881,Enfermagem,3,Presencial,Manha,7.7,96.1,100,9.3,7,30,30,Sim
1492,Enfermagem,8,Presencial,Noite,12.4,95.8,87.4,5.5,8,0,30,Sim
9346,Enfermagem,8,Presencial,Noite,4.2,73.7,89.8,8.1,7,0,90,Sim
1917,Engenharia de Software,4,Presencial,Noite,7.7,71.7,93.3,5.5,9,0,15,Sim
9034,Administracao,1,Presencial,Noite,0.5,86.2,73.1,6.4,0,0,90,Sim
5648,Enfermagem,6,Presencial,Manha,,89.8,91.4,5.9,,0,20,Sim
4546,Enfermagem,6,Hibrida,Manha,4.7,91.4,85.6,8.5,5,30,10,Nao
6152,Engenharia Civil,8,Presencial,Manha,9.5,96.2,100,5.2,9,40,45,Sim
3723,Pedagogia,2,EAD,Noite,8.8,84.3,67.9,6.1,14,0,0,Sim
605,Engenharia de Software,5,Presencial,Manha,4.2,78.4,70.0,4.8,1,0,30,Nao
1967,Engenharia Civil,2,Hibrida,Manha,6.5,81.9,77.3,10,4,20,120,Sim
1113,Engenharia de Software,6,Presencial,Manha,10.7,81.9,88.8,3.7,6,30,10,Sim
958,Pedagogia,1,Presencial,Noite,4.1,87.4,43.2,6.4,5,44,20,Nao
2796,Enfermagem,8,Presencial,Manha,8.7,90.8,80.3,6.6,2,0,30,Nao
3717,Engenharia Civil,2,Hibrida,Manha,10.8,100,100,7.8,10,30,60,Sim
6783,Engenharia de Software,8,EAD,Manha,3.8,71.2,84.5,4.4,4,0,0,Nao
6153,Pedagogia,5,EAD,Manha,,81.8,79.7,3.1,8,0,0,Sim
7697,Engenharia Civil,6,Presencial,Manha,7.6,100,75.4,6.0,6,0,15,Nao
9460,Pedagogia,1,Presencial,Manha,13.4,81.9,100,8.2,3,20,30,Sim
7708,Engenharia de Software,4,EAD,Manha,6.5,87.0,65.1,6.3,0,30,0,Nao
7380,Enfermagem,2,Hibrida,Noite,10.2,83.0,100,5.9,6,20,60,Sim
8246,Pedagogia,1,Presencial,Noite,5.9,77.4,71.9,4.6,6,44,60,Sim
5914,Enfermagem,8,Presencial,Manha,3.6,96.1,60.6,5.8,4,40,30,Sim
4154,Engenharia Civil,5,Presencial,Manha,7.8,84.5,81.6,3.4,8,0,30,Nao
5928,Pedagogia,7,Hibrida,Manha,4.4,94.9,93.6,7.1,8,40,30,Sim
6186,Engenharia Civil,2,Hibrida,Manha,0.9,95.7,60.5,7.4,0,40,10,Sim
9777,Pedagogia,5,Presencial,Manha,1.8,100,67.7,8.2,6,30,45,Nao
2733,Pedagogia,4,Hibrida,Manha,6.4,83.8,82.0,7.7,10,30,30,Sim
1368,Pedagogia,4,Presencial,Noite,6.4,77.0,71.8,4.9,2,0,15,Nao
3292,Engenharia de Software,4,Presencial,Noite,5.3,88.9,85.3,7.3,5,0,30,Nao
2522,Engenharia Civil,8,Presencial,Noite,5.0,100,80.2,3.1,1,0,30,Sim
1992,Engenharia Civil,4,EAD,Manha,10.7,82.2,100,6.7,12,0,0,Nao
5313,Administracao,4,EAD,Noite,4.8,87.7,75.6,8.9,5,40,0,Sim
9191,Enfermagem,4,Presencial,Noite,16.6,76.1,100,7.3,10,0,60,Sim
2204,Engenharia Civil,4,Hibrida,Manha,8.1,75.4,60.7,5.1,2,0,45,Nao
2400,Administracao,4,Hibrida,Noite,0.4,90.8,75.0,7.1,1,44,20,Nao
8,Pedagogia,1,EAD,Manha,0.9,89.3,,4.4,6,30,0,Nao
2670,Administracao,1,Presencial,Manha,10.7,89.7,100,6.6,,44,45,Sim
5995,Engenharia Civil,4,Presencial,Manha,6.0,93.8,71.6,8.1,0,0,120,Nao
8756,Administracao,5,Presencial,Manha,10.1,96.3,82.1,2.9,8,0,10,Nao
1777,Administracao,7,EAD,Noite,4.3,83.3,84.0,4.2,1,40,0,Sim
9529,Engenharia Civil,1,Hibrida,Noite,7.6,85.4,100,6.4,1,0,10,Sim
9242,Administracao,5,Presencial,Manha,1.4,79.1,56.0,4.1,9,44,20,Nao
7684,Enfermagem,1,Presencial,Manha,10.1,100,91.4,4.5,11,0,60,Nao
9846,Pedagogia,3,Presencial,Manha,11.8,90.6,88.5,6.7,7,0,120,Sim
3679,Engenharia Civil,7,Presencial,Manha,11.9,74.2,90.4,7.9,7,0,30,Sim
4974,Pedagogia,6,Presencial,Manha,10.5,87.8,83.8,5.2,14,0,20,Nao
8496,Engenharia Civil,1,Hibrida,Noite,3.8,87.9,60.6,8.3,4,0,,Sim
5868,Administracao,7,Hibrida,Noite,2.9,80.4,57.5,6.8,1,40,10,Nao
6398,Administracao,8,Presencial,Manha,5.6,60.1,78.2,5.7,8,0,60,Nao
647,Pedagogia,8,EAD,Noite,5.2,92.8,61.7,3.3,6,0,0,Nao
1180,Administracao,7,Presencial,Manha,5.3,91.7,55.4,7.3,7,30,30,Sim
9132,Engenharia de Software,1,EAD,Noite,8.7,89.4,95.5,5.2,13,44,0,Sim
2545,Administracao,1,Presencial,Noite,6.1,74.8,99.1,6.0,9,40,15,Nao
2819,Enfermagem,5,Hibrida,Manha,12.2,100,70.9,5.5,10,0,90,Sim
6039,Engenharia Civil,7,Presencial,Manha,9.7,93.8,94.0,5.7,2,0,45,Sim
7582,Pedagogia,8,EAD,Noite,0.9,99.8,53.8,6.5,1,0,0,Nao
7719,Engenharia de Software,3,Presencial,Noite,1.6,68.2,54.3,4.8,4,44,10,Nao
6281,Engenharia Civil,3,EAD,Manha,1.8,81.4,42.9,5.6,5,20,0,Nao
6814,Administracao,3,Presencial,Manha,11.8,85.9,71.7,5.0,8,30,15,Sim
6948,Enfermagem,2,EAD,Manha,7.8,98.3,100,6.4,12,20,0,Sim
7517,Engenharia Civil,5,Presencial,Manha,4.9,100,44.9,8.0,10,0,15,Sim
5193,Engenharia Civil,1,Hibrida,Noite,12.0,74.7,76.8,5.7,7,30,30,Nao
8321,Enfermagem,2,EAD,Noite,7.8,90.1,91.8,7.5,8,20,0,Nao
8731,Engenharia Civil,6,Presencial,Manha,12.3,100,92.7,8.1,12,0,60,Sim
8095,Pedagogia,3,Hibrida,Manha,5.6,93.1,56.1,4.8,3,20,30,Nao
9342,Administracao,1,EAD,Manha,4.1,83.3,96.8,6.6,6,0,0,Nao
6804,Administracao,8,EAD,Noite,5.7,85.1,75.0,3.3,1,30,0,Nao
9196,Engenharia de Software,2,EAD,Noite,4.6,100,61.9,7.3,8,44,0,Nao
1282,Engenharia Civil,6,Hibrida,Manha,3.1,67.6,87.4,7.8,6,20,60,Nao
5314,Pedagogia,2,Presencial,Noite,4.2,68.2,90.1,6.3,1,40,20,Nao
9176,Engenharia Civil,1,Presencial,Noite,2.8,88.0,49.7,6.7,7,30,120,Sim
7614,Enfermagem,3,Presencial,Noite,0.2,93.2,38.5,5.3,5,0,45,Sim
8000,Pedagogia,4,Presencial,Noite,11.2,91.3,81.9,10,7,30,10,Sim
7041,Engenharia de Software,5,Presencial,Noite,5.7,100,100,8.1,4,0,20,Nao
5437,Pedagogia,8,Hibrida,Manha,6.9,86.5,66.1,8.7,4,40,60,Nao
6361,Engenharia de Software,5,Presencial,Noite,6.9,67.2,100,2.4,5,40,60,Nao
1481,Pedagogia,7,Presencial,Noite,0.2,100,61.8,6.7,1,20,30,Nao
467,Administracao,2,Hibrida,Manha,9.3,96.9,64.8,4.6,6,0,90,Sim
6406,Engenharia Civil,2,Presencial,Manha,7.8,67.0,94.6,4.9,10,0,90,Nao
6526,Pedagogia,1,Presencial,Noite,11.0,85.8,88.7,6.8,8,40,10,Sim
806,Enfermagem,8,Presencial,Manha,8.0,80.3,82.9,7.3,11,0,30,Nao
2458,Administracao,5,EAD,Manha,1.6,92.0,69.5,5.5,1,40,0,Nao
506,Enfermagem,2,Hibrida,Noite,7.3,81.2,77.4,3.1,5,0,20,Nao
4887,Pedagogia,1,Presencial,Noite,1.5,76.7,46.0,4.5,9,20,90,Nao
2741,Engenharia de Software,3,Presencial,Manha,6.7,63.3,74.4,7.2,8,0,90,Nao
66,Enfermagem,4,EAD,Manha,4.3,79.8,100,5.1,6,44,0,Sim
6520,Engenharia de Software,2,Presencial,Manha,6.1,84.3,53.7,6.2,11,40,90,Sim
3914,Enfermagem,8,Hibrida,Noite,11.5,90.1,77.5,2.9,3,0,10,Nao
6987,Enfermagem,3,EAD,Manha,4.0,75.5,39.2,3.8,8,0,0,Nao
1708,Pedagogia,2,Presencial,Manha,0.2,90.8,73.6,8.1,3,40,30,Nao
2698,Enfermagem,4,EAD,Noite,9.1,86.3,91.6,6.3,7,0,0,Sim
1497,Administracao,5,Presencial,Noite,7.4,86.4,73.4,7.0,5,30,120,Sim
6640,Engenharia Civil,3,Hibrida,Noite,5.8,89.2,81.8,4.3,7,40,45,Sim
270,Pedagogia,8,Presencial,Manha,9.7,86.2,72.4,7.9,7,44,10,Nao
5548,Engenharia Civil,6,EAD,Manha,3.5,76.5,82.3,7.5,6,20,0,Sim
7177,Engenharia de Software,5,Presencial,Manha,4.0,100.0,60.6,6.9,7,20,60,Nao
491,Administracao,6,Presencial,Manha,4.1,84.2,75.3,8.2,6,20,30,Nao
588,Engenharia Civil,8,EAD,Noite,13.9,80.1,74.5,10.0,9,0,0,Sim
2298,Pedagogia,3,Hibrida,Noite,6.2,76.0,75.2,10,7,0,20,Sim
3358,Pedagogia,1,Hibrida,Noite,11.2,97.8,53.5,8.8,6,0,60,Nao
6945,Enfermagem,8,Presencial,Manha,12.1,81.6,77.0,8.2,11,44,45,Sim
8341,Administracao,5,Presencial,Manha,6.8,81.6,100,5.6,2,30,120,Sim
393,Administracao,7,EAD,Noite,6.8,65.1,92.5,4.5,3,44,0,Nao
5002,Pedagogia,4,Presencial,Manha,0.2,76.2,59.7,6.3,3,30,120,Nao
6400,Enfermagem,4,Hibrida,Noite,2.2,92.2,70.9,7.9,5,20,90,Nao
4547,Engenharia Civil,2,Presencial,Manha,4.1,99.6,74.8,7.4,5,40,90,Sim
3513,Engenharia de Software,5,Presencial,Manha,10.6,74.7,71.7,5.2,5,44,45,Sim
9634,Administracao,5,EAD,Noite,5.0,85.4,,6.0,7,40,0,Nao
118,Engenharia Civil,1,Presencial,Noite,7.1,100,,3.4,2,0,10,Nao
4693,Administracao,4,Hibrida,Noite,4.9,90.1,62.7,4.6,0,40,60,Sim
4872,Pedagogia,7,Presencial,Noite,9.3,86.3,62.5,6.2,8,20,10,Nao
1883,Administracao,1,EAD,Noite,9.5,84.7,88.8,6.3,8,40,0,Sim
3224,Engenharia de Software,7,Presencial,Noite,4.7,96.1,85.4,6.3,7,40,90,Sim
4035,Engenharia Civil,2,Presencial,Manha,4.6,68.7,35.0,3.9,8,40,20,Nao
5997,Engenharia de Software,1,Presencial,Noite,9.1,86.7,87.6,5.0,6,30,60,Nao
1872,Pedagogia,7,Presencial,Manha,4.7,80.7,83.9,3.5,0,30,20,Nao
7242,Engenharia de Software,3,Hibrida,Noite,14.3,77.9,100,6.6,8,20,20,Nao
3981,Engenharia Civil,2,Presencial,Noite,14.0,60.5,93.8,6.0,11,40,60,Nao
3322,Engenharia Civil,3,Hibrida,Noite,1.9,78.2,45.0,4.2,6,30,45,Nao
4976,Engenharia Civil,8,Presencial,Manha,1.5,67.0,52.7,4.1,5,40,90,Nao
7451,Administracao,4,EAD,Noite,6.9,72.9,90.1,5.7,0,40,0,Nao
9160,Engenharia Civil,5,Presencial,Manha,7.0,78.1,82.8,7.2,2,40,15,Sim
7174,Enfermagem,7,Presencial,Noite,1.2,88.2,61.2,6.9,2,44,15,Nao
1691,Engenharia Civil,1,EAD,Manha,8.8,75.6,58.9,5.4,9,0,0,Nao
2675,Administracao,7,Presencial,Noite,8.5,81.0,69.3,6.8,6,20,30,Sim
609,Enfermagem,7,EAD,Manha,9.9,91.5,71.7,8.7,8,0,0,Sim
4408,Administracao,8,EAD,Manha,7.5,80.7,59.1,8.9,6,0,0,Sim
3782,Administracao,8,Hibrida,Noite,8.3,69.1,88.4,6.5,5,44,15,Sim
4548,Administracao,4,EAD,Manha,7.7,71.2,76.8,6.0,5,0,0,Sim
9479,Enfermagem,2,Presencial,Manha,10.2,94.3,,6.8,10,0,45,Sim
8956,Pedagogia,1,Presencial,Noite,3.0,94.5,85.2,6.0,8,20,15,Nao
3545,Administracao,5,EAD,Noite,5.8,75.6,61.7,3.4,1,40,0,Nao
6892,Enfermagem,7,Presencial,Noite,3.8,94.3,36.5,5.4,7,44,10,Nao
1763,Engenharia de Software,1,Hibrida,Noite,8.5,78.3,73.2,5.5,3,44,10,Nao
8409,Engenharia Civil,6,Hibrida,Noite,1.7,67.2,45.4,5.8,2,0,90,Nao
6982,Engenharia de Software,3,Presencial,Manha,9.5,95.0,72.0,3.7,0,44,10,Nao
4890,Engenharia Civil,4,Hibrida,Noite,1.0,90.0,46.8,7.4,6,30,120,Nao
720,Engenharia Civil,8,Presencial,Manha,10.9,73.7,87.2,4.9,7,40,15,Nao
3987,Administracao,5,Presencial,Noite,3.9,73.7,9.2,7.6,4,44,20,Nao
3227,Pedagogia,1,Presencial,Noite,8.5,79.2,78.8,5.2,5,0,10,Nao
1206,Engenharia de Software,6,Presencial,Manha,6.1,100,64.9,4.5,7,20,120,Nao
6258,Engenharia Civil,1,Presencial,Manha,9.0,94.0,72.1,,9,40,60,Sim
5744,Engenharia de Software,2,Hibrida,Noite,6.8,72.9,46.2,5.9,4,30,120,Nao
1939,Administracao,3,Presencial,Manha,9.5,75.6,99.8,5.5,11,20,30,Sim
2174,Pedagogia,6,Presencial,Noite,4.2,78.2,49.0,7.7,9,40,60,Nao
8577,Engenharia de Software,1,Presencial,Noite,3.4,86.0,59.3,6.6,3,30,90,Nao
2291,Pedagogia,6,Hibrida,Noite,9.8,100,74.6,5.4,6,0,30,Sim
4708,Administracao,7,EAD,Noite,7.3,71.0,82.1,3.6,4,30,0,Nao
7793,Engenharia de Software,2,Hibrida,Noite,7.9,84.1,75.2,8.2,8,40,45,Sim
6941,Administracao,2,Presencial,Noite,15.3,92.7,,5.3,14,0,,Sim
2360,Engenharia de Software,3,Presencial,Manha,2.2,100,45.1,6.7,8,30,20,Nao
5700,Engenharia Civil,6,Hibrida,Manha,11.9,81.6,69.2,10,10,30,120,Sim
1152,Enfermagem,1,Presencial,Manha,9.3,67.4,70.0,6.7,4,20,15,Nao
4313,Enfermagem,4,Hibrida,Noite,1.8,88.6,63.0,7.2,3,40,10,Nao
9922,Engenharia de Software,8,Presencial,Noite,11.6,67.4,93.1,7.7,8,0,30,Sim
8523,Engenharia Civil,7,Presencial,Manha,3.6,86.3,100,4.3,5,30,10,Nao
5279,Engenharia Civil,4,EAD,Manha,9.2,80.5,95.4,6.6,1,0,,Sim
6054,Pedagogia,3,Presencial,Noite,8.5,74.4,63.8,4.3,3,44,20,Nao
9886,Engenharia de Software,6,Presencial,Noite,0.2,86.8,62.7,8.4,4,0,45,Sim
4380,Pedagogia,3,Hibrida,Noite,8.4,82.2,74.8,7.4,0,0,10,Nao
73,Engenharia Civil,3,Hibrida,Noite,3.5,80.3,58.4,4.5,0,44,,Nao
7098,Engenharia Civil,8,EAD,Manha,10.1,80.0,68.4,8.5,12,0,0,Sim
724,Enfermagem,3,Hibrida,Noite,7.0,80.3,95.6,5.3,2,0,45,Sim
2774,Enfermagem,6,Presencial,Noite,13.1,79.1,95.2,4.2,8,0,30,Sim
3499,Administracao,2,EAD,Manha,11.8,83.6,71.0,5.1,7,0,0,Sim
7125,Administracao,3,Presencial,Noite,8.3,68.0,84.0,10,7,44,15,Nao
1303,Pedagogia,1,EAD,Noite,5.0,82.6,67.4,7.3,8,44,0,Nao
4048,Pedagogia,2,Presencial,Manha,8.4,89.7,100,4.6,4,0,60,Nao
7300,Pedagogia,1,Hibrida,Manha,8.7,89.0,53.6,6.3,8,20,20,Nao
7150,Engenharia Civil,8,Presencial,Noite,1.5,76.9,89.1,7.5,6,40,90,Nao
8083,Engenharia de Software,5,Hibrida,Manha,11.9,100,100,4.1,8,0,60,Sim
3885,Engenharia de Software,7,EAD,Manha,8.8,83.0,78.6,6.5,1,44,0,Sim
6199,Engenharia Civil,2,Presencial,Manha,8.0,74.8,90.0,4.6,7,20,15,Nao
7204,Enfermagem,7,Hibrida,Manha,2.4,78.0,65.2,5.4,5,40,10,Nao
3255,Pedagogia,8,Presencial,Manha,1.0,78.0,73.5,10,6,20,30,Sim
757,Enfermagem,5,Hibrida,Manha,10.8,92.2,62.7,4.9,8,40,90,Nao
3442,Administracao,3,Presencial,Noite,4.3,81.1,75.1,6.3,0,40,45,Nao
2382,Enfermagem,3,Presencial,Noite,10.6,84.9,100,7.3,7,30,60,Sim
2149,Pedagogia,3,Presencial,Manha,7.3,65.7,98.4,5.2,6,30,15,Sim
4835,Administracao,6,Hibrida,Noite,8.0,80.3,92.2,5.9,6,40,60,Nao
5209,Administracao,4,EAD,Manha,12.8,65.6,91.5,3.7,6,30,0,Sim
9676,Enfermagem,4,Hibrida,Noite,6.8,76.9,82.8,6.4,5,30,45,Nao
3230,Engenharia de Software,4,Presencial,Manha,9.7,80.5,96.8,5.2,8,40,10,Sim
4386,Pedagogia,8,Hibrida,Manha,14.1,93.4,100,8.2,11,0,45,Sim
8111,Engenharia Civil,7,Presencial,Manha,8.8,68.5,83.1,4.3,8,40,30,Nao
2548,Administracao,4,Presencial,Manha,3.2,80.6,65.3,4.3,3,0,45,Nao
7631,Pedagogia,3,EAD,Noite,10.4,85.2,92.3,9.2,9,0,0,Sim
5173,Administracao,3,EAD,Noite,3.8,65.8,55.9,2.6,1,0,0,Nao
8149,Administracao,5,Presencial,Noite,7.2,74.6,94.7,6.2,8,44,10,Nao
8186,Engenharia Civil,3,Hibrida,Manha,3.9,81.8,56.1,7.3,8,30,20,Nao
7904,Enfermagem,1,EAD,Manha,13.5,100,68.7,5.8,9,0,0,Sim
1864,Administracao,1,Hibrida,Noite,1.6,76.5,39.1,4.9,5,30,45,Nao
2551,Engenharia Civil,2,Presencial,Noite,2.7,93.6,80.7,6.7,2,20,90,Nao
2654,Administracao,8,Presencial,Noite,5.6,83.5,55.9,8.8,5,30,30,Sim
249,Pedagogia,4,Hibrida,Manha,8.1,83.6,66.1,7.9,7,44,10,Nao
477,Engenharia Civil,7,EAD,Noite,3.7,73.2,100,6.5,4,20,0,Nao
4014,Engenharia Civil,5,Presencial,Noite,10.5,80.2,100,9.0,7,20,15,Nao
764,Enfermagem,8,EAD,Manha,9.9,79.3,96.1,9.3,4,0,0,Sim
3455,Administracao,2,Presencial,Noite,7.0,71.9,52.2,5.6,7,44,20,Sim
4910,Engenharia de Software,1,Presencial,Manha,9.8,100,71.2,5.0,7,20,15,Sim
6254,Engenharia Civil,6,Presencial,Noite,8.2,73.3,44.8,6.0,4,40,20,Nao
9680,Pedagogia,3,Hibrida,Noite,,96.7,86.6,6.1,6,0,45,Nao
5396,Engenharia Civil,3,Presencial,Manha,11.1,87.5,74.3,9.9,10,0,30,Sim
9756,Pedagogia,5,Presencial,Manha,10.9,68.2,66.6,7.0,7,0,30,Nao
2422,Administracao,6,Presencial,Noite,4.6,86.3,48.8,3.6,1,0,20,Nao
2849,Engenharia de Software,4,Hibrida,Noite,10.4,86.8,47.3,5.5,10,20,30,Sim
7332,Engenharia de Software,1,Presencial,Manha,9.8,100,68.2,8.0,6,40,60,Sim
8467,Pedagogia,5,Presencial,Manha,4.3,92.1,79.6,6.3,2,40,120,Sim
7748,Engenharia Civil,8,Presencial,Manha,5.4,100,66.4,7.0,4,20,20,Sim
3207,Engenharia de Software,2,Hibrida,Noite,7.9,92.0,54.5,2.6,9,0,30,Nao
9889,Enfermagem,1,Presencial,Manha,5.7,89.1,59.8,2.9,7,20,45,Sim
5407,Enfermagem,2,Presencial,Noite,2.7,69.6,79.4,5.8,0,44,15,Nao
3164,Engenharia Civil,8,EAD,Noite,3.3,96.0,78.5,5.9,7,20,0,Sim
435,Pedagogia,1,Presencial,Manha,4.9,67.0,59.9,6.6,4,20,10,Nao
6791,Enfermagem,4,EAD,Noite,9.1,100,99.9,5.9,12,30,0,Sim
4847,Administracao,8,Presencial,Noite,7.1,86.9,80.0,6.3,3,0,90,Sim
6952,Enfermagem,5,Hibrida,Manha,3.9,87.1,64.6,7.2,4,40,60,Nao
293,Administracao,2,Presencial,Manha,1.7,79.0,72.1,8.1,5,40,15,Nao
5081,Engenharia de Software,1,Presencial,Manha,5.9,93.3,89.3,8.8,5,0,45,Nao
6871,Pedagogia,8,Hibrida,Manha,3.6,90.3,51.2,5.8,4,20,10,Sim
2178,Engenharia Civil,4,Presencial,Manha,11.5,76.8,93.6,6.3,8,0,90,Nao
3457,Pedagogia,2,EAD,Noite,5.0,95.2,80.8,6.5,5,30,0,Nao
51,Pedagogia,6,Presencial,Noite,3.8,95.7,56.1,7.1,7,30,15,Nao
7036,Engenharia Civil,1,EAD,Manha,10.9,75.7,78.9,4.0,9,0,0,Nao
2577,Engenharia Civil,5,Hibrida,Noite,5.9,67.4,87.3,3.7,6,30,90,Nao
1887,Enfermagem,1,Presencial,Manha,5.0,73.2,59.8,3.9,5,44,60,Nao
1932,Pedagogia,1,EAD,Noite,4.5,100,,4.8,9,0,0,Sim
7438,Engenharia de Software,8,Hibrida,Noite,6.1,83.4,100,4.5,9,44,120,Nao
8056,Engenharia de Software,3,Presencial,Manha,5.2,78.1,79.4,6.8,8,20,120,Sim
433,Administracao,2,Presencial,Manha,9.4,93.8,48.5,8.0,8,30,60,Nao
6508,Pedagogia,2,Hibrida,Manha,3.2,84.3,66.7,3.9,5,0,120,Nao
2284,Enfermagem,2,Presencial,Noite,4.9,73.8,100,7.7,7,40,45,Sim
5602,Pedagogia,8,EAD,Manha,14.8,77.4,100,,9,20,0,Sim
1484,Administracao,8,Presencial,Noite,6.0,100,41.8,7.2,5,0,10,Sim
1142,Engenharia Civil,6,Presencial,Manha,10.3,100,100,4.6,,30,30,Sim
6295,Administracao,5,EAD,Manha,3.0,94.3,80.3,3.1,1,20,0,Sim
7899,Pedagogia,3,Presencial,Manha,9.6,100,87.4,6.2,9,30,120,Sim
6239,Engenharia Civil,3,Presencial,Noite,10.4,100,91.8,9.5,14,20,30,Sim
6269,Engenharia de Software,2,Presencial,Manha,4.6,100,79.2,5.8,6,40,90,Sim
340,Engenharia de Software,3,Hibrida,Noite,3.1,84.5,80.8,6.3,7,20,90,Nao
88,Administracao,6,Presencial,Manha,9.5,83.9,80.3,2.4,12,0,120,Nao
4631,Administracao,2,Presencial,Manha,6.1,100,85.0,7.4,4,20,45,Sim
9552,Administracao,7,Presencial,Manha,8.3,84.5,71.3,3.4,7,0,10,Nao
8994,Engenharia de Software,1,Presencial,Manha,8.6,82.0,80.7,5.6,5,30,60,Nao
3422,Enfermagem,8,EAD,Manha,8.1,92.1,71.6,5.9,8,30,0,Nao
8048,Enfermagem,3,Hibrida,Manha,9.5,94.7,74.3,9.2,12,0,15,Nao
9151,Pedagogia,8,Presencial,Manha,1.8,99.4,83.7,7.5,0,20,120,Nao
3594,Engenharia de Software,1,Hibrida,Noite,2.2,77.4,70.9,4.8,6,40,60,Nao
692,Engenharia de Software,2,EAD,Noite,2.2,84.2,53.4,4.4,0,20,0,Nao
1891,Enfermagem,2,Presencial,Noite,,81.5,,7.6,2,44,30,Nao
701,Administracao,4,Presencial,Noite,3.5,87.0,93.5,8.3,6,40,10,Nao
2463,Engenharia Civil,7,Presencial,Manha,7.3,100,80.3,8.7,10,0,15,Sim
6618,Administracao,1,Presencial,Manha,8.6,95.1,84.1,,6,40,60,Sim
3960,Pedagogia,7,Hibrida,Manha,8.7,79.6,96.9,6.0,8,44,30,Sim
6351,Engenharia de Software,6,Presencial,Manha,0.6,90.1,,5.3,5,20,45,Sim
3507,Enfermagem,7,Hibrida,Manha,8.3,91.6,93.8,7.2,0,0,120,Sim
8810,Pedagogia,5,EAD,Noite,8.3,83.3,52.0,4.8,7,40,0,Nao
148,Administracao,4,Presencial,Noite,6.3,90.0,62.3,7.4,12,44,20,Sim
4442,Pedagogia,8,Hibrida,Manha,0.2,62.7,23.3,3.6,0,30,15,Nao
8287,Engenharia Civil,2,Hibrida,Manha,14.9,92.6,100,9.2,9,0,60,Sim
6920,Pedagogia,5,Hibrida,Manha,4.9,83.6,87.1,1.9,9,0,120,Nao
4002,Engenharia de Software,2,Presencial,Manha,13.5,68.4,56.2,7.5,8,0,10,Nao
6370,Enfermagem,8,Hibrida,Manha,6.9,77.0,63.8,5.3,3,0,10,Sim
8751,Engenharia Civil,6,Presencial,Noite,13.2,86.9,,6.2,6,0,10,Sim
6749,Engenharia Civil,6,Hibrida,Manha,11.6,76.7,99.7,6.1,6,0,30,Sim
1285,Pedagogia,3,Presencial,Noite,5.2,87.3,62.4,8.2,4,30,120,Nao
3301,Pedagogia,7,EAD,Manha,1.4,95.7,80.2,6.1,6,0,0,Nao
6724,Enfermagem,6,Presencial,Manha,9.9,67.8,71.5,7.0,3,30,90,Nao
1925,Engenharia de Software,6,Presencial,Manha,2.6,100,66.5,5.1,1,30,30,Nao
5549,Pedagogia,4,Presencial,Noite,9.9,95.1,78.1,7.1,3,0,90,Sim
7430,Administracao,8,Presencial,Noite,9.6,84.9,57.6,3.0,7,30,120,Nao
7389,Engenharia Civil,2,Hibrida,Manha,7.9,83.1,75.3,4.7,7,0,,Sim
5953,Pedagogia,3,Presencial,Manha,2.8,77.9,58.1,3.3,5,44,15,Nao
9411,Engenharia de Software,7,Presencial,Noite,5.6,71.5,75.4,5.8,2,40,30,Nao
6082,Pedagogia,3,Presencial,Noite,10.5,95.8,100,5.1,6,30,90,Sim
4446,Administracao,4,Hibrida,Manha,13.7,73.2,46.7,7.1,11,0,20,Nao
8360,Administracao,3,Presencial,Manha,6.6,96.8,100,4.9,7,0,30,Sim
2276,Pedagogia,3,Presencial,Manha,7.5,98.1,91.4,4.0,11,30,20,Nao
3804,Engenharia Civil,7,Presencial,Manha,3.1,94.9,97.4,5.0,3,0,20,Sim
4364,Engenharia Civil,6,Hibrida,Manha,5.6,72.7,93.2,5.2,1,0,20,Sim
7710,Administracao,2,Presencial,Noite,12.7,94.3,84.4,6.4,13,20,60,Sim
7731,Enfermagem,6,Presencial,Manha,7.6,88.4,98.4,3.1,13,30,45,Sim
9130,Enfermagem,5,Presencial,Manha,2.2,76.7,63.4,6.1,4,20,15,Nao
4344,Administracao,7,Presencial,Noite,16.3,93.7,73.7,5.0,10,0,90,Sim
3616,Engenharia Civil,2,EAD,Noite,12.1,92.3,89.1,5.7,9,20,0,Nao
8236,Engenharia Civil,8,Hibrida,Noite,12.6,68.8,97.0,7.0,12,40,120,Sim
7333,Engenharia Civil,5,Presencial,Noite,11.6,77.5,77.6,6.0,7,30,60,Sim
427,Enfermagem,6,Presencial,Manha,6.2,84.7,38.9,4.8,9,0,90,Nao
8127,Pedagogia,6,Presencial,Manha,5.4,91.3,,4.7,7,0,20,Nao
4529,Engenharia Civil,4,Hibrida,Manha,12.6,83.4,93.1,8.1,11,0,10,Sim
1766,Engenharia de Software,2,Presencial,Noite,11.5,73.5,100,5.5,9,44,15,Nao
1955,Pedagogia,6,Presencial,Manha,7.0,68.2,77.4,9.0,6,40,90,Nao
4944,Engenharia de Software,5,Presencial,Manha,2.5,74.6,52.1,5.9,2,40,120,Nao
5468,Engenharia Civil,1,Presencial,Manha,3.3,71.9,59.2,8.1,1,44,20,Nao
704,Engenharia de Software,8,Presencial,Manha,,88.0,100,6.3,7,40,90,Sim
5359,Administracao,7,Presencial,Noite,6.1,69.0,72.5,7.9,5,40,20,Nao
3821,Enfermagem,5,Hibrida,Noite,10.3,100,75.1,8.2,6,0,45,Sim
6566,Administracao,7,Hibrida,Manha,8.7,100,91.0,5.1,10,0,,Nao
1008,Administracao,8,Presencial,Noite,8.4,66.8,83.3,5.0,7,44,60,Nao
8954,Enfermagem,7,Hibrida,Noite,4.4,83.1,78.0,,7,30,20,Nao
4671,Enfermagem,7,Hibrida,Noite,11.9,100,99.4,5.2,0,0,30,Sim
7830,Pedagogia,8,Presencial,Noite,11.7,86.2,79.0,2.7,11,0,20,Nao
5686,Enfermagem,8,Presencial,Noite,0.9,100,50.9,7.5,0,30,120,Nao
1159,Pedagogia,6,Presencial,Noite,8.0,76.2,80.9,5.0,4,44,20,Sim
7431,Enfermagem,8,Presencial,Noite,1.9,88.2,40.2,3.0,2,0,60,Nao
7567,Engenharia de Software,2,EAD,Noite,10.0,86.8,100,3.8,7,30,0,Nao
7293,Engenharia Civil,3,Hibrida,Noite,1.4,88.6,44.8,4.2,5,0,30,Nao
5884,Administracao,5,Hibrida,Manha,7.4,69.4,94.8,7.8,0,44,30,Sim
4206,Pedagogia,6,Presencial,Manha,3.6,70.9,100,7.4,6,44,15,Sim
7142,Enfermagem,5,Presencial,Manha,7.9,100,62.8,6.7,3,44,,Sim
1754,Enfermagem,6,Presencial,Noite,1.0,98.2,53.5,4.2,9,30,120,Nao
1018,Engenharia de Software,3,Presencial,Noite,7.3,86.5,56.3,4.9,14,44,20,Nao
722,Engenharia Civil,2,Presencial,Manha,12.4,81.9,62.7,7.9,12,0,90,Sim
4006,Pedagogia,1,EAD,Noite,8.1,87.4,74.0,5.2,6,0,0,Nao
8144,Enfermagem,8,Hibrida,Manha,11.4,100,69.7,8.5,9,20,90,Nao
4197,Administracao,3,Presencial,Noite,7.1,94.0,97.1,7.2,6,44,45,Sim
7437,Enfermagem,7,Presencial,Noite,0.2,71.2,52.5,5.1,5,44,20,Nao
2301,Enfermagem,3,Presencial,Noite,9.7,87.2,92.5,2.9,7,0,20,Nao
2610,Administracao,3,Hibrida,Noite,11.3,89.6,91.4,10,14,40,15,Sim
7156,Engenharia Civil,4,Hibrida,Noite,8.3,84.0,94.1,6.4,5,20,20,Sim
6089,Administracao,3,Hibrida,Noite,3.3,68.7,95.8,5.8,5,44,,Nao
5457,Administracao,8,Presencial,Manha,7.3,84.5,83.1,5.9,12,30,20,Sim
1139,Engenharia Civil,2,Presencial,Manha,5.5,69.0,80.7,7.1,6,0,20,Sim
6700,Enfermagem,5,Hibrida,Manha,8.2,97.9,50.7,2.3,10,40,60,Nao
2872,Engenharia de Software,7,Hibrida,Noite,2.2,75.9,65.2,7.0,10,40,10,Nao
4757,Engenharia de Software,3,Presencial,Manha,2.9,95.6,78.1,5.6,0,0,120,Nao
1963,Pedagogia,3,Presencial,Noite,6.1,74.7,72.6,5.0,4,40,,Nao
35,Pedagogia,3,Presencial,Noite,7.9,73.6,74.0,5.8,0,20,120,Nao
2266,Engenharia Civil,3,EAD,Manha,3.4,69.1,77.9,7.0,4,20,0,Nao
3396,Engenharia de Software,1,Presencial,Noite,13.0,100,76.9,3.7,6,0,60,Nao
6938,Engenharia Civil,3,EAD,Manha,5.5,83.6,89.6,7.3,5,44,0,Nao
5315,Engenharia de Software,5,Presencial,Manha,6.0,88.1,69.4,6.1,3,0,10,Sim
5709,Administracao,5,Presencial,Noite,7.5,83.9,73.9,6.9,11,30,30,Nao
3497,Engenharia de Software,4,Presencial,Noite,9.1,82.7,31.3,5.0,10,40,10,Nao
1130,Engenharia Civil,4,Hibrida,Manha,2.3,80.1,60.2,4.3,4,44,90,Nao
5378,Engenharia de Software,7,Hibrida,Manha,1.9,76.4,48.0,7.1,6,30,15,Sim
9361,Engenharia Civil,1,Presencial,Noite,5.5,86.1,88.1,5.7,4,0,,Sim
4243,Engenharia de Software,6,Presencial,Manha,8.4,97.1,80.4,8.4,6,20,60,Sim
6625,Enfermagem,3,Presencial,Noite,5.8,81.5,83.1,1.4,4,44,120,Nao
8722,Pedagogia,4,Presencial,Manha,7.9,90.5,100,5.0,4,30,15,Nao
6282,Administracao,2,Presencial,Manha,0.8,100,78.0,3.7,0,30,10,Sim
142,Enfermagem,2,Hibrida,Manha,6.3,82.9,92.6,5.2,3,44,20,Nao
8207,Engenharia de Software,1,Hibrida,Noite,10.1,92.1,77.4,5.5,8,30,120,Nao
5440,Enfermagem,1,Presencial,Manha,8.4,99.2,89.1,5.3,5,20,10,Sim
4187,Administracao,3,EAD,Noite,7.7,72.9,68.2,0,5,40,0,Nao
3264,Pedagogia,8,Hibrida,Manha,11.0,93.2,76.0,7.6,10,0,10,Sim
965,Enfermagem,6,EAD,Noite,6.3,81.1,85.1,7.0,8,40,0,Sim
4222,Engenharia de Software,3,Presencial,Manha,6.7,86.1,67.9,5.0,8,0,30,Nao
2337,Engenharia de Software,6,EAD,Manha,,86.6,62.4,5.2,7,0,0,Sim
2011,Engenharia Civil,3,EAD,Noite,7.3,79.0,58.0,4.0,4,20,0,Sim
4789,Enfermagem,5,EAD,Noite,9.2,90.8,84.4,5.5,8,30,0,Sim
4160,Engenharia de Software,4,Hibrida,Manha,8.1,74.4,89.3,5.6,9,40,45,Nao
6482,Pedagogia,8,Presencial,Manha,,63.2,62.7,6.9,5,0,120,Sim
7906,Administracao,8,Presencial,Manha,9.7,91.8,81.4,2.6,13,0,90,Sim
7773,Administracao,8,Hibrida,Manha,2.3,85.3,99.1,6.6,0,0,90,Nao
7581,Administracao,2,Hibrida,Noite,9.4,90.9,84.7,6.6,9,0,90,Sim
4215,Pedagogia,1,Presencial,Noite,8.9,88.4,97.1,5.7,8,0,10,Sim
55,Enfermagem,4,Hibrida,Noite,12.6,69.2,100,9.5,6,20,45,Nao
6156,Engenharia de Software,4,Presencial,Manha,10.5,82.1,89.8,9.7,6,30,120,Sim
9268,Administracao,3,EAD,Manha,1.0,74.1,75.6,6.9,1,40,0,Nao
922,Engenharia Civil,1,EAD,Noite,9.4,64.4,100,9.4,3,40,0,Nao
4195,Engenharia Civil,2,Presencial,Manha,8.0,100,98.2,8.0,4,30,90,Sim
1117,Engenharia Civil,4,Presencial,Manha,6.2,57.5,96.0,7.5,11,44,45,Sim
1336,Enfermagem,3,Presencial,Noite,8.0,84.9,65.7,5.0,2,30,60,Nao
5154,Engenharia Civil,6,Hibrida,Manha,9.8,87.3,100,3.4,10,44,120,Sim
5346,Engenharia Civil,7,EAD,Manha,7.0,92.6,100,3.8,8,0,0,Sim
5747,Engenharia Civil,3,EAD,Manha,5.8,70.5,83.4,5.6,4,30,0,Nao
3502,Administracao,8,Presencial,Noite,5.9,78.3,69.4,5.3,3,30,90,Nao
937,Pedagogia,5,Hibrida,Noite,0.8,98.9,75.1,3.0,0,20,10,Nao
8863,Enfermagem,3,Presencial,Noite,,74.6,83.5,6.5,5,44,30,Nao
2155,Engenharia de Software,2,Hibrida,Noite,2.4,93.8,80.6,3.3,1,0,30,Nao
3006,Enfermagem,2,Presencial,Manha,7.1,84.8,95.6,6.3,3,0,10,Sim
3707,Enfermagem,5,Presencial,Noite,8.8,83.1,100,6.3,10,0,15,Sim
3630,Administracao,8,Hibrida,Manha,5.9,73.1,57.3,8.9,8,44,10,Sim
3533,Enfermagem,7,Presencial,Noite,10.3,85.6,88.4,5.7,6,20,90,Sim
7202,Engenharia Civil,4,Hibrida,Noite,1.5,72.6,68.7,4.4,5,20,45,Sim
9168,Enfermagem,2,Presencial,Noite,6.6,75.4,52.6,3.1,2,0,120,Nao
4698,Engenharia Civil,6,Presencial,Noite,10.2,86.3,100,6.5,10,0,90,Sim
6009,Enfermagem,6,Presencial,Noite,4.9,66.3,96.7,4.7,5,44,45,Nao
7274,Engenharia Civil,3,Presencial,Manha,7.0,95.9,91.9,7.6,3,0,60,Sim
7676,Engenharia de Software,1,Presencial,Manha,5.3,92.9,51.8,5.6,14,30,30,Nao
7743,Administracao,7,Presencial,Noite,4.7,72.4,59.0,3.3,8,20,120,Nao
1100,Engenharia Civil,5,Presencial,Noite,12.6,76.5,100,5.6,8,30,120,Sim
1244,Administracao,2,EAD,Manha,6.4,97.4,66.4,4.2,7,40,0,Sim
1743,Engenharia de Software,7,Presencial,Manha,6.4,80.8,76.9,4.4,5,40,10,Sim
6646,Engenharia de Software,4,Presencial,Manha,,95.5,44.6,5.7,7,40,45,Nao
5688,Pedagogia,2,Hibrida,Noite,1.9,74.4,57.6,6.5,3,40,10,Nao
1518,Engenharia de Software,8,Presencial,Manha,1.0,100,93.0,2.1,9,0,15,Sim
6056,Engenharia Civil,3,Hibrida,Manha,7.4,74.7,84.7,6.5,7,20,15,Sim
5380,Enfermagem,2,Presencial,Noite,11.4,92.7,70.5,7.7,12,20,45,Sim
847,Administracao,6,Hibrida,Noite,7.5,97.5,75.8,4.5,2,0,,Nao
6369,Enfermagem,6,Presencial,Noite,5.1,63.9,84.0,7.2,0,20,90,Nao
7815,Administracao,1,Presencial,Noite,1.5,67.9,87.4,10,9,30,90,Nao
2210,Engenharia de Software,7,Hibrida,Manha,4.6,85.0,73.1,5.8,4,30,90,Nao
2081,Pedagogia,6,Hibrida,Manha,3.0,65.6,45.4,5.5,2,44,45,Nao
951,Engenharia Civil,3,Presencial,Manha,8.3,76.4,83.1,3.5,7,30,30,Nao
5847,Enfermagem,1,Hibrida,Manha,10.2,85.1,58.3,4.1,8,0,60,Sim
3333,Pedagogia,3,Presencial,Noite,7.4,86.7,59.1,4.7,6,0,15,Sim
8370,Administracao,8,Presencial,Manha,7.8,69.3,80.6,6.1,3,0,15,Sim
5347,Engenharia de Software,6,EAD,Manha,9.2,63.8,95.8,2.6,12,40,0,Nao
6243,Engenharia Civil,8,Hibrida,Manha,8.0,90.7,84.2,4.1,10,20,10,Nao
7535,Enfermagem,5,Presencial,Noite,10.3,79.4,82.9,4.3,1,20,15,Nao
3163,Engenharia Civil,3,Hibrida,Noite,3.6,81.0,58.8,7.0,8,44,10,Nao
5811,Administracao,1,EAD,Manha,4.9,56.8,83.5,3.2,8,40,0,Nao
6836,Engenharia de Software,8,Hibrida,Manha,10.1,99.4,100,7.9,9,20,60,Sim
7591,Engenharia Civil,5,Presencial,Manha,0.5,75.8,42.1,7.6,4,44,20,Nao
8502,Administracao,6,Hibrida,Noite,,85.4,99.0,5.2,4,30,90,Sim
5103,Engenharia de Software,2,Hibrida,Manha,9.0,100,75.5,7.7,9,0,45,Sim
2046,Enfermagem,1,Presencial,Noite,,100,71.0,5.8,9,0,20,Sim
4824,Administracao,5,Presencial,Manha,4.2,82.8,76.9,5.0,6,30,20,Nao
1273,Enfermagem,4,EAD,Noite,6.1,87.7,74.7,7.1,0,0,0,Sim
9646,Pedagogia,6,Presencial,Manha,5.4,94.7,100,4.6,5,30,10,Sim
5933,Pedagogia,2,Presencial,Noite,8.6,72.7,79.2,6.0,7,30,15,Sim
5545,Administracao,8,EAD,Noite,10.5,79.6,100,9.3,8,40,,Sim
7386,Administracao,2,Presencial,Manha,8.9,52.7,79.6,3.5,7,44,15,Nao
3584,Engenharia Civil,6,EAD,Manha,7.2,63.9,57.7,6.5,7,30,0,Nao
5783,Administracao,3,Hibrida,Noite,6.6,100,65.0,4.7,9,44,45,Nao
6315,Engenharia Civil,8,Presencial,Manha,8.7,64.1,70.4,7.2,9,40,120,Nao
4953,Pedagogia,6,Presencial,Noite,4.7,64.5,83.3,5.2,5,30,,Sim
2419,Administracao,8,Presencial,Noite,2.8,88.5,100,7.0,3,40,45,Sim
4595,Administracao,2,Presencial,Noite,6.4,83.1,34.1,6.8,2,40,60,Nao
8174,Engenharia de Software,2,Hibrida,Manha,0.2,89.6,64.7,3.3,7,40,15,Nao
1512,Pedagogia,6,Presencial,Manha,2.3,69.4,79.7,6.8,6,30,20,Nao
9482,Enfermagem,6,Presencial,Noite,0.2,73.1,69.9,8.3,2,30,45,Sim
9663,Engenharia de Software,5,Presencial,Noite,4.0,84.6,78.2,0.9,10,0,15,Nao
1930,Administracao,1,EAD,Manha,13.3,99.8,100,5.0,8,40,0,Sim
9367,Enfermagem,6,Presencial,Manha,7.6,60.2,62.9,8.8,8,30,60,Nao
816,Pedagogia,6,Presencial,Noite,9.8,72.0,78.6,3.9,8,20,20,Nao
6111,Enfermagem,6,Hibrida,Manha,7.7,100,80.2,7.1,8,44,120,Sim
5605,Administracao,5,EAD,Noite,6.6,100,87.5,3.0,4,0,0,Sim
7140,Enfermagem,7,Hibrida,Manha,6.6,79.2,78.2,6.4,5,44,90,Sim
7634,Pedagogia,5,Presencial,Manha,,70.3,89.6,4.7,6,40,120,Sim
3819,Engenharia Civil,6,Presencial,Noite,7.4,66.5,70.7,6.8,8,20,120,Nao
2359,Engenharia Civil,1,Presencial,Noite,3.3,72.7,94.3,8.1,1,0,10,Nao
8602,Engenharia de Software,8,EAD,Manha,6.4,67.4,78.5,6.5,1,40,0,Sim
1841,Pedagogia,7,Presencial,Noite,1.7,81.6,60.6,5.7,4,40,10,Nao
6682,Engenharia Civil,7,EAD,Manha,6.0,86.9,73.4,7.5,4,20,0,Nao
160,Engenharia Civil,5,Presencial,Noite,5.3,95.7,100,3.0,3,0,120,Sim
9397,Pedagogia,7,Hibrida,Manha,3.2,100,45.0,5.5,5,30,30,Nao
2056,Pedagogia,2,Hibrida,Manha,11.7,99.5,100,3.7,12,44,90,Nao
2047,Administracao,1,Hibrida,Manha,6.7,76.8,76.2,7.4,11,0,45,Sim
3636,Enfermagem,2,Hibrida,Noite,11.9,72.2,71.1,3.8,9,0,15,Sim
2066,Engenharia Civil,8,Presencial,Manha,,97.1,73.5,4.0,5,0,45,Sim
8278,Enfermagem,1,Hibrida,Noite,0.2,90.9,72.3,4.6,2,40,20,Nao
8772,Pedagogia,2,Presencial,Manha,8.0,82.4,59.2,7.2,9,20,10,Nao
3996,Engenharia de Software,8,Presencial,Manha,6.7,93.8,86.5,4.6,6,0,20,Sim
7913,Engenharia Civil,2,Presencial,Noite,8.8,80.4,79.3,3.8,6,0,20,Sim
1174,Administracao,8,Presencial,Manha,16.5,81.0,87.6,7.2,14,0,60,Sim
7959,Enfermagem,7,Presencial,Manha,0.6,91.0,51.9,4.9,0,40,120,Nao
9826,Enfermagem,4,Presencial,Noite,8.6,79.3,100,7.3,10,0,30,Sim
621,Enfermagem,4,Hibrida,Manha,6.6,97.6,73.1,6.0,6,0,30,Sim
2121,Engenharia de Software,6,Hibrida,Manha,7.6,67.0,68.5,7.9,5,20,30,Nao
8521,Engenharia de Software,2,Presencial,Manha,6.1,70.7,79.6,4.9,6,40,60,Sim
5721,Engenharia Civil,5,Hibrida,Noite,7.8,78.9,67.0,5.8,5,20,20,Nao
7289,Engenharia Civil,5,Presencial,Noite,1.3,83.2,82.7,4.2,6,0,60,Nao
282,Pedagogia,2,EAD,Noite,12.4,80.9,95.3,8.7,7,0,0,Sim
6977,Enfermagem,6,Presencial,Manha,4.0,72.5,64.8,9.2,13,44,90,Sim
2631,Administracao,6,Presencial,Noite,5.9,98.4,93.4,6.2,8,0,60,Sim
8552,Engenharia de Software,6,Presencial,Manha,5.2,98.1,56.4,4.7,4,20,120,Nao
100,Engenharia Civil,8,Hibrida,Manha,14.5,80.2,61.7,6.1,7,44,15,Nao
2898,Engenharia Civil,2,Presencial,Manha,5.0,54.1,65.6,8.0,3,0,90,Nao
8426,Enfermagem,6,EAD,Manha,8.1,74.1,87.7,8.8,8,0,0,Sim
6132,Enfermagem,1,Hibrida,Manha,12.0,86.3,65.3,6.0,12,44,120,Sim
7276,Pedagogia,1,Hibrida,Noite,2.3,87.2,82.2,8.1,0,44,120,Sim
7819,Engenharia Civil,3,Presencial,Manha,10.3,61.5,92.7,2.2,7,0,30,Nao
9299,Enfermagem,2,Hibrida,Noite,4.3,88.8,42.2,4.7,8,0,30,Nao
6051,Enfermagem,8,Presencial,Noite,8.0,85.1,66.9,5.7,4,30,90,Nao
395,Administracao,7,Hibrida,Manha,3.7,89.4,100,5.0,5,30,,Sim
2682,Pedagogia,2,Presencial,Manha,3.2,82.9,69.7,4.6,8,40,90,Nao
2901,Engenharia Civil,7,Presencial,Noite,8.2,92.4,63.8,3.3,11,44,20,Nao
7006,Pedagogia,3,Presencial,Manha,5.7,84.3,75.9,4.8,6,30,30,Nao
6230,Engenharia Civil,3,EAD,Manha,2.6,76.0,93.9,6.9,4,44,0,Nao
7344,Enfermagem,1,Hibrida,Noite,2.5,71.7,62.1,7.1,3,44,60,Nao
9249,Enfermagem,5,Presencial,Manha,6.5,61.3,,5.8,5,0,,Nao
7472,Administracao,4,Presencial,Manha,3.1,83.5,46.6,6.9,0,20,30,Nao
3267,Engenharia Civil,8,Presencial,Noite,10.9,100,100,6.2,6,40,20,Sim
9029,Enfermagem,4,EAD,Manha,9.0,62.8,75.1,5.3,9,0,0,Nao
1445,Enfermagem,5,Presencial,Noite,8.9,84.6,100,2.4,3,40,15,Sim
3653,Pedagogia,2,Presencial,Noite,8.8,99.5,87.4,7.8,7,30,45,Sim
5678,Engenharia de Software,3,Hibrida,Noite,3.1,95.7,70.8,4.4,4,30,10,Nao
7249,Engenharia de Software,3,Hibrida,Manha,6.6,72.6,67.4,7.3,10,20,45,Nao
7995,Pedagogia,3,Presencial,Manha,3.7,87.2,83.7,5.6,3,20,120,Sim
5505,Enfermagem,2,Presencial,Noite,8.0,94.5,90.0,5.8,9,30,60,Nao
1901,Pedagogia,4,Presencial,Noite,8.4,81.9,,7.5,3,0,120,Nao
3342,Pedagogia,6,Presencial,Noite,2.9,60.8,53.4,7.3,6,44,90,Nao
1188,Administracao,6,EAD,Manha,0.9,98.4,77.1,9.0,4,0,0,Sim
1061,Administracao,1,Presencial,Manha,3.1,74.0,88.0,4.1,3,0,45,Sim
3087,Enfermagem,2,Presencial,Noite,7.0,78.1,89.3,7.4,5,40,45,Sim
2580,Engenharia Civil,3,EAD,Noite,4.2,75.2,95.1,6.7,3,44,0,Sim
4108,Enfermagem,7,Presencial,Manha,13.9,67.5,80.0,7.2,9,30,20,Sim
1150,Administracao,4,Presencial,Noite,8.5,70.7,100,3.6,7,44,30,Nao
2894,Pedagogia,2,Hibrida,Manha,0.2,92.4,82.8,3.6,2,20,15,Sim
9713,Administracao,4,Presencial,Manha,7.3,79.5,82.9,4.9,,20,15,Nao
3357,Engenharia de Software,6,Presencial,Manha,12.1,75.3,87.4,7.7,8,0,15,Sim
1852,Pedagogia,3,Hibrida,Noite,3.9,81.8,64.6,4.2,4,30,15,Sim
4292,Pedagogia,4,Presencial,Manha,11.9,85.4,98.4,5.7,9,20,10,Nao
4862,Engenharia Civil,1,Hibrida,Noite,0.7,85.6,61.7,3.3,3,44,60,Nao
4232,Engenharia de Software,6,Hibrida,Noite,4.9,84.0,93.6,2.9,3,0,20,Nao
5977,Engenharia de Software,6,Presencial,Noite,12.4,82.8,82.3,4.8,7,0,10,Sim
8183,Engenharia Civil,7,Hibrida,Noite,9.6,74.7,64.3,9.6,10,30,45,Sim
5237,Engenharia Civil,8,EAD,Manha,5.3,62.5,33.7,5.6,5,40,0,Nao
2372,Enfermagem,3,Hibrida,Manha,6.2,99.7,77.4,5.8,10,0,90,Sim
136,Administracao,4,Presencial,Manha,8.6,97.8,59.0,7.7,8,30,120,Sim
472,Administracao,6,Presencial,Noite,8.9,78.1,70.7,9.6,4,30,30,Sim
9438,Enfermagem,6,Presencial,Manha,7.4,98.0,100,2.8,6,30,60,Nao
179,Engenharia de Software,5,EAD,Manha,8.1,90.3,94.2,7.4,6,44,0,Sim
8162,Administracao,4,Presencial,Noite,8.9,74.9,90.3,5.6,6,0,45,Nao
7019,Engenharia de Software,2,Presencial,Noite,2.2,61.8,86.6,4.8,3,30,60,Nao
5572,Engenharia de Software,3,Hibrida,Noite,10.4,74.3,81.6,4.5,10,20,20,Sim
3888,Enfermagem,8,Presencial,Manha,8.4,73.8,80.2,3.7,8,0,15,Nao
6532,Administracao,4,Presencial,Noite,2.2,91.3,90.0,6.7,6,40,45,Nao
3490,Engenharia Civil,1,Hibrida,Noite,7.2,75.4,65.7,3.7,7,20,120,Nao
6850,Engenharia Civil,2,Presencial,Manha,0.2,58.6,62.5,8.6,0,30,10,Nao
2050,Engenharia de Software,7,EAD,Noite,1.9,75.2,90.1,5.3,5,30,0,Nao
2373,Administracao,4,Presencial,Noite,5.3,78.6,80.5,8.6,2,0,60,Sim
6970,Engenharia Civil,5,Hibrida,Noite,4.5,84.0,60.3,9.4,9,44,15,Nao
7356,Engenharia de Software,7,EAD,Manha,5.0,83.8,72.9,8.7,8,0,0,Nao
663,Engenharia Civil,7,Presencial,Manha,10.1,71.2,70.4,7.4,11,44,120,Sim
6634,Pedagogia,3,Presencial,Noite,5.0,80.2,79.2,5.0,1,30,90,Nao
3969,Pedagogia,3,Presencial,Noite,5.0,84.5,60.2,5.0,6,44,30,Nao
5994,Administracao,4,Presencial,Manha,,91.7,76.9,6.8,7,40,20,Sim
2313,Engenharia de Software,5,Hibrida,Manha,6.9,86.9,48.9,6.1,8,30,10,Nao
3809,Pedagogia,3,Hibrida,Manha,4.4,71.3,77.1,3.2,0,44,90,Nao
1847,Engenharia Civil,5,Presencial,Noite,11.4,87.4,21.4,6.3,10,0,120,Nao
3464,Enfermagem,5,EAD,Noite,13.3,68.6,100,3.6,1,44,0,Nao
8660,Engenharia de Software,6,EAD,Noite,1.9,75.9,66.8,7.9,0,44,0,Nao
4278,Pedagogia,6,EAD,Noite,8.7,65.2,91.3,4.0,12,0,0,Nao
6695,Engenharia de Software,6,Presencial,Manha,5.0,76.9,60.0,6.5,2,44,15,Sim
1892,Engenharia Civil,1,Presencial,Noite,8.6,85.6,73.0,5.9,11,0,15,Nao
4486,Administracao,1,Presencial,Noite,0.2,78.4,74.3,5.7,5,30,60,Nao
6393,Enfermagem,5,EAD,Noite,7.5,82.3,75.5,7.4,3,44,0,Nao
7336,Engenharia de Software,4,Hibrida,Manha,10.2,87.7,55.1,4.9,7,20,10,Nao
8683,Administracao,1,EAD,Manha,4.7,83.4,67.7,4.5,6,0,0,Nao
5263,Pedagogia,3,EAD,Noite,12.7,72.5,65.0,5.3,7,0,0,Sim
7284,Pedagogia,1,Presencial,Noite,6.4,79.7,82.3,6.5,5,0,15,Sim
9341,Enfermagem,7,EAD,Manha,9.5,76.2,80.8,5.1,10,40,0,Sim
5629,Pedagogia,5,Presencial,Manha,,82.6,73.5,6.5,3,30,15,Nao
1355,Pedagogia,8,Presencial,Noite,8.3,78.6,63.7,6.7,4,0,10,Nao
7370,Administracao,2,Presencial,Manha,7.1,82.0,74.9,8.9,6,40,30,Nao
9079,Engenharia Civil,3,Hibrida,Noite,14.4,90.9,89.2,6.6,5,0,120,Sim
519,Engenharia Civil,4,Presencial,Manha,14.7,78.4,100,2.6,4,0,60,Nao
7082,Enfermagem,3,Hibrida,Manha,9.6,78.7,77.0,5.4,9,20,15,Sim
4239,Engenharia Civil,5,Presencial,Noite,6.9,82.5,78.5,6.1,4,44,30,Sim
6492,Engenharia de Software,1,Hibrida,Noite,4.0,76.7,42.0,7.1,4,30,20,Nao
2594,Pedagogia,1,Hibrida,Manha,3.8,84.6,78.1,5.8,1,44,30,Nao
6551,Enfermagem,6,Presencial,Noite,4.9,99.3,86.1,4.7,4,40,90,Nao
3659,Engenharia Civil,4,Hibrida,Manha,2.5,88.3,72.0,4.7,7,30,20,Nao
4765,Administracao,4,Presencial,Noite,10.2,60.9,100,3.3,7,20,45,Nao
1502,Pedagogia,6,Presencial,Manha,7.7,55.9,63.2,5.3,9,20,90,Nao
2473,Engenharia de Software,7,Hibrida,Noite,9.4,67.4,84.7,8.6,2,30,15,Sim
5796,Engenharia de Software,2,EAD,Manha,3.5,68.6,70.4,5.4,5,44,0,Nao
1692,Enfermagem,5,Presencial,Noite,9.8,70.3,77.5,7.6,11,20,20,Sim
8511,Enfermagem,3,Presencial,Manha,13.3,94.3,100,4.7,8,0,45,Sim
3514,Enfermagem,2,Presencial,Noite,5.8,91.6,77.7,4.0,0,0,45,Nao
3650,Enfermagem,2,Presencial,Noite,7.6,83.8,71.8,7.4,2,20,120,Sim
8300,Administracao,2,Presencial,Manha,9.2,100,66.0,4.2,10,44,30,Sim
3766,Engenharia de Software,6,EAD,Noite,8.0,91.3,78.0,8.1,7,0,0,Nao
2305,Engenharia de Software,6,Hibrida,Noite,7.3,98.7,66.4,3.1,4,0,15,Sim
405,Engenharia Civil,6,Presencial,Manha,7.1,71.5,71.3,6.5,12,30,15,Nao
9683,Engenharia Civil,2,Presencial,Manha,7.8,66.2,100,7.0,7,30,60,Sim
3092,Engenharia Civil,1,Presencial,Noite,16.4,84.3,100,6.2,11,0,60,Sim
284,Engenharia de Software,1,Hibrida,Manha,1.5,66.2,34.8,4.5,2,44,60,Nao
5079,Enfermagem,6,Presencial,Manha,6.5,66.0,88.0,5.6,1,40,10,Nao
1948,Pedagogia,7,Presencial,Noite,8.2,77.5,93.7,5.9,4,44,30,Sim
6466,Engenharia de Software,3,Presencial,Noite,11.1,100,100,5.1,13,0,30,Sim
5663,Engenharia Civil,4,Presencial,Manha,5.6,83.9,67.2,7.1,2,30,15,Sim
5051,Engenharia de Software,4,Presencial,Manha,9.5,70.6,77.1,4.6,9,40,20,Sim
5767,Pedagogia,5,Presencial,Noite,5.6,92.7,79.7,6.2,8,44,30,Sim
2922,Engenharia de Software,7,Presencial,Noite,9.1,78.9,76.7,5.5,9,20,90,Nao
5620,Engenharia de Software,8,Hibrida,Manha,10.6,71.0,88.9,3.6,5,44,90,Sim
4051,Pedagogia,3,Hibrida,Manha,6.2,84.9,100,8.7,7,44,120,Nao
2869,Engenharia Civil,8,EAD,Noite,4.5,89.7,75.4,6.1,8,20,0,Sim
2220,Pedagogia,1,Presencial,Manha,2.4,71.0,42.3,6.5,6,44,10,Sim
6919,Engenharia de Software,2,Hibrida,Noite,10.4,83.3,81.8,8.0,12,0,30,Sim
6420,Enfermagem,1,Hibrida,Noite,8.7,87.5,82.4,6.2,6,44,120,Nao
1548,Engenharia Civil,2,Presencial,Noite,1.6,80.8,92.1,9.1,4,30,90,Nao
3773,Engenharia Civil,5,Presencial,Manha,7.1,83.9,90.7,4.5,2,30,20,Nao
6046,Pedagogia,3,Presencial,Manha,0.2,73.0,32.6,5.6,1,30,,Nao
8659,Engenharia de Software,6,Hibrida,Noite,4.7,90.2,71.7,2.0,5,0,120,Nao
4611,Engenharia Civil,6,Presencial,Noite,7.8,74.4,93.9,4.0,12,44,120,Nao
8789,Engenharia Civil,4,Presencial,Manha,3.4,90.3,71.5,4.4,4,0,45,Nao
2989,Administracao,6,Hibrida,Noite,5.6,63.1,58.0,4.7,10,40,10,Nao
5414,Engenharia Civil,6,Hibrida,Manha,9.1,79.4,100,6.9,2,0,90,Sim
9001,Engenharia Civil,4,Presencial,Noite,11.3,78.5,76.0,4.9,9,20,10,Sim
9511,Engenharia de Software,1,Presencial,Noite,10.1,100,,4.3,10,0,45,Sim
2673,Engenharia Civil,3,Presencial,Manha,11.4,87.5,100,7.3,,44,15,Nao
7048,Administracao,4,Hibrida,Manha,11.0,77.9,100,7.8,12,30,120,Sim
4277,Engenharia de Software,6,Presencial,Manha,10.7,86.0,89.9,6.3,10,20,20,Sim
2427,Enfermagem,4,Presencial,Manha,3.4,100,64.7,5.1,4,44,60,Sim
296,Enfermagem,8,Presencial,Manha,11.3,62.7,60.0,3.4,3,0,30,Nao
9148,Administracao,5,Hibrida,Noite,0.2,79.1,60.1,8.4,5,44,,Nao
571,Engenharia de Software,3,EAD,Manha,7.2,74.9,58.7,7.2,7,0,0,Nao
1438,Pedagogia,2,Presencial,Manha,10.0,71.2,85.1,5.3,7,0,90,Nao
7991,Administracao,6,Hibrida,Manha,14.5,97.9,100,5.8,10,0,20,Nao
6414,Pedagogia,2,Presencial,Noite,0.2,81.1,64.2,5.3,4,30,30,Nao
580,Engenharia de Software,2,Presencial,Manha,3.5,65.6,43.6,4.3,4,44,45,Nao
2584,Pedagogia,7,Presencial,Manha,5.6,81.1,65.9,3.9,0,44,90,Nao
1516,Engenharia Civil,2,Presencial,Manha,9.1,75.0,74.2,4.6,2,0,30,Nao
7484,Administracao,3,Presencial,Manha,8.9,97.6,59.5,5.5,8,40,120,Sim
900,Engenharia de Software,5,Hibrida,Noite,5.4,70.8,36.8,7.1,8,40,15,Nao
8234,Engenharia de Software,4,Hibrida,Noite,10.6,84.5,93.9,4.6,12,0,120,Nao
4787,Administracao,7,Hibrida,Noite,6.1,87.6,44.9,4.1,8,20,15,Nao
4551,Enfermagem,4,Presencial,Noite,7.7,73.6,80.1,6.0,12,0,120,Nao
3434,Pedagogia,8,Presencial,Noite,8.7,94.0,73.2,7.2,11,0,15,Sim
450,Enfermagem,1,Presencial,Manha,9.5,76.8,77.4,7.7,7,0,20,Nao
5818,Pedagogia,5,EAD,Noite,8.2,93.7,72.1,5.7,6,0,0,Sim
8644,Administracao,8,Presencial,Manha,7.4,70.9,76.5,6.8,9,20,60,Nao
7474,Enfermagem,6,EAD,Noite,0.2,92.9,60.8,9.7,3,20,0,Sim
7691,Engenharia Civil,6,Presencial,Manha,10.4,78.9,92.9,9.3,8,44,20,Sim
6109,Administracao,2,Presencial,Manha,6.7,96.0,47.2,5.3,7,20,120,Nao
3738,Enfermagem,3,Presencial,Noite,10.4,57.6,66.0,5.6,11,20,10,Nao
8869,Engenharia de Software,1,Hibrida,Noite,12.1,91.0,75.1,4.1,12,20,15,Sim
3015,Engenharia Civil,6,Presencial,Manha,9.9,100,100,7.7,5,20,15,Sim
7205,Pedagogia,6,Presencial,Noite,12.9,82.5,82.8,7.6,3,0,,Sim
1037,Engenharia Civil,7,Presencial,Manha,5.6,86.6,63.2,5.1,,0,15,Nao
3018,Enfermagem,3,Hibrida,Noite,8.4,90.5,54.9,4.5,4,44,60,Nao
7760,Engenharia Civil,7,Presencial,Manha,3.3,77.8,55.9,4.9,5,20,15,Nao
8184,Administracao,7,EAD,Manha,10.7,80.6,88.6,,8,0,0,Sim
9312,Engenharia de Software,1,Presencial,Manha,9.2,74.5,72.0,3.8,3,44,60,Nao
5297,Engenharia Civil,8,Presencial,Manha,17.4,97.2,85.7,5.5,12,0,20,Sim
8632,Enfermagem,8,Presencial,Manha,3.3,68.1,67.2,6.4,3,40,60,Nao
3747,Engenharia de Software,3,Presencial,Manha,0.8,91.3,70.4,6.1,0,44,20,Nao
3729,Pedagogia,3,Presencial,Manha,6.1,91.5,88.0,4.8,2,0,20,Sim
158,Engenharia de Software,2,Presencial,Noite,8.8,58.8,81.6,3.9,3,40,30,Sim
8202,Engenharia de Software,1,Hibrida,Manha,4.8,89.4,63.8,,9,0,60,Sim
1760,Enfermagem,6,Presencial,Noite,6.0,84.3,50.1,7.0,6,40,30,Nao
5535,Engenharia de Software,3,Hibrida,Manha,6.2,83.1,82.2,6.6,5,40,10,Sim
359,Administracao,5,Presencial,Manha,8.3,71.6,69.4,5.9,8,44,120,Sim
5501,Administracao,1,Hibrida,Noite,7.7,77.3,66.0,2.9,4,0,90,Nao
7358,Engenharia de Software,8,Presencial,Manha,5.4,86.5,78.8,3.9,4,30,20,Nao
1791,Engenharia de Software,7,Presencial,Noite,11.3,87.8,95.1,8.6,6,40,90,Sim
2433,Engenharia Civil,4,Hibrida,Noite,2.0,74.7,90.2,3.8,3,0,60,Sim
698,Enfermagem,6,Hibrida,Noite,5.2,77.0,83.9,6.1,9,0,10,Sim
8217,Enfermagem,1,Hibrida,Manha,6.0,81.7,61.5,6.6,0,0,120,Nao
9803,Administracao,4,Hibrida,Noite,5.0,94.1,93.0,,9,44,30,Sim
9427,Pedagogia,2,EAD,Noite,3.2,76.5,93.5,5.2,10,40,0,Nao
44,Engenharia de Software,2,Presencial,Manha,7.3,87.2,88.0,2.3,3,0,15,Sim
2738,Engenharia Civil,4,Presencial,Manha,6.0,90.4,60.5,6.5,7,20,45,Sim
6663,Enfermagem,2,Presencial,Noite,0.2,72.0,58.5,5.7,1,0,90,Nao
2911,Administracao,7,EAD,Noite,6.1,74.4,89.1,6.3,8,30,0,Sim
3799,Engenharia Civil,5,EAD,Noite,7.9,93.4,72.9,5.3,2,0,0,Sim
5052,Administracao,4,Hibrida,Noite,6.1,85.1,45.7,8.3,8,0,20,Nao
4097,Engenharia de Software,5,Presencial,Noite,4.1,100,64.6,3.2,5,44,10,Nao
8232,Pedagogia,3,Hibrida,Manha,1.1,76.7,67.4,6.2,5,30,90,Sim
542,Pedagogia,7,Hibrida,Noite,7.0,61.8,52.8,6.2,5,0,30,Nao
7201,Pedagogia,1,EAD,Manha,0.6,78.1,77.2,10,10,40,0,Nao
6883,Engenharia Civil,2,Presencial,Noite,3.8,65.8,66.3,7.3,8,0,45,Nao
5802,Enfermagem,5,Presencial,Manha,5.8,78.0,67.5,7.7,5,20,20,Sim
4092,Enfermagem,4,Hibrida,Noite,5.8,80.4,69.9,7.6,6,0,20,Nao
9900,Administracao,6,Hibrida,Noite,5.4,81.9,57.1,6.4,14,0,120,Nao
8476,Administracao,5,Presencial,Noite,0.2,59.1,95.5,9.0,0,40,30,Nao
968,Engenharia Civil,2,Presencial,Noite,8.9,94.1,78.5,1.4,5,30,45,Sim
7888,Engenharia de Software,4,EAD,Noite,2.0,79.7,62.3,5.6,1,44,0,Nao
9431,Engenharia de Software,2,Hibrida,Noite,8.3,100,57.0,4.5,5,20,30,Nao
5806,Engenharia Civil,4,EAD,Manha,8.9,94.5,47.0,5.6,6,40,0,Sim
6609,Engenharia Civil,7,Presencial,Manha,4.0,97.9,69.9,5.9,5,30,20,Sim
3330,Administracao,6,EAD,Manha,13.6,82.7,68.8,7.7,1,40,0,Nao
1400,Enfermagem,8,Presencial,Manha,12.3,74.7,100,4.5,10,20,10,Nao
6711,Engenharia Civil,2,Hibrida,Manha,6.4,82.4,89.9,4.2,7,0,60,Sim
7059,Pedagogia,4,EAD,Manha,11.4,77.6,70.7,6.7,13,20,0,Sim
532,Administracao,5,Hibrida,Noite,1.6,85.6,87.4,3.1,8,40,20,Nao
7394,Administracao,8,EAD,Noite,2.9,82.3,46.7,7.9,3,0,0,Nao
9391,Pedagogia,1,Presencial,Noite,11.0,89.5,89.0,9.4,7,0,60,Sim
1366,Engenharia de Software,7,Hibrida,Noite,9.3,64.7,67.1,9.4,5,44,60,Nao
9152,Engenharia Civil,4,EAD,Manha,3.3,96.0,74.1,7.3,5,30,0,Sim
9011,Administracao,4,EAD,Noite,0.7,87.8,68.6,3.8,0,0,0,Nao
5987,Engenharia de Software,1,Hibrida,Noite,6.4,71.5,93.4,4.6,0,0,60,Nao
5243,Engenharia de Software,3,Presencial,Manha,7.9,82.0,81.7,5.4,4,20,10,Nao
8308,Engenharia de Software,5,Presencial,Noite,8.9,99.4,94.2,5.4,2,0,20,Sim
2890,Enfermagem,2,Presencial,Manha,3.8,76.2,61.1,8.3,8,20,60,Nao
2229,Engenharia de Software,4,Hibrida,Noite,5.4,83.3,42.2,4.2,3,20,120,Nao
9039,Administracao,1,Hibrida,Noite,2.2,77.9,50.0,7.0,5,0,45,Sim
8454,Engenharia de Software,5,Presencial,Noite,10.5,67.2,100,6.0,11,30,90,Sim
8945,Engenharia Civil,8,EAD,Noite,5.3,80.3,72.4,4.6,4,40,0,Nao
3964,Pedagogia,3,Hibrida,Manha,2.7,78.0,59.9,7.5,3,40,90,Nao
8755,Engenharia de Software,1,Hibrida,Noite,3.9,59.3,66.6,3.9,10,30,15,Sim
9106,Enfermagem,1,Presencial,Noite,1.1,97.1,86.8,9.9,0,44,60,Sim
227,Enfermagem,6,EAD,Manha,4.1,74.4,44.3,4.9,6,44,0,Nao
3288,Administracao,8,Presencial,Manha,5.8,76.9,68.0,8.0,6,40,90,Nao
5655,Engenharia de Software,7,Hibrida,Noite,7.8,70.9,79.9,6.8,3,44,15,Nao
5288,Pedagogia,2,Hibrida,Noite,9.8,83.7,73.3,8.3,1,20,30,Nao
2235,Pedagogia,1,EAD,Noite,1.4,70.9,40.2,4.8,4,40,0,Nao
4175,Administracao,8,Presencial,Noite,2.8,77.5,70.8,6.3,6,40,60,Nao
5866,Engenharia de Software,6,Presencial,Manha,6.5,73.2,57.0,5.3,7,44,60,Nao
3275,Enfermagem,6,Presencial,Manha,0.3,70.6,49.9,5.6,3,30,15,Nao
3135,Administracao,6,Presencial,Manha,2.7,77.7,60.1,4.7,5,44,90,Nao
6075,Enfermagem,4,Hibrida,Noite,4.9,66.1,73.2,7.2,2,40,120,Nao
1055,Engenharia de Software,5,Hibrida,Manha,6.8,100,95.9,9.3,1,30,15,Nao
7774,Pedagogia,3,Presencial,Manha,2.7,71.5,95.1,7.9,2,0,60,Sim
6445,Enfermagem,1,Presencial,Manha,4.4,88.6,69.1,5.2,4,20,30,Nao
8405,Engenharia de Software,2,Presencial,Manha,4.1,78.7,76.0,8.5,1,40,10,Nao
689,Enfermagem,3,Presencial,Noite,0.2,64.3,30.7,1.9,0,44,20,Nao
1049,Engenharia Civil,5,Presencial,Manha,10.3,90.0,57.9,8.8,4,20,20,Nao
7422,Pedagogia,7,Presencial,Noite,9.7,79.0,96.3,7.2,6,20,90,Sim
194,Enfermagem,2,Presencial,Noite,5.8,86.2,65.4,6.7,6,44,120,Sim
8126,Administracao,1,Presencial,Manha,7.7,97.2,91.3,3.9,6,44,45,Sim
328,Administracao,8,Presencial,Manha,10.3,85.1,87.6,2.2,10,44,20,Nao
1202,Engenharia de Software,7,Presencial,Manha,0.6,87.8,100,4.7,5,40,45,Sim
6252,Enfermagem,5,Presencial,Manha,2.8,91.5,60.2,6.7,13,44,20,Nao
4145,Administracao,7,Presencial,Noite,4.1,100,94.7,7.0,3,30,60,Sim
3376,Administracao,8,Presencial,Noite,5.3,86.6,47.9,4.8,10,44,20,Nao
5059,Engenharia de Software,5,Presencial,Manha,6.4,74.4,49.0,,3,20,120,Nao
7330,Pedagogia,6,Presencial,Noite,0.7,87.8,64.8,7.0,0,0,120,Nao
8032,Administracao,8,Hibrida,Noite,4.6,72.2,,5.7,3,40,10,Nao
8604,Administracao,5,Presencial,Noite,7.2,83.8,58.2,5.8,1,40,20,Nao
5957,Engenharia Civil,1,Presencial,Noite,2.6,90.4,44.9,4.0,0,20,90,Nao
2187,Engenharia de Software,8,Presencial,Noite,10.0,92.7,88.7,8.6,8,44,90,Sim
3952,Engenharia de Software,2,Hibrida,Manha,8.0,78.7,79.9,6.8,7,44,90,Sim
8216,Pedagogia,2,Presencial,Manha,6.9,74.9,67.2,7.0,0,20,20,Nao
7436,Engenharia de Software,4,EAD,Manha,13.1,76.8,63.5,3.5,12,0,0,Nao
1138,Enfermagem,8,Presencial,Noite,0.2,75.4,79.3,7.1,3,44,120,Sim
1255,Administracao,4,Presencial,Manha,8.4,71.3,63.7,5.5,5,0,90,Nao
3968,Enfermagem,3,Presencial,Noite,5.7,83.0,61.8,5.1,4,20,20,Nao
6158,Enfermagem,6,EAD,Noite,4.1,82.8,69.7,5.7,6,40,,Nao
2408,Pedagogia,8,Presencial,Noite,3.2,72.3,52.1,5.3,7,40,60,Nao
4703,Pedagogia,8,Presencial,Manha,2.4,85.1,70.4,2.4,5,0,120,Nao
3159,Engenharia de Software,1,Hibrida,Manha,4.5,62.7,70.4,8.4,9,20,10,Sim
5808,Engenharia de Software,6,EAD,Manha,8.9,84.6,87.4,5.5,7,44,0,Sim
5479,Pedagogia,3,Presencial,Noite,11.3,80.4,66.9,8.9,13,44,20,Sim
6845,Administracao,8,Presencial,Manha,7.0,69.5,63.3,6.6,4,20,20,Nao
7816,Pedagogia,1,Hibrida,Manha,,94.4,68.2,9.5,0,40,120,Nao
9788,Administracao,2,Presencial,Noite,8.1,94.7,84.5,6.6,10,0,120,Sim
8879,Pedagogia,1,Presencial,Noite,8.2,76.6,67.2,5.2,4,20,60,Nao
9724,Administracao,1,Presencial,Manha,7.6,82.2,90.7,7.3,5,0,10,Sim
8339,Administracao,3,Presencial,Manha,7.0,85.9,81.7,8.8,9,30,20,Sim
6534,Engenharia Civil,3,Hibrida,Manha,3.7,81.2,48.3,3.9,3,40,45,Nao
5838,Administracao,5,Presencial,Manha,12.5,72.7,82.3,8.2,3,40,15,Nao
1688,Engenharia de Software,2,Hibrida,Noite,15.1,89.9,59.6,6.4,11,30,60,Nao
8932,Administracao,2,Presencial,Noite,8.5,70.4,82.1,7.2,5,0,15,Nao
2090,Administracao,5,Hibrida,Manha,9.5,82.4,90.5,7.3,11,44,45,Sim
6795,Pedagogia,5,Presencial,Noite,10.3,100,63.6,7.9,5,30,45,Sim
5640,Enfermagem,2,Hibrida,Manha,1.9,90.9,39.1,8.3,1,0,60,Nao
3993,Engenharia de Software,7,Hibrida,Manha,9.3,91.7,85.1,7.6,8,40,15,Sim
1724,Engenharia Civil,6,Presencial,Manha,6.0,84.8,70.1,1.6,9,40,45,Nao
945,Administracao,5,Presencial,Manha,7.2,100,64.9,5.4,12,0,30,Sim
1134,Engenharia Civil,5,Presencial,Manha,4.4,67.1,94.1,8.4,11,40,60,Nao
9409,Administracao,8,Presencial,Manha,11.9,100,91.4,5.9,6,0,90,Sim
3930,Engenharia de Software,7,EAD,Noite,5.7,74.0,93.1,8.3,2,40,0,Nao
814,Engenharia de Software,3,Presencial,Manha,8.3,94.0,66.1,6.6,5,0,45,Nao
5776,Enfermagem,2,Hibrida,Noite,10.0,100,84.3,9.3,7,20,20,Nao
8641,Engenharia Civil,3,Presencial,Manha,8.3,87.6,60.8,2.9,6,30,20,Sim
5053,Pedagogia,6,Presencial,Noite,5.1,67.2,68.9,6.0,8,40,45,Nao
8806,Pedagogia,5,Hibrida,Manha,6.9,97.6,63.8,4.6,5,20,30,Nao
8720,Engenharia Civil,8,Hibrida,Noite,10.3,94.0,98.6,4.8,8,0,30,Nao
375,Enfermagem,2,Presencial,Manha,7.5,74.9,95.0,5.8,7,40,10,Sim
5822,Administracao,3,Presencial,Manha,3.2,100,92.1,5.9,4,0,90,Nao
629,Engenharia de Software,7,EAD,Manha,4.0,100,55.4,4.9,10,20,0,Nao
102,Engenharia Civil,8,Presencial,Manha,7.1,85.6,76.5,3.0,6,0,90,Nao
4788,Administracao,8,Hibrida,Noite,11.3,70.7,77.6,2.9,2,30,20,Nao
3417,Enfermagem,1,EAD,Manha,5.6,77.7,87.0,5.3,7,0,0,Sim
2045,Engenharia Civil,3,Presencial,Manha,0.2,64.1,54.4,9.0,1,44,15,Nao
3001,Administracao,2,Presencial,Manha,10.4,87.3,100,4.7,10,0,90,Sim
7173,Engenharia Civil,5,EAD,Manha,8.6,63.4,100,7.7,11,30,0,Sim
4706,Administracao,6,Hibrida,Manha,12.4,77.0,92.6,7.4,15,0,60,Sim
67,Engenharia Civil,4,Presencial,Manha,8.5,72.6,51.9,5.7,8,44,45,Sim
7564,Pedagogia,2,EAD,Manha,4.3,96.1,69.7,4.1,4,40,0,Nao
1363,Engenharia Civil,3,Presencial,Noite,7.8,87.4,68.9,6.6,7,20,45,Nao
9261,Engenharia de Software,4,Presencial,Noite,6.2,74.0,72.4,4.8,0,40,10,Nao
1596,Enfermagem,1,Presencial,Noite,8.3,62.0,69.4,9.2,10,20,10,Nao
1650,Engenharia de Software,1,Hibrida,Noite,5.9,92.5,73.5,7.2,2,40,120,Sim
2381,Engenharia Civil,1,Hibrida,Manha,12.1,97.6,97.6,5.2,10,0,120,Sim
700,Enfermagem,8,EAD,Manha,15.6,89.0,99.8,8.2,11,0,0,Sim
7521,Administracao,5,Presencial,Noite,7.8,81.9,95.8,7.2,5,40,15,Sim
9944,Engenharia Civil,5,Presencial,Noite,3.8,78.6,57.7,5.0,2,0,60,Nao
1698,Engenharia de Software,8,Hibrida,Noite,0.2,93.5,58.0,3.6,6,20,120,Nao
4122,Engenharia de Software,6,Hibrida,Noite,6.5,82.7,63.0,3.1,9,44,120,Sim
2836,Administracao,5,Presencial,Noite,5.0,81.9,53.2,7.3,8,0,60,Nao
203,Enfermagem,8,Hibrida,Manha,10.5,85.2,49.5,7.7,13,40,15,Nao
3800,Engenharia de Software,4,Presencial,Noite,6.7,76.5,63.9,5.8,7,44,10,Nao
6559,Engenharia Civil,1,Hibrida,Noite,2.4,93.7,39.4,6.1,1,40,45,Sim
537,Administracao,8,Hibrida,Noite,3.1,95.2,57.0,9.2,2,0,90,Nao
2570,Administracao,6,Presencial,Manha,11.9,97.2,85.9,,7,20,10,Sim
6367,Enfermagem,8,EAD,Manha,8.6,100,53.1,6.8,8,30,0,Sim
9473,Enfermagem,4,Presencial,Manha,7.4,100,87.6,6.9,5,20,60,Sim
5991,Enfermagem,5,Hibrida,Noite,1.8,76.3,69.2,5.6,4,30,30,Nao
626,Enfermagem,6,Presencial,Manha,5.3,78.8,79.6,7.6,8,0,90,Sim
8881,Enfermagem,8,Presencial,Noite,15.4,64.2,92.3,5.5,12,20,120,Nao
2258,Engenharia de Software,1,Hibrida,Manha,6.9,87.5,82.9,1.8,2,40,20,Nao
6014,Engenharia de Software,2,Hibrida,Manha,9.3,87.7,66.6,6.1,8,30,10,Sim
2058,Engenharia de Software,3,Hibrida,Manha,10.0,80.4,65.5,5.6,9,0,120,Nao
3414,Engenharia de Software,2,Presencial,Manha,10.1,87.6,83.9,6.9,4,20,30,Nao
2286,Enfermagem,8,Presencial,Manha,8.2,82.6,71.2,7.5,9,44,45,Nao
5990,Pedagogia,2,Hibrida,Manha,9.1,72.6,83.5,8.6,7,0,20,Sim
5138,Engenharia de Software,4,Hibrida,Manha,13.7,78.8,83.1,4.7,10,0,120,Sim
7297,Engenharia Civil,5,Presencial,Noite,8.3,81.7,78.9,6.3,9,0,45,Nao
2096,Engenharia de Software,2,Presencial,Manha,9.8,90.7,95.4,6.8,7,0,15,Sim
1725,Pedagogia,5,Presencial,Noite,3.4,68.4,52.4,3.8,7,0,20,Nao
4205,Administracao,4,Presencial,Manha,11.7,71.8,70.3,3.1,9,30,120,Sim
3229,Engenharia Civil,3,EAD,Noite,6.7,77.4,100,5.7,5,40,0,Nao
7481,Engenharia de Software,6,Hibrida,Noite,6.7,86.2,85.0,6.5,9,20,45,Nao
8779,Administracao,4,Presencial,Noite,3.3,62.8,75.6,4.1,0,30,30,Nao
6497,Enfermagem,2,Hibrida,Manha,5.8,78.4,47.8,4.6,1,40,60,Sim
6198,Engenharia Civil,2,Presencial,Noite,9.3,81.7,88.1,6.5,11,0,10,Sim
5089,Pedagogia,6,Hibrida,Manha,11.3,71.9,87.6,7.2,3,30,90,Nao
7120,Enfermagem,8,Presencial,Noite,18.8,98.2,83.3,7.7,8,0,60,Nao
3028,Engenharia Civil,6,Hibrida,Noite,10.1,66.8,100,6.9,9,20,60,Nao
2523,Pedagogia,6,Presencial,Noite,10.0,78.6,93.4,8.5,12,30,45,Sim
1296,Engenharia Civil,3,Presencial,Manha,6.9,79.7,82.7,5.4,5,30,60,Sim
225,Pedagogia,5,Hibrida,Manha,6.6,87.7,57.6,7.1,6,0,10,Sim
4126,Enfermagem,7,Hibrida,Noite,8.3,99.4,83.3,5.4,6,0,60,Sim
154,Enfermagem,4,Presencial,Manha,8.5,84.2,81.5,7.3,3,0,20,Sim
737,Administracao,5,EAD,Noite,3.0,100,75.5,7.9,4,0,0,Sim
8311,Engenharia Civil,1,Presencial,Manha,1.9,74.2,47.9,8.5,0,40,15,Nao
1605,Pedagogia,2,Presencial,Noite,4.9,100,84.3,6.4,0,20,10,Nao
245,Engenharia de Software,5,Presencial,Noite,13.6,89.9,73.6,6.6,12,0,30,Sim
3683,Engenharia de Software,2,Presencial,Manha,8.4,66.7,48.4,8.1,8,20,45,Nao
4334,Pedagogia,8,Presencial,Noite,8.9,86.9,70.4,2.3,9,0,15,Sim
3572,Enfermagem,2,Presencial,Noite,4.2,75.3,84.6,10,3,20,60,Nao
3056,Administracao,3,Presencial,Noite,10.3,83.0,86.2,8.8,8,20,15,Nao
8910,Enfermagem,5,Presencial,Manha,14.2,100,99.8,9.4,14,0,45,Sim
5918,Engenharia Civil,4,Presencial,Noite,9.1,89.0,87.5,6.2,6,0,60,Sim
4032,Enfermagem,6,Presencial,Noite,12.7,90.4,,9.9,9,40,90,Sim
1287,Engenharia Civil,3,Presencial,Noite,8.8,79.0,59.3,7.2,6,40,90,Sim
6399,Engenharia Civil,2,Presencial,Manha,10.2,74.7,66.9,5.8,5,44,120,Nao
4578,Engenharia de Software,7,Presencial,Manha,8.4,79.8,82.8,7.8,3,44,20,Sim
9598,Administracao,2,Hibrida,Noite,8.0,97.4,96.0,5.3,1,44,30,Sim
7421,Engenharia Civil,6,Hibrida,Noite,5.8,74.1,61.0,6.4,10,44,90,Sim
520,Pedagogia,5,EAD,Noite,11.7,81.5,94.6,5.4,12,0,0,Nao
8453,Pedagogia,5,Presencial,Manha,7.5,89.1,68.6,5.9,11,0,90,Nao
6636,Administracao,4,Hibrida,Manha,3.5,72.0,100,5.6,5,20,10,Nao
1528,Pedagogia,8,Presencial,Manha,10.0,86.8,72.1,6.9,12,0,90,Sim
7721,Pedagogia,2,Hibrida,Noite,9.3,90.4,99.8,6.0,8,30,90,Sim
3660,Pedagogia,1,Presencial,Noite,3.2,98.2,87.1,5.7,2,40,20,Sim
5798,Pedagogia,6,Hibrida,Noite,7.2,57.4,82.3,7.0,7,44,20,Nao
3444,Engenharia de Software,2,Hibrida,Manha,12.0,87.0,100,6.5,6,0,60,Sim
5900,Pedagogia,3,Hibrida,Noite,0.2,77.7,44.6,3.5,1,40,120,Nao
5063,Pedagogia,7,Hibrida,Manha,8.1,85.2,76.2,3.1,11,44,20,Nao
3678,Administracao,7,Hibrida,Noite,11.9,72.8,100,6.0,11,30,30,Sim
2977,Administracao,2,Presencial,Noite,3.9,63.7,67.1,7.2,5,40,45,Nao
9443,Administracao,4,Presencial,Noite,3.2,98.7,43.6,6.4,6,20,10,Nao
8474,Administracao,1,Presencial,Noite,6.8,92.4,56.9,6.1,1,20,60,Nao
6452,Engenharia de Software,3,Hibrida,Noite,5.9,98.5,67.1,4.9,6,0,120,Sim
8377,Engenharia Civil,7,Hibrida,Manha,5.6,74.2,87.5,5.3,9,44,120,Nao
6232,Engenharia de Software,6,Hibrida,Manha,6.8,84.6,80.8,4.6,6,0,10,Sim
6599,Engenharia Civil,4,EAD,Noite,5.0,81.3,74.1,6.2,5,40,0,Nao
679,Engenharia de Software,6,Presencial,Manha,,88.0,61.6,4.6,5,44,20,Nao
3658,Engenharia de Software,1,Presencial,Manha,5.0,88.2,59.6,4.6,6,0,30,Nao
9522,Pedagogia,3,Presencial,Manha,9.0,95.7,83.3,4.9,7,44,90,Sim
8593,Administracao,7,Presencial,Manha,9.8,93.4,100,,7,0,15,Sim
5901,Pedagogia,5,Presencial,Manha,6.5,93.5,49.8,5.0,2,20,15,Nao
8533,Administracao,1,Presencial,Noite,3.6,74.2,84.4,4.5,3,30,90,Nao
2920,Pedagogia,7,Hibrida,Manha,2.2,81.6,63.5,6.9,0,30,45,Nao
4339,Pedagogia,4,Presencial,Noite,10.1,73.4,78.6,5.5,8,30,,Sim
9907,Administracao,5,EAD,Noite,2.1,76.4,100,9.8,0,40,0,Sim
6260,Administracao,7,EAD,Noite,6.8,84.5,67.1,5.4,0,20,0,Nao
6047,Engenharia Civil,7,Hibrida,Noite,8.5,74.1,78.8,6.9,6,30,30,Sim
3553,Engenharia de Software,1,Presencial,Noite,7.5,100,47.8,5.8,7,0,20,Sim
3899,Engenharia de Software,7,Hibrida,Noite,8.0,99.6,59.6,7.2,5,20,45,Sim
7231,Pedagogia,8,Presencial,Noite,8.5,74.2,100,7.6,8,0,120,Nao
6839,Engenharia Civil,4,Presencial,Manha,4.4,86.3,44.7,8.6,1,40,20,Nao
2955,Engenharia de Software,6,Presencial,Manha,8.6,86.7,80.3,6.0,9,30,90,Sim
1759,Enfermagem,6,Hibrida,Noite,7.3,76.1,69.1,9.1,5,30,15,Nao
835,Engenharia de Software,3,Presencial,Manha,7.9,86.2,66.6,6.5,0,0,60,Nao
6758,Engenharia Civil,8,Presencial,Noite,2.8,87.5,73.0,6.8,3,30,10,Nao
8130,Pedagogia,3,Hibrida,Manha,6.5,73.3,96.1,5.3,7,0,90,Sim
6950,Engenharia Civil,2,Presencial,Manha,2.9,79.6,75.1,7.8,5,0,20,Nao
1284,Engenharia Civil,8,Hibrida,Manha,2.5,89.8,66.3,9.5,5,30,15,Sim
1309,Engenharia de Software,4,Hibrida,Noite,0.2,100,90.7,7.5,6,20,,Nao
7506,Engenharia Civil,5,Presencial,Noite,2.0,83.3,76.8,5.7,8,44,120,Nao
9625,Pedagogia,7,Presencial,Noite,9.7,91.0,76.6,3.8,9,0,60,Nao
2730,Pedagogia,5,Presencial,Manha,9.9,98.5,93.6,1.9,10,0,15,Nao
7584,Pedagogia,5,Hibrida,Manha,7.3,75.0,73.0,5.6,4,0,10,Sim
9125,Engenharia Civil,8,Presencial,Noite,3.5,86.4,23.6,4.4,2,20,60,Nao
5664,Administracao,6,Hibrida,Manha,7.9,87.8,69.8,4.3,6,30,45,Nao
9904,Engenharia Civil,8,Hibrida,Manha,10.8,100,100,6.2,6,0,45,Sim
2088,Administracao,4,Presencial,Manha,3.8,100,68.6,3.3,8,30,60,Sim
4642,Administracao,4,Hibrida,Noite,5.2,95.0,58.0,5.2,4,30,15,Sim
4312,Engenharia de Software,5,Hibrida,Manha,8.0,84.5,77.9,7.3,3,40,10,Nao
1211,Engenharia Civil,7,Presencial,Noite,15.0,59.6,97.4,6.4,12,30,120,Sim
9025,Administracao,6,Presencial,Manha,0.2,98.2,67.5,2.9,0,30,20,Nao
2621,Engenharia de Software,2,Presencial,Noite,11.9,78.0,100,2.4,8,0,30,Nao
3973,Engenharia Civil,6,Hibrida,Manha,6.5,96.7,93.0,4.2,6,44,15,Sim
365,Pedagogia,6,Presencial,Manha,6.7,84.8,74.1,3.4,8,30,45,Sim
3413,Enfermagem,4,Presencial,Noite,4.1,92.4,77.5,4.9,3,20,45,Nao
2429,Engenharia de Software,7,Hibrida,Manha,4.5,72.7,50.1,3.2,7,30,,Nao
2791,Engenharia Civil,4,Presencial,Manha,6.1,96.7,46.9,7.2,3,44,45,Nao
8635,Administracao,4,Hibrida,Noite,8.2,64.8,69.6,5.7,7,30,,Nao
2931,Engenharia Civil,6,Hibrida,Manha,6.5,81.3,67.7,7.0,7,30,60,Nao
1653,Engenharia Civil,6,Presencial,Noite,6.7,95.8,73.0,6.1,6,0,60,Sim
6817,Engenharia Civil,6,EAD,Noite,0.2,85.5,70.0,6.6,1,30,0,Nao
998,Enfermagem,5,Presencial,Noite,4.2,83.6,77.2,8.3,0,30,60,Nao
9502,Engenharia de Software,7,Hibrida,Noite,7.6,97.1,50.7,4.2,5,20,30,Nao
7918,Engenharia de Software,8,Hibrida,Noite,9.9,75.6,87.1,6.3,5,0,90,Sim
5647,Engenharia de Software,8,Hibrida,Manha,6.1,100,42.8,8.1,2,44,120,Sim
4104,Engenharia Civil,6,Presencial,Manha,5.0,79.3,56.3,0,7,30,120,Sim
3057,Enfermagem,2,Presencial,Manha,5.2,91.8,63.5,5.8,8,40,120,Nao
4854,Enfermagem,6,Hibrida,Noite,10.9,98.5,51.8,6.1,11,0,15,Sim
9914,Enfermagem,7,Presencial,Noite,4.4,64.0,79.9,5.5,9,30,120,Nao
8247,Engenharia Civil,1,Hibrida,Noite,12.9,66.2,78.3,5.3,7,20,15,Nao
1325,Engenharia Civil,6,Hibrida,Manha,10.0,93.4,55.4,7.5,2,30,90,Sim
290,Administracao,1,EAD,Manha,7.6,76.2,86.4,6.3,10,20,0,Nao
874,Administracao,2,EAD,Noite,3.0,91.2,48.5,6.9,6,40,0,Nao
1440,Pedagogia,8,Presencial,Noite,8.6,59.5,74.8,8.7,7,44,60,Sim
4301,Engenharia Civil,4,Presencial,Noite,15.2,97.8,77.5,5.1,9,0,15,Sim
9866,Engenharia de Software,6,Hibrida,Manha,13.1,89.4,89.3,6.0,6,30,120,Sim
9500,Engenharia de Software,1,Presencial,Noite,10.5,78.3,38.0,6.6,5,44,45,Nao
4297,Enfermagem,8,Presencial,Noite,5.4,80.0,64.1,3.9,3,30,45,Nao
8767,Engenharia Civil,3,Presencial,Manha,5.8,86.7,51.9,3.6,6,44,45,Nao
7870,Enfermagem,7,Presencial,Manha,9.4,80.4,81.6,5.0,12,0,30,Nao
2744,Pedagogia,4,Presencial,Manha,,94.2,66.1,5.3,9,0,120,Nao
7143,Engenharia de Software,4,Presencial,Manha,5.5,84.1,51.3,7.8,6,30,60,Nao
6388,Administracao,8,Hibrida,Manha,10.1,74.1,90.4,5.7,8,20,30,Sim
1628,Enfermagem,1,Presencial,Noite,6.8,92.4,73.5,5.3,10,0,60,Sim
8527,Engenharia Civil,2,Presencial,Manha,4.7,95.4,66.7,2.5,0,40,60,Nao
8889,Engenharia de Software,3,Presencial,Noite,8.1,92.1,85.8,9.4,1,0,10,Sim
5679,Enfermagem,5,Presencial,Noite,4.1,100,70.8,7.8,5,40,15,Nao
1916,Administracao,3,Presencial,Noite,5.3,90.7,64.5,6.6,8,40,20,Nao
5828,Engenharia Civil,4,Presencial,Noite,4.7,82.1,65.9,7.6,2,0,15,Nao
902,Enfermagem,2,Presencial,Noite,9.4,100,65.2,6.0,0,40,15,Sim
623,Administracao,8,Presencial,Manha,16.4,79.9,100,5.9,12,20,45,Sim
8873,Enfermagem,7,Hibrida,Noite,5.6,67.6,82.3,,5,30,90,Nao
4139,Administracao,7,Presencial,Noite,5.6,91.6,64.1,6.4,4,30,20,Sim
5580,Pedagogia,7,Hibrida,Noite,7.6,78.8,75.8,7.2,6,20,60,Nao
2036,Engenharia de Software,1,Presencial,Manha,2.4,83.3,72.8,7.0,4,40,45,Nao
9019,Enfermagem,4,Presencial,Manha,4.8,89.7,69.8,9.5,0,20,60,Sim
5254,Engenharia de Software,3,Hibrida,Manha,9.3,76.6,53.1,3.7,8,0,15,Nao
441,Administracao,1,Hibrida,Manha,8.6,90.2,62.7,3.2,4,0,15,Nao
1645,Pedagogia,3,Presencial,Manha,4.7,95.8,,2.3,4,40,10,Sim
3629,Enfermagem,8,Presencial,Manha,5.9,88.2,82.5,7.0,6,30,30,Nao
713,Administracao,8,Presencial,Noite,6.9,78.2,68.4,4.1,8,30,45,Sim
9105,Engenharia de Software,6,Presencial,Manha,6.9,93.9,50.0,7.5,8,30,90,Nao
5557,Pedagogia,8,EAD,Manha,7.7,83.8,60.2,6.7,11,20,0,Sim
3102,Administracao,8,EAD,Manha,7.7,100,71.1,2.8,8,0,0,Nao
9531,Enfermagem,7,Presencial,Noite,5.9,93.1,76.0,6.3,7,44,90,Nao
2873,Pedagogia,8,EAD,Noite,1.7,81.4,53.1,4.4,3,0,0,Nao
6806,Administracao,6,Presencial,Manha,7.7,86.2,78.0,7.5,7,20,60,Sim
7850,Engenharia Civil,3,Presencial,Manha,10.4,100,89.0,6.3,10,0,20,Sim
8657,Administracao,3,Presencial,Noite,8.5,92.0,,5.4,5,40,15,Nao
7844,Pedagogia,3,EAD,Manha,13.8,80.1,82.6,6.1,12,40,0,Sim
6336,Engenharia de Software,3,Hibrida,Noite,0.5,64.9,50.9,6.2,0,44,120,Nao
3075,Engenharia Civil,2,Hibrida,Noite,6.8,83.8,65.1,7.5,6,44,15,Nao
5473,Engenharia Civil,6,Presencial,Manha,3.2,97.8,86.4,3.8,8,44,30,Sim
3374,Engenharia Civil,5,Presencial,Noite,0.4,91.4,67.4,6.3,2,30,10,Nao
4224,Administracao,1,Presencial,Manha,2.0,76.9,36.7,5.7,0,0,60,Nao
276,Administracao,8,Hibrida,Manha,4.8,99.5,84.3,6.1,5,20,10,Sim
3425,Administracao,4,Hibrida,Manha,4.8,85.3,80.2,5.6,2,44,30,Sim
5598,Enfermagem,6,Presencial,Manha,7.2,85.0,45.0,4.3,3,30,15,Nao
4309,Pedagogia,4,Hibrida,Manha,4.7,90.0,96.3,7.1,8,40,,Sim
6483,Engenharia de Software,1,EAD,Manha,13.0,91.7,89.1,9.0,12,0,0,Sim
2302,Engenharia Civil,4,Presencial,Manha,10.4,85.5,54.4,7.0,6,0,45,Sim
8469,Administracao,8,Hibrida,Manha,7.3,100,55.6,5.1,7,0,20,Sim
1614,Pedagogia,2,Hibrida,Manha,8.3,98.8,100,5.5,7,20,20,Sim
2777,Enfermagem,6,EAD,Manha,1.3,92.4,71.6,7.9,8,20,0,Nao
9517,Engenharia Civil,2,Presencial,Noite,8.9,66.0,78.9,5.6,7,0,10,Nao
6842,Engenharia de Software,3,Presencial,Noite,6.3,75.7,37.0,7.3,1,0,20,Sim
7976,Pedagogia,2,Presencial,Manha,2.7,94.8,76.2,5.4,3,0,30,Nao
2183,Administracao,1,Hibrida,Manha,3.1,82.7,87.5,3.7,5,0,45,Sim
7224,Engenharia Civil,6,Hibrida,Noite,8.8,82.4,77.6,5.4,6,44,90,Sim
2583,Pedagogia,8,Hibrida,Noite,8.0,69.3,62.0,7.6,10,30,60,Sim
4461,Pedagogia,5,EAD,Noite,5.9,75.3,69.9,4.9,6,44,0,Nao
950,Administracao,7,EAD,Manha,7.2,79.8,77.4,10,10,44,0,Nao
1602,Engenharia de Software,8,Presencial,Noite,7.4,74.3,89.2,4.7,7,20,90,Nao
1970,Enfermagem,2,Presencial,Manha,8.1,88.1,93.8,7.6,3,0,15,Sim
6522,Pedagogia,8,Presencial,Noite,5.7,74.8,100,6.7,4,30,90,Sim
2668,Engenharia Civil,7,Presencial,Noite,8.3,77.8,69.7,9.4,4,40,120,Sim
4203,Enfermagem,7,Hibrida,Noite,6.9,82.4,77.7,8.7,6,30,45,Nao
2416,Engenharia Civil,1,Hibrida,Manha,4.4,82.1,38.5,3.9,3,40,20,Nao
1145,Administracao,7,Hibrida,Noite,10.4,99.9,82.2,5.7,2,0,45,Nao
7424,Enfermagem,6,Hibrida,Manha,7.9,95.9,73.1,6.3,5,0,60,Sim
9207,Engenharia Civil,4,Presencial,Manha,9.7,77.0,84.2,7.0,7,0,20,Sim
8351,Engenharia de Software,5,EAD,Manha,7.4,75.3,89.6,5.3,3,30,0,Nao
9649,Administracao,5,EAD,Noite,6.3,91.7,57.3,8.9,7,44,0,Sim
8754,Engenharia de Software,6,Hibrida,Manha,3.9,90.2,53.2,6.5,0,20,10,Nao
7759,Enfermagem,6,Presencial,Manha,8.1,73.2,69.2,4.8,10,44,120,Nao
6467,Engenharia Civil,3,Presencial,Noite,8.7,69.6,97.3,6.6,6,44,15,Nao
7005,Pedagogia,7,EAD,Noite,14.0,100,68.6,8.5,8,30,0,Sim
2871,Engenharia de Software,2,Presencial,Manha,7.9,69.4,95.0,8.2,7,30,120,Sim
5524,Enfermagem,7,EAD,Noite,4.9,100,84.3,7.1,2,0,0,Sim
6624,Administracao,1,Presencial,Noite,14.4,87.4,100,6.6,16,44,30,Nao
6778,Pedagogia,2,Presencial,Noite,4.3,100,65.1,6.5,2,0,15,Sim
3399,Engenharia de Software,7,Hibrida,Noite,9.0,83.3,60.1,5.9,7,0,20,Nao
9616,Enfermagem,3,Hibrida,Manha,4.1,96.7,52.3,7.0,2,0,30,Sim
6360,Pedagogia,5,Presencial,Manha,6.4,84.3,50.9,4.1,9,0,10,Nao
382,Enfermagem,5,Presencial,Manha,4.7,69.8,53.6,4.8,5,20,45,Nao
8712,Administracao,1,EAD,Noite,4.3,62.2,73.1,5.1,5,44,0,Sim
1579,Engenharia de Software,4,Presencial,Noite,8.1,100,65.9,4.4,12,30,45,Nao
3680,Enfermagem,6,Hibrida,Noite,3.0,84.8,55.6,3.0,0,30,20,Nao
7928,Engenharia Civil,3,Presencial,Noite,9.2,70.9,64.4,3.8,6,0,10,Nao
4518,Pedagogia,6,Presencial,Manha,7.9,83.0,,7.0,7,30,10,Sim
1050,Enfermagem,5,Presencial,Noite,6.1,58.9,82.0,5.3,4,0,60,Nao
860,Engenharia de Software,4,EAD,Manha,6.8,84.6,78.9,8.2,6,30,0,Nao
103,Pedagogia,8,Presencial,Noite,5.8,84.7,91.9,5.1,11,30,15,Sim
2658,Administracao,4,EAD,Noite,3.6,81.0,80.4,5.0,,0,0,Nao
5960,Engenharia de Software,3,Hibrida,Manha,12.1,80.3,75.8,5.5,9,20,10,Sim
5249,Enfermagem,4,Presencial,Manha,5.0,62.5,61.8,9.5,8,40,15,Nao
3606,Administracao,3,Presencial,Manha,,87.5,83.1,9.8,1,0,90,Sim
3445,Enfermagem,3,Hibrida,Manha,4.0,87.4,99.3,4.9,3,44,60,Nao
2082,Enfermagem,8,Presencial,Noite,8.8,66.6,61.6,2.5,4,44,10,Nao
5627,Engenharia de Software,6,Presencial,Noite,11.2,58.3,69.2,4.6,6,44,45,Sim
8045,Engenharia Civil,6,EAD,Manha,13.6,79.4,82.9,5.8,9,0,,Sim
8445,Enfermagem,2,Hibrida,Noite,7.1,84.8,61.1,8.4,8,0,15,Nao
5932,Pedagogia,7,Presencial,Manha,0.8,53.6,79.7,9.2,4,40,10,Sim
8008,Administracao,3,Presencial,Noite,4.5,79.5,65.0,5.2,6,40,20,Sim
7108,Administracao,7,Presencial,Noite,7.3,98.0,73.8,6.2,7,0,45,Sim
3177,Pedagogia,3,Presencial,Manha,13.8,67.4,87.9,6.4,8,30,20,Sim
5912,Pedagogia,2,Presencial,Noite,6.1,100,67.0,3.3,5,44,30,Nao
8852,Engenharia de Software,6,Presencial,Noite,2.6,72.8,95.0,4.8,2,44,45,Nao
9420,Administracao,3,Presencial,Manha,2.7,96.7,50.5,4.7,0,40,10,Nao
8842,Administracao,6,Presencial,Manha,6.1,84.2,68.4,6.6,8,44,45,Nao
4374,Pedagogia,5,Presencial,Manha,6.9,72.9,86.6,5.4,6,0,30,Sim
9335,Enfermagem,3,Hibrida,Noite,4.8,100,57.0,7.4,5,30,10,Nao
8129,Engenharia Civil,2,EAD,Manha,13.4,88.8,100,2.9,7,20,0,Sim
4800,Enfermagem,2,EAD,Noite,5.1,79.5,73.5,3.3,4,0,0,Nao
200,Administracao,6,EAD,Noite,7.8,90.6,81.7,5.6,9,30,0,Nao
8258,Engenharia de Software,2,EAD,Manha,0.2,86.2,86.0,7.2,0,40,0,Nao
9808,Pedagogia,4,EAD,Manha,11.4,89.7,76.3,6.5,4,0,,Sim
8046,Pedagogia,1,Presencial,Noite,11.7,81.5,55.1,5.1,8,0,10,Sim
7605,Engenharia de Software,3,Presencial,Noite,13.4,94.6,71.7,7.3,11,0,120,Sim
2083,Engenharia Civil,7,Hibrida,Noite,4.4,100,51.3,4.1,0,20,30,Nao
3148,Enfermagem,6,Hibrida,Noite,6.5,82.5,43.4,5.8,5,44,90,Sim
4235,Engenharia Civil,5,Hibrida,Noite,7.3,100,94.2,5.1,11,40,30,Sim
5773,Enfermagem,2,Hibrida,Manha,0.2,94.4,97.9,6.8,,30,10,Sim
258,Pedagogia,8,Presencial,Noite,14.7,70.4,100,4.8,9,0,90,Sim
7893,Pedagogia,6,EAD,Manha,3.4,72.4,80.7,5.8,0,30,0,Nao
5121,Engenharia Civil,7,Presencial,Noite,14.2,77.7,89.5,5.2,17,0,90,Sim
3454,Enfermagem,4,Presencial,Noite,5.5,72.3,42.1,8.1,5,44,15,Nao
3192,Enfermagem,2,Presencial,Manha,9.0,86.4,100,7.6,8,40,30,Sim
9111,Engenharia de Software,6,Presencial,Manha,13.9,100,100,6.0,10,0,30,Sim
1675,Engenharia de Software,3,EAD,Noite,2.8,85.7,65.9,3.6,1,30,0,Nao
4927,Administracao,2,Presencial,Noite,1.3,75.3,51.2,7.9,9,20,60,Nao
9947,Administracao,2,Presencial,Noite,5.7,82.7,43.9,6.9,7,44,120,Nao
3354,Enfermagem,8,Hibrida,Manha,10.9,71.6,92.9,5.5,8,30,120,Nao
5946,Engenharia de Software,6,EAD,Noite,1.2,96.1,87.1,4.8,3,20,0,Sim
4166,Enfermagem,4,Presencial,Manha,7.7,79.1,87.4,6.8,7,44,90,Nao
8167,Pedagogia,4,Hibrida,Noite,7.0,100,100,2.6,6,30,30,Nao
34,Pedagogia,8,Presencial,Manha,6.4,96.1,68.0,8.2,2,40,30,Sim
9091,Administracao,7,Hibrida,Manha,7.0,93.3,70.7,6.8,11,40,90,Nao
8803,Enfermagem,4,Hibrida,Manha,6.4,85.0,89.3,6.7,8,30,120,Sim
1103,Engenharia de Software,2,EAD,Noite,0.2,82.0,64.7,3.6,1,20,0,Nao
3005,Engenharia de Software,2,Presencial,Manha,6.9,82.3,100,7.4,1,0,10,Sim
8724,Engenharia Civil,1,Presencial,Manha,0.6,91.7,54.2,5.0,1,30,20,Nao
5962,Engenharia Civil,3,Presencial,Manha,7.1,94.3,,4.3,5,30,90,Nao
9597,Engenharia de Software,3,EAD,Noite,10.5,82.2,87.7,7.0,7,0,0,Sim
3132,Engenharia Civil,5,Presencial,Manha,9.1,66.1,60.8,7.0,9,44,45,Sim
4089,Engenharia de Software,1,Presencial,Manha,9.3,71.0,89.1,6.9,3,20,60,Sim
4454,Administracao,3,Presencial,Noite,6.1,100,100,5.8,2,0,30,Sim
9855,Engenharia Civil,8,Presencial,Noite,13.9,80.2,99.2,5.3,7,40,60,Sim
2137,Engenharia Civil,5,Hibrida,Noite,3.4,96.0,,7.8,3,44,10,Sim
1096,Pedagogia,4,Presencial,Manha,4.1,73.5,95.6,3.8,3,40,30,Nao
7385,Administracao,5,Presencial,Noite,,92.8,100,3.2,6,0,120,Nao
9219,Engenharia de Software,6,Hibrida,Manha,2.5,82.4,47.5,5.4,9,30,120,Nao
3000,Engenharia de Software,2,Hibrida,Noite,4.3,78.8,67.8,10,5,20,30,Sim
7491,Engenharia Civil,3,Presencial,Noite,5.3,99.6,100,5.9,5,44,30,Sim
5576,Engenharia de Software,8,EAD,Noite,8.7,70.4,85.4,5.5,5,20,0,Sim
3571,Pedagogia,4,Hibrida,Noite,5.5,81.0,69.5,5.6,10,0,15,Sim
5067,Administracao,7,Hibrida,Manha,7.0,78.1,54.7,5.2,13,0,45,Nao
505,Engenharia Civil,7,EAD,Manha,9.3,89.6,64.6,5.1,3,0,0,Nao
7056,Engenharia de Software,3,Presencial,Manha,6.3,73.7,94.1,4.9,11,20,45,Nao
8861,Pedagogia,6,Presencial,Manha,3.1,95.0,18.9,5.9,5,20,10,Nao
5368,Engenharia Civil,2,Hibrida,Manha,8.1,78.3,89.1,3.8,9,44,45,Nao
5579,Pedagogia,2,Presencial,Manha,4.4,93.4,52.6,6.5,7,0,15,Nao
3684,Engenharia Civil,1,Hibrida,Noite,9.0,84.7,58.2,2.9,10,30,15,Nao
2884,Engenharia de Software,7,Presencial,Noite,3.8,83.6,61.7,6.9,9,20,15,Nao
8619,Engenharia Civil,2,Presencial,Manha,6.8,78.8,100,4.7,3,20,10,Nao
2004,Enfermagem,2,Presencial,Noite,5.3,81.0,67.3,6.8,5,0,90,Sim
3011,Engenharia Civil,1,Hibrida,Noite,,100,92.1,7.0,9,20,20,Nao
6339,Administracao,5,Presencial,Noite,2.7,91.5,84.0,8.4,6,0,20,Nao
6334,Pedagogia,5,EAD,Noite,7.6,92.9,81.2,8.2,8,30,0,Sim
6890,Engenharia de Software,5,Presencial,Manha,5.0,73.6,85.0,4.7,2,0,15,Sim
1646,Pedagogia,3,Hibrida,Manha,6.0,73.5,77.6,3.8,6,40,60,Nao
2572,Administracao,3,EAD,Noite,1.7,96.7,92.1,6.7,3,40,0,Nao
6992,Administracao,4,Presencial,Noite,11.1,76.0,64.2,4.3,7,44,60,Sim
3115,Pedagogia,6,Presencial,Noite,12.3,79.8,73.6,2.4,13,0,60,Nao
3508,Administracao,5,Hibrida,Manha,5.1,78.2,69.4,8.5,4,20,30,Nao
5084,Engenharia Civil,7,Presencial,Manha,3.9,81.6,63.5,6.6,3,0,10,Nao
2811,Engenharia de Software,2,Presencial,Noite,4.9,94.8,58.0,7.5,6,20,15,Sim
6898,Engenharia de Software,4,Presencial,Manha,7.8,68.4,83.7,5.6,9,0,45,Nao
8264,Administracao,5,EAD,Manha,7.8,89.9,70.1,4.5,5,0,0,Nao
1335,Engenharia Civil,4,EAD,Manha,8.4,69.7,64.0,3.9,7,44,0,Nao
1550,Pedagogia,6,Hibrida,Noite,8.8,82.1,83.1,4.8,4,40,30,Sim
8121,Enfermagem,1,EAD,Noite,8.9,78.5,88.0,5.9,9,30,0,Nao
514,Pedagogia,3,Presencial,Manha,6.3,85.6,63.9,4.3,2,0,60,Nao
633,Engenharia de Software,5,Hibrida,Noite,11.1,79.4,100,3.6,7,30,45,Nao
7747,Enfermagem,2,Hibrida,Manha,4.3,70.7,44.8,4.6,5,44,120,Nao
8961,Engenharia de Software,7,EAD,Noite,9.0,98.8,76.9,8.3,0,0,0,Sim
5927,Administracao,7,Presencial,Manha,3.5,81.8,67.7,7.5,8,30,30,Nao
9633,Administracao,1,Presencial,Manha,7.7,73.6,71.6,3.0,4,0,120,Nao
1082,Engenharia Civil,5,Presencial,Noite,1.1,72.4,55.9,6.0,0,44,15,Nao
2289,Administracao,8,Presencial,Manha,0.7,99.7,29.1,8.8,0,30,10,Nao
7612,Administracao,2,EAD,Manha,4.6,90.9,93.7,5.4,0,20,0,Nao
7486,Engenharia de Software,4,Hibrida,Noite,3.9,88.5,56.1,7.5,2,40,90,Nao
412,Enfermagem,4,EAD,Noite,6.8,90.7,86.2,8.3,3,30,0,Sim
7948,Enfermagem,5,Hibrida,Noite,2.7,99.6,66.8,6.5,7,40,120,Nao
9144,Engenharia de Software,2,Presencial,Noite,6.6,76.0,65.8,8.3,7,0,90,Nao
4665,Pedagogia,2,Presencial,Manha,3.2,83.7,80.7,3.4,7,44,90,Nao
6474,Enfermagem,5,EAD,Noite,2.6,100,44.6,7.8,3,0,0,Sim
3988,Enfermagem,2,Presencial,Manha,10.7,88.7,86.9,10,7,30,30,Sim
2354,Enfermagem,8,Presencial,Noite,9.8,84.2,79.8,4.0,6,44,60,Nao
3154,Pedagogia,7,Presencial,Noite,8.6,87.1,80.1,2.9,5,30,10,Sim
2532,Enfermagem,6,Presencial,Noite,3.4,83.5,90.9,6.0,9,40,90,Nao
6835,Pedagogia,2,Hibrida,Noite,11.4,97.3,79.8,9.7,5,20,20,Sim
2748,Enfermagem,4,Presencial,Noite,15.2,77.2,54.6,1.7,8,0,30,Sim
7530,Engenharia de Software,7,Presencial,Noite,5.8,86.3,91.5,8.0,5,0,90,Sim
2348,Engenharia de Software,5,EAD,Manha,7.3,92.5,41.6,8.0,0,0,0,Sim
3276,Enfermagem,5,Presencial,Noite,6.1,80.6,49.5,7.7,3,0,90,Nao
9405,Engenharia de Software,3,Presencial,Manha,3.6,96.5,69.8,7.5,0,0,10,Sim
1639,Engenharia Civil,5,Hibrida,Manha,2.1,96.0,80.2,8.2,6,30,15,Nao
5638,Engenharia Civil,4,Hibrida,Noite,12.0,70.4,84.7,6.9,8,20,,Nao
1508,Engenharia de Software,5,Presencial,Noite,10.9,79.8,87.2,6.7,8,30,90,Sim
3190,Administracao,7,Hibrida,Manha,6.4,83.0,34.0,8.7,3,40,10,Sim
2355,Engenharia de Software,7,EAD,Noite,6.0,93.0,57.4,3.0,7,44,0,Nao
8732,Enfermagem,3,Presencial,Manha,6.9,79.0,84.6,8.7,5,20,120,Sim
5521,Engenharia de Software,6,Hibrida,Noite,7.8,77.3,58.4,6.4,0,20,120,Sim
2018,Engenharia de Software,5,EAD,Noite,6.1,64.8,100,5.7,6,40,0,Nao
3578,Engenharia de Software,5,Hibrida,Manha,11.4,69.4,98.8,3.2,8,0,45,Nao
8393,Enfermagem,7,Presencial,Manha,6.2,68.9,68.6,3.9,4,44,30,Nao
702,Engenharia de Software,4,Presencial,Noite,9.9,93.1,99.2,8.3,8,40,90,Sim
8170,Enfermagem,1,Presencial,Manha,10.5,89.5,100,5.7,5,30,20,Sim
1062,Pedagogia,6,Hibrida,Noite,9.5,90.6,,6.1,5,40,90,Sim
6330,Pedagogia,6,Presencial,Manha,5.1,89.8,60.4,3.1,2,40,90,Nao
1803,Administracao,3,Hibrida,Noite,11.5,78.2,76.6,6.4,8,0,30,Nao
303,Engenharia de Software,3,Presencial,Manha,2.7,78.3,67.3,7.1,6,0,30,Nao
3830,Pedagogia,8,Presencial,Noite,12.5,86.9,,7.5,8,30,120,Sim
2351,Engenharia Civil,5,EAD,Noite,0.2,77.8,57.8,5.7,2,44,0,Nao
7542,Engenharia Civil,5,Presencial,Manha,5.9,67.8,81.5,2.4,2,40,45,Nao
1893,Engenharia Civil,5,EAD,Manha,3.0,77.0,57.4,,5,40,0,Nao
7758,Pedagogia,4,Presencial,Manha,4.6,81.5,92.0,1.6,3,0,10,Nao
1553,Enfermagem,5,Presencial,Noite,4.1,76.2,56.9,4.8,0,40,15,Nao
909,Enfermagem,3,Hibrida,Manha,7.1,83.5,73.8,4.6,5,40,45,Nao
2089,Enfermagem,7,Presencial,Noite,8.2,100,71.3,7.1,3,0,90,Nao
8761,Engenharia de Software,2,Presencial,Noite,7.2,81.4,99.6,8.0,5,40,10,Sim
8153,Engenharia Civil,7,EAD,Manha,3.1,78.4,78.3,3.0,1,30,0,Nao
1064,Engenharia de Software,6,Presencial,Noite,4.8,75.1,48.7,6.0,4,20,120,Nao
7783,Engenharia de Software,1,Hibrida,Manha,7.3,80.7,100,5.8,6,40,10,Sim
4522,Engenharia de Software,1,EAD,Noite,6.7,86.1,65.8,7.4,5,40,0,Nao
7914,Administracao,6,EAD,Manha,2.2,84.9,23.7,8.9,0,0,0,Nao
1184,Pedagogia,5,Presencial,Manha,10.0,95.2,100,4.7,3,20,60,Sim
3931,Pedagogia,5,Presencial,Noite,0.2,90.7,51.7,3.7,0,44,20,Nao
5284,Enfermagem,6,EAD,Noite,0.2,88.3,19.5,7.1,4,44,0,Nao
8418,Engenharia Civil,4,Presencial,Manha,10.9,77.2,86.8,5.5,0,0,90,Nao
4058,Pedagogia,1,Presencial,Manha,4.1,81.3,59.0,4.8,8,30,30,Nao
6338,Enfermagem,8,Presencial,Noite,10.9,90.4,71.7,5.1,11,0,30,Nao
9275,Pedagogia,3,Presencial,Manha,4.0,100,80.3,6.3,3,30,10,Sim
2224,Enfermagem,2,Hibrida,Noite,12.9,100,95.8,7.6,8,0,30,Sim
5606,Engenharia Civil,1,Presencial,Noite,18.8,100,100,4.0,6,0,30,Nao
6564,Engenharia Civil,8,Presencial,Manha,4.4,70.2,50.5,6.4,0,30,15,Nao
8738,Engenharia de Software,7,Presencial,Manha,9.4,81.4,30.1,5.5,10,20,45,Nao
409,Enfermagem,8,Hibrida,Noite,6.3,84.2,82.9,6.0,6,40,30,Sim
8536,Pedagogia,4,Presencial,Noite,9.8,99.2,68.1,7.4,7,0,45,Sim
4903,Administracao,3,Presencial,Noite,0.8,76.4,69.1,3.7,2,44,30,Nao
4957,Administracao,5,Presencial,Noite,7.8,71.5,76.8,4.7,1,44,30,Nao
9156,Administracao,5,EAD,Noite,,74.4,64.6,10,9,30,0,Sim
4690,Administracao,8,Presencial,Noite,4.3,100,75.0,8.3,4,0,15,Sim
5676,Engenharia de Software,4,Presencial,Noite,8.0,77.2,64.6,4.9,8,40,120,Nao
1865,Administracao,4,Presencial,Noite,5.9,79.3,97.8,6.6,7,30,60,Sim
5024,Administracao,3,Hibrida,Manha,7.6,64.2,64.6,7.5,7,30,45,Nao
5931,Enfermagem,4,Presencial,Noite,1.5,61.6,62.4,9.3,1,40,120,Nao
9032,Pedagogia,8,EAD,Manha,11.4,86.1,74.8,5.4,9,0,0,Nao
3700,Pedagogia,5,Presencial,Noite,3.9,79.5,87.1,5.3,0,40,60,Nao
6364,Administracao,7,Presencial,Manha,6.6,100,91.5,7.6,3,0,15,Sim
5322,Pedagogia,5,Hibrida,Manha,2.4,94.6,70.8,6.6,7,40,120,Sim
497,Administracao,5,EAD,Noite,10.8,84.4,100,5.4,8,30,0,Nao
1524,Pedagogia,3,EAD,Noite,4.9,98.8,88.3,4.3,0,40,0,Nao
3418,Engenharia de Software,3,EAD,Noite,4.0,81.4,88.3,1.8,6,30,0,Nao
2027,Enfermagem,1,Presencial,Noite,0.2,91.8,27.7,5.5,1,0,20,Nao
1517,Engenharia de Software,3,Presencial,Noite,1.2,91.9,46.3,6.1,5,40,120,Sim
7480,Pedagogia,3,Presencial,Manha,4.8,88.0,68.8,5.3,7,44,20,Nao
439,Engenharia Civil,8,Presencial,Manha,12.7,78.7,100,4.4,7,0,20,Sim
6917,Engenharia Civil,2,Presencial,Manha,4.5,89.0,83.6,7.8,9,44,30,Nao
7134,Enfermagem,2,Presencial,Noite,3.0,83.9,63.5,9.4,1,0,45,Sim
4407,Administracao,7,Hibrida,Noite,5.2,70.2,,6.1,7,0,30,Sim
1021,Engenharia Civil,5,Presencial,Manha,4.5,85.3,85.0,9.6,2,30,120,Sim
939,Engenharia Civil,7,Presencial,Noite,3.4,68.8,72.3,6.9,5,30,15,Nao
3837,Enfermagem,5,Presencial,Noite,10.4,94.1,100,6.2,12,40,20,Sim
6527,Pedagogia,4,Hibrida,Noite,9.1,68.1,85.2,7.9,9,40,20,Sim
1143,Administracao,6,Hibrida,Manha,7.4,88.5,85.9,3.9,10,20,45,Sim
1200,Enfermagem,2,EAD,Manha,10.0,74.6,65.3,7.8,9,20,0,Nao
6659,Engenharia Civil,2,Hibrida,Noite,8.0,84.0,66.5,6.2,7,40,15,Sim
9475,Engenharia de Software,8,Presencial,Manha,7.5,82.5,100,2.4,3,30,15,Nao
2979,Engenharia de Software,2,EAD,Noite,2.4,85.7,63.6,6.4,0,20,0,Nao
4897,Engenharia Civil,2,EAD,Manha,5.3,89.3,87.7,6.1,7,40,0,Sim
8509,Enfermagem,4,EAD,Manha,12.2,83.8,76.0,7.4,12,0,0,Nao
685,Administracao,5,EAD,Manha,2.7,91.8,57.7,5.9,6,44,0,Nao
8344,Administracao,3,Hibrida,Manha,0.2,92.5,48.3,6.4,6,44,30,Nao
1171,Pedagogia,4,EAD,Manha,4.6,88.3,47.1,4.5,7,40,0,Sim
2612,Administracao,7,Presencial,Manha,4.5,63.0,69.0,5.5,5,40,15,Nao
1114,Enfermagem,5,Presencial,Manha,5.4,84.7,55.6,5.9,9,40,15,Nao
1331,Engenharia de Software,3,Presencial,Noite,6.6,85.8,100,5.2,4,20,20,Nao
5298,Engenharia de Software,6,EAD,Noite,7.1,99.4,100,4.6,4,40,0,Sim
4188,Engenharia Civil,8,Presencial,Manha,2.3,87.4,71.7,5.6,9,44,20,Sim
4987,Enfermagem,1,Hibrida,Noite,10.1,81.6,85.5,8.9,8,0,30,Sim
7874,Enfermagem,5,Hibrida,Manha,9.1,82.7,100,8.2,9,30,10,Sim
3329,Engenharia de Software,7,Presencial,Noite,6.1,97.7,52.8,5.2,4,20,45,Sim
3310,Engenharia Civil,6,Presencial,Manha,6.9,96.6,54.5,4.8,8,44,15,Sim
3759,Enfermagem,4,Hibrida,Noite,5.5,73.4,70.3,8.2,1,30,120,Nao
6309,Administracao,1,Presencial,Manha,4.2,74.0,65.5,4.6,5,44,20,Nao
8271,Engenharia Civil,2,Presencial,Noite,8.1,70.1,79.9,8.9,15,40,,Nao
2496,Pedagogia,7,Hibrida,Manha,3.2,75.0,81.5,6.5,5,0,90,Nao
5379,Engenharia de Software,4,Hibrida,Manha,6.1,69.1,84.0,9.4,2,40,120,Sim
8535,Administracao,7,Presencial,Noite,4.2,68.9,82.7,6.4,4,20,30,Sim
4652,Enfermagem,1,Hibrida,Noite,0.2,71.4,66.1,5.7,3,44,20,Nao
4837,Pedagogia,3,Presencial,Manha,3.9,81.2,48.6,6.5,6,40,90,Nao
1792,Administracao,4,Hibrida,Noite,11.8,64.6,80.4,7.7,10,20,30,Sim
5485,Enfermagem,4,Presencial,Manha,6.6,87.0,88.5,3.0,3,44,20,Nao
9787,Engenharia Civil,5,Presencial,Manha,8.0,62.1,94.0,9.7,4,0,45,Sim
7485,Administracao,2,Presencial,Noite,10.2,89.9,81.1,5.5,6,20,45,Sim
3411,Engenharia de Software,7,Presencial,Manha,12.6,87.4,72.9,9.1,16,0,15,Sim
3157,Engenharia de Software,6,EAD,Manha,6.2,100,85.5,4.0,2,30,0,Nao
9810,Administracao,1,Presencial,Noite,,70.4,71.3,7.0,5,0,90,Nao
7324,Engenharia de Software,8,Hibrida,Manha,15.3,68.8,88.4,5.8,11,0,45,Sim
2319,Engenharia Civil,3,Hibrida,Manha,11.8,80.4,88.8,2.9,7,44,60,Sim
7440,Engenharia Civil,8,Hibrida,Manha,13.5,75.8,81.5,6.9,13,0,60,Sim
6128,Enfermagem,4,Presencial,Noite,6.9,61.2,73.7,2.2,0,30,15,Nao
1323,Pedagogia,5,Presencial,Manha,7.6,96.7,58.6,7.1,3,40,60,Nao
3273,Administracao,6,EAD,Manha,4.1,88.5,99.9,5.5,6,40,0,Sim
8135,Administracao,6,Presencial,Noite,7.9,90.6,49.5,6.5,5,0,90,Nao
9584,Engenharia Civil,3,Hibrida,Manha,12.9,64.8,91.8,9.3,10,20,20,Nao
6882,Administracao,1,Hibrida,Noite,5.9,78.3,100,10.0,6,0,60,Sim
6121,Engenharia de Software,2,Hibrida,Noite,3.4,86.5,66.8,5.8,0,20,15,Nao
3935,Administracao,4,Presencial,Noite,2.3,90.0,58.4,4.6,0,0,90,Nao
9950,Administracao,7,Presencial,Manha,0.2,94.8,60.8,5.2,0,0,60,Nao
6045,Enfermagem,8,Presencial,Noite,9.6,72.7,55.2,7.3,5,40,20,Nao
1627,Engenharia Civil,7,Presencial,Manha,7.1,90.7,50.4,7.9,8,40,,Sim
4194,Pedagogia,6,Hibrida,Noite,9.4,87.4,75.1,4.4,8,20,15,Sim
4268,Administracao,5,Presencial,Manha,7.6,92.4,42.9,5.5,5,30,120,Nao
7221,Administracao,2,Presencial,Manha,9.2,87.1,71.2,8.0,8,0,60,Nao
2865,Administracao,7,Hibrida,Noite,2.3,90.6,33.1,5.5,0,0,45,Nao
553,Pedagogia,3,EAD,Manha,4.7,70.7,48.7,7.0,10,44,0,Nao
9496,Engenharia Civil,5,Hibrida,Manha,7.4,91.0,57.8,4.6,5,0,45,Nao
3171,Pedagogia,4,Hibrida,Manha,11.8,82.4,87.6,9.2,8,0,10,Sim
9772,Engenharia Civil,4,Hibrida,Manha,18.5,85.4,85.2,7.0,11,0,60,Sim
4227,Engenharia de Software,1,Presencial,Manha,7.6,90.0,84.2,5.0,9,0,120,Sim
7856,Administracao,8,Presencial,Noite,4.9,79.8,53.4,4.3,10,40,15,Nao
5390,Engenharia de Software,2,Presencial,Noite,3.1,78.4,90.8,6.0,1,0,90,Sim
9371,Engenharia de Software,1,Presencial,Noite,9.5,78.4,94.9,4.0,11,40,,Nao
1410,Pedagogia,1,Presencial,Noite,6.1,72.1,60.9,7.3,12,30,30,Nao
3146,Pedagogia,6,Presencial,Noite,9.5,83.2,93.7,8.4,,20,15,Sim
3030,Engenharia de Software,5,Hibrida,Manha,9.4,100,71.5,6.4,6,0,30,Sim
6504,Engenharia de Software,1,Presencial,Noite,1.4,68.6,85.1,4.4,5,30,120,Nao
785,Engenharia Civil,7,EAD,Noite,3.6,91.6,67.8,7.3,6,30,0,Sim
3638,Administracao,7,Hibrida,Noite,2.5,86.7,65.1,9.0,4,44,60,Nao
1070,Engenharia Civil,8,Presencial,Manha,10.2,100,79.5,5.1,1,30,120,Sim
9256,Pedagogia,8,Hibrida,Noite,4.9,73.8,57.0,6.7,1,30,20,Nao
2002,Engenharia de Software,5,Hibrida,Manha,8.2,89.6,100,6.8,4,30,90,Nao
2998,Engenharia de Software,5,EAD,Manha,7.1,67.8,72.2,7.8,9,44,0,Nao
8243,Pedagogia,3,Presencial,Noite,3.8,82.6,55.6,5.6,3,40,30,Sim
829,Enfermagem,1,Presencial,Manha,5.7,83.9,62.8,6.7,11,40,90,Sim
2296,Engenharia Civil,8,Presencial,Manha,5.9,83.8,58.0,6.0,7,44,120,Nao
1633,Pedagogia,2,Hibrida,Noite,,86.8,67.5,6.3,2,30,30,Nao
8428,Engenharia Civil,1,Presencial,Manha,4.3,85.1,37.4,5.4,7,20,45,Nao
7982,Administracao,1,EAD,Manha,1.5,83.1,51.4,4.3,2,0,0,Nao
8598,Engenharia Civil,1,EAD,Noite,6.8,80.4,60.7,5.8,7,40,0,Nao
4311,Engenharia de Software,7,Presencial,Noite,8.7,90.1,46.2,3.4,6,0,120,Nao
9769,Engenharia Civil,6,Presencial,Manha,5.2,83.1,70.6,10,1,40,45,Sim
9774,Pedagogia,8,Presencial,Manha,8.4,75.9,86.9,5.9,11,20,120,Sim
6248,Engenharia de Software,4,Presencial,Manha,11.4,79.3,100,8.0,11,0,30,Sim
3498,Enfermagem,7,Hibrida,Noite,6.4,100,88.0,8.0,4,0,20,Sim
3318,Enfermagem,7,Presencial,Manha,9.2,85.3,64.0,6.9,10,30,10,Nao
650,Pedagogia,8,Presencial,Noite,7.4,100,100,10,5,20,20,Sim
683,Administracao,3,Presencial,Noite,0.2,74.3,67.6,9.2,0,30,10,Nao
7992,Engenharia Civil,3,EAD,Noite,6.6,69.2,36.2,2.7,3,30,0,Nao
9124,Engenharia de Software,5,Presencial,Manha,15.7,72.0,100,6.6,11,30,10,Sim
4077,Engenharia Civil,3,Presencial,Noite,4.8,100,94.1,5.5,5,0,,Nao
4948,Enfermagem,7,Hibrida,Noite,6.9,66.1,75.6,6.7,11,30,30,Nao
6233,Engenharia de Software,5,Hibrida,Manha,9.6,81.7,82.7,7.8,11,0,120,Sim
2103,Pedagogia,8,Presencial,Manha,5.4,100,76.1,4.8,,0,60,Sim
3123,Administracao,7,EAD,Manha,11.9,81.3,94.6,9.5,9,0,0,Sim
2254,Pedagogia,4,Presencial,Manha,5.4,95.3,81.7,6.9,6,20,90,Sim
6138,Engenharia de Software,2,Hibrida,Noite,8.1,73.7,74.9,7.6,4,0,90,Sim
2065,Engenharia de Software,6,Presencial,Manha,1.4,71.4,60.9,9.3,1,44,120,Nao
6236,Engenharia de Software,2,Presencial,Noite,2.0,73.3,69.4,7.7,6,30,15,Sim
4326,Pedagogia,7,Hibrida,Noite,7.2,90.1,78.0,6.9,8,40,10,Sim
4846,Pedagogia,4,Hibrida,Noite,8.6,90.9,81.0,7.6,10,0,10,Nao
8993,Engenharia de Software,2,Presencial,Manha,4.9,89.7,83.4,7.4,6,40,120,Nao
3026,Enfermagem,2,Presencial,Manha,8.6,83.7,56.3,4.9,7,30,90,Nao
7935,Enfermagem,4,Presencial,Noite,8.7,77.2,100,6.3,11,30,90,Sim
7629,Pedagogia,7,Presencial,Manha,6.6,62.9,69.5,9.9,7,0,90,Nao
5961,Engenharia de Software,6,Presencial,Noite,8.4,100,81.4,8.2,6,40,15,Sim
6320,Engenharia de Software,5,Presencial,Manha,5.5,90.6,75.9,7.3,6,0,60,Sim
9865,Enfermagem,6,Presencial,Manha,10.9,56.7,51.5,4.4,10,20,120,Nao
6851,Administracao,4,EAD,Manha,5.3,79.1,63.0,5.0,3,0,0,Nao
3214,Administracao,4,Presencial,Manha,10.6,87.7,97.5,4.7,6,20,90,Sim
2676,Engenharia Civil,4,EAD,Noite,11.8,84.0,56.9,7.3,14,20,0,Nao
9015,Engenharia Civil,6,Presencial,Noite,,69.0,65.9,5.2,6,44,120,Nao
7702,Engenharia de Software,2,Presencial,Manha,15.8,93.7,86.2,9.4,13,0,20,Sim
8318,Engenharia de Software,3,Hibrida,Noite,,76.0,99.4,,2,0,30,Sim
8737,Engenharia de Software,4,Hibrida,Manha,12.3,69.1,72.9,4.4,8,0,30,Sim
2472,Administracao,6,Presencial,Manha,5.7,100,50.0,6.8,5,0,60,Nao
5225,Engenharia de Software,8,Presencial,Noite,4.2,86.3,77.9,5.0,6,30,60,Nao
7374,Enfermagem,2,Presencial,Noite,10.6,68.3,100,8.0,9,30,10,Nao
5125,Enfermagem,6,Presencial,Manha,6.3,83.9,81.2,10,8,40,10,Sim
8653,Pedagogia,5,Presencial,Noite,10.9,83.9,52.9,6.0,8,0,30,Nao
1718,Engenharia de Software,8,Presencial,Manha,2.9,93.3,66.6,8.4,8,30,90,Sim
1032,Engenharia Civil,2,Presencial,Manha,7.6,67.3,48.6,7.7,10,0,90,Nao
4007,Administracao,4,Hibrida,Noite,11.9,59.0,62.2,6.8,11,0,30,Nao
769,Engenharia de Software,4,Presencial,Noite,6.9,70.8,74.6,5.1,7,0,45,Nao
9551,Enfermagem,4,Presencial,Noite,8.7,78.7,100,9.4,2,20,120,Nao
6410,Administracao,8,Presencial,Noite,6.2,79.5,35.6,3.7,5,0,30,Nao
6092,Engenharia de Software,2,Presencial,Manha,,92.8,92.1,3.8,0,30,120,Nao
1666,Administracao,8,Presencial,Manha,6.6,92.8,79.4,7.4,6,40,30,Nao
7846,Enfermagem,8,EAD,Noite,8.5,84.7,86.7,6.9,8,20,0,Sim
8760,Administracao,5,Hibrida,Noite,8.4,94.8,62.0,3.6,2,0,15,Sim
2747,Pedagogia,7,Presencial,Noite,9.1,85.1,100,6.5,7,20,15,Sim
9534,Enfermagem,1,Hibrida,Manha,3.8,73.1,86.6,5.1,5,0,20,Nao
2317,Engenharia de Software,2,Presencial,Manha,6.9,73.3,82.2,5.6,6,40,15,Sim
3662,Pedagogia,2,Presencial,Noite,11.3,72.9,100,4.6,8,0,20,Nao
4349,Engenharia de Software,8,Presencial,Noite,5.4,100,79.1,7.4,4,40,15,Nao
9566,Enfermagem,7,Presencial,Manha,7.6,64.0,59.7,4.6,5,44,60,Nao
9831,Pedagogia,6,Hibrida,Noite,10.2,100,76.0,7.2,5,0,,Sim
1771,Enfermagem,7,EAD,Noite,8.6,85.5,72.2,7.8,3,40,0,Nao
6506,Administracao,8,Presencial,Noite,12.5,90.0,93.4,3.6,10,0,,Nao
810,Pedagogia,5,Hibrida,Noite,7.4,77.3,63.2,7.9,10,0,15,Nao
3435,Engenharia Civil,8,Presencial,Noite,6.1,74.4,76.4,2.1,6,44,45,Nao
1806,Administracao,7,EAD,Manha,9.0,58.5,87.0,4.9,6,0,0,Nao
9665,Pedagogia,3,Presencial,Manha,7.1,96.8,53.0,7.4,6,0,30,Nao
517,Engenharia Civil,7,Presencial,Manha,7.7,75.3,97.9,9.1,8,0,30,Nao
5514,Pedagogia,7,Presencial,Manha,1.4,87.3,48.5,4.7,5,30,30,Nao
1365,Engenharia Civil,1,Hibrida,Manha,8.1,78.5,65.0,6.1,10,30,30,Sim
7055,Pedagogia,5,Presencial,Manha,2.6,93.5,32.7,4.8,7,0,120,Nao
8916,Administracao,7,Presencial,Manha,5.7,73.1,51.0,6.4,2,30,45,Nao
971,Enfermagem,6,Hibrida,Noite,4.5,74.1,83.6,7.2,5,20,15,Sim
8224,Engenharia Civil,7,Presencial,Noite,2.6,78.9,45.2,8.9,0,20,30,Nao
2141,Administracao,8,Presencial,Manha,8.5,83.7,100,7.0,10,0,120,Sim
6096,Engenharia de Software,6,Presencial,Manha,9.1,67.2,59.9,6.4,5,30,90,Nao
5251,Administracao,7,Hibrida,Manha,2.4,74.3,49.6,6.5,4,20,10,Nao
3921,Engenharia Civil,8,Hibrida,Manha,7.1,88.7,34.6,5.1,8,40,20,Nao
4274,Administracao,2,Presencial,Noite,4.5,67.1,82.7,4.4,5,20,30,Nao
3672,Engenharia Civil,8,Presencial,Noite,3.2,82.1,72.3,4.9,2,40,30,Nao
9559,Engenharia Civil,4,Hibrida,Noite,9.4,84.2,67.0,5.3,11,0,60,Sim
9109,Engenharia de Software,5,Presencial,Noite,12.2,91.8,100,6.4,7,40,,Sim
8200,Engenharia de Software,6,Presencial,Noite,7.4,72.5,85.9,8.1,9,30,45,Nao
2219,Engenharia Civil,6,Presencial,Manha,11.1,70.9,67.6,4.6,9,30,90,Nao
4288,Engenharia Civil,7,Presencial,Manha,7.0,79.0,82.6,8.9,4,0,20,Sim
3181,Engenharia de Software,6,Presencial,Manha,2.5,81.7,73.0,5.2,0,20,30,Nao
7499,Administracao,4,Presencial,Manha,2.7,89.6,27.7,4.0,6,0,10,Nao
2006,Pedagogia,2,Presencial,Noite,2.2,86.9,,4.5,3,44,15,Nao
3671,Enfermagem,3,Hibrida,Noite,7.3,82.6,82.5,6.6,7,0,30,Sim
2546,Administracao,6,EAD,Manha,4.6,87.2,100,5.4,6,0,0,Sim
7768,Engenharia de Software,4,Presencial,Manha,7.8,88.1,91.6,5.8,8,0,120,Nao
7152,Enfermagem,6,Presencial,Noite,9.1,98.7,77.9,5.1,4,20,15,Nao
53,Engenharia Civil,1,Presencial,Noite,7.8,84.2,51.0,4.6,7,0,90,Nao
4229,Pedagogia,1,Hibrida,Manha,2.5,93.2,91.4,4.1,3,44,60,Sim
4248,Enfermagem,4,Presencial,Noite,8.1,73.4,81.2,5.9,7,44,15,Nao
4922,Engenharia Civil,2,Hibrida,Manha,0.2,86.0,72.2,7.2,1,44,10,Nao
6967,Enfermagem,7,Presencial,Noite,2.7,72.5,66.1,5.9,1,20,15,Nao
4306,Enfermagem,4,Presencial,Manha,8.6,83.8,71.3,5.3,8,0,15,Sim
7083,Engenharia de Software,3,Presencial,Manha,,83.7,52.9,5.8,6,44,120,Nao
5934,Pedagogia,6,Presencial,Noite,4.5,94.5,87.7,8.6,7,30,90,Sim
9673,Enfermagem,7,Presencial,Manha,6.4,82.0,100,9.3,7,30,120,Nao
3928,Engenharia Civil,3,Presencial,Manha,13.9,79.6,95.6,4.4,9,20,20,Sim
7526,Administracao,1,Hibrida,Noite,6.4,83.8,59.1,8.3,10,0,15,Nao
861,Enfermagem,6,Presencial,Manha,6.6,91.6,84.9,6.1,0,20,90,Sim
6407,Engenharia Civil,2,EAD,Noite,5.4,79.6,75.7,7.6,7,30,0,Sim
9610,Administracao,5,Hibrida,Manha,3.3,81.3,69.2,,3,30,20,Nao
4926,Pedagogia,7,Presencial,Noite,0.2,87.1,27.8,4.2,0,40,30,Nao
5038,Pedagogia,7,Presencial,Manha,4.0,83.5,44.6,6.3,2,20,15,Sim
8618,Engenharia Civil,8,Presencial,Noite,8.1,81.0,13.9,7.9,5,44,30,Nao
9323,Pedagogia,3,Presencial,Manha,12.1,79.8,68.5,8.1,7,44,30,Nao
4604,Engenharia Civil,5,Presencial,Noite,4.2,87.2,67.9,6.9,8,20,30,Sim
1805,Pedagogia,1,EAD,Noite,10.3,82.6,91.6,6.6,7,40,0,Sim
3240,Enfermagem,3,Hibrida,Noite,16.7,94.6,100,7.1,16,0,60,Sim
308,Engenharia Civil,5,Hibrida,Noite,11.9,79.4,67.2,5.0,9,0,120,Sim
6311,Engenharia Civil,1,Hibrida,Noite,10.1,76.1,62.6,6.2,7,30,60,Nao
696,Engenharia Civil,3,Presencial,Noite,16.2,87.1,89.8,7.9,10,0,30,Nao
3736,Engenharia de Software,6,Hibrida,Manha,6.4,78.2,36.8,6.4,7,30,30,Nao
4986,Engenharia Civil,1,Hibrida,Noite,,83.2,100,5.4,6,30,120,Sim
2887,Engenharia Civil,6,Hibrida,Noite,1.2,79.1,74.2,5.3,0,0,10,Nao
4054,Engenharia Civil,7,Hibrida,Noite,6.6,97.2,100,8.3,0,40,60,Nao
6486,Administracao,1,Hibrida,Manha,9.3,77.2,93.1,6.2,0,0,120,Sim
2753,Enfermagem,1,Hibrida,Manha,11.2,97.4,64.2,4.0,10,0,45,Sim
4681,Engenharia de Software,6,EAD,Noite,11.5,68.5,57.3,5.0,11,0,0,Nao
7922,Enfermagem,7,Presencial,Noite,5.4,78.1,70.6,7.9,1,40,15,Nao
2921,Administracao,5,Hibrida,Noite,0.2,84.0,63.0,9.3,1,44,120,Sim
8985,Pedagogia,4,Hibrida,Manha,6.5,76.2,88.1,9.5,2,44,,Nao
8582,Enfermagem,2,Presencial,Noite,10.6,88.5,74.3,2.2,7,0,120,Nao
2139,Enfermagem,7,Hibrida,Noite,7.3,65.9,96.7,6.8,13,40,15,Sim
3867,Pedagogia,3,Presencial,Noite,6.7,84.5,75.3,4.0,4,0,120,Nao
3610,Pedagogia,3,Presencial,Manha,9.6,85.5,82.2,3.5,9,0,20,Sim
4490,Administracao,1,Presencial,Noite,3.6,74.3,68.0,5.9,2,30,10,Nao
6458,Engenharia Civil,3,EAD,Manha,,79.7,100,7.3,13,0,0,Nao
2926,Pedagogia,3,Hibrida,Noite,4.5,89.2,100,5.9,6,0,20,Sim
8103,Enfermagem,5,Presencial,Noite,7.6,87.3,100,3.5,11,0,20,Sim
9560,Engenharia Civil,2,Presencial,Noite,9.0,94.9,63.1,6.2,8,20,15,Sim
5145,Engenharia de Software,2,EAD,Manha,5.9,91.8,86.9,5.1,6,0,0,Nao
6444,Engenharia de Software,7,Hibrida,Manha,10.3,76.4,94.6,7.4,7,20,10,Sim
1594,Engenharia Civil,4,Presencial,Manha,5.7,100,96.0,6.5,7,0,45,Sim
4867,Administracao,3,Presencial,Noite,1.1,75.5,47.5,6.8,1,40,60,Nao
2300,Enfermagem,6,Hibrida,Manha,10.8,99.1,85.8,4.6,13,44,120,Sim
4212,Engenharia de Software,1,Presencial,Manha,0.7,85.3,99.7,10,2,44,20,Nao
3203,Pedagogia,1,Hibrida,Manha,0.2,78.2,63.9,6.5,2,40,15,Nao
6226,Administracao,2,Presencial,Manha,3.6,90.2,62.4,5.0,3,0,90,Nao
6263,Engenharia de Software,5,Presencial,Manha,8.1,76.1,93.4,5.7,1,0,20,Sim
9857,Administracao,3,Presencial,Manha,6.7,61.8,96.0,9.1,5,30,,Sim
1525,Administracao,6,Hibrida,Manha,3.3,97.1,60.1,2.6,3,0,120,Nao
2728,Pedagogia,2,Presencial,Noite,10.2,71.7,100,8.2,7,20,30,Sim
9287,Enfermagem,4,Presencial,Noite,4.0,93.4,57.1,2.3,7,0,30,Nao
9222,Engenharia Civil,2,EAD,Manha,8.3,74.9,100,6.3,8,40,0,Sim
7661,Engenharia Civil,2,Hibrida,Noite,5.6,91.2,98.2,8.0,8,20,90,Sim
2144,Engenharia de Software,1,Hibrida,Manha,9.1,86.9,92.6,4.1,6,0,90,Nao
3916,Engenharia de Software,6,Presencial,Manha,3.4,91.3,63.4,4.6,7,0,60,Sim
2776,Engenharia de Software,4,Hibrida,Manha,4.9,76.7,54.0,8.6,7,44,20,Nao
1268,Engenharia Civil,7,Presencial,Noite,11.4,83.0,77.2,1.7,8,44,60,Nao
7620,Pedagogia,8,Presencial,Manha,4.8,92.2,82.7,5.3,8,30,10,Nao
4167,Enfermagem,2,Presencial,Manha,2.9,90.4,69.0,6.1,2,30,60,Nao
9006,Administracao,8,Presencial,Manha,,71.6,55.9,7.2,4,44,120,Nao
1888,Enfermagem,4,Presencial,Noite,10.4,77.9,78.8,5.7,8,30,,Nao
4790,Pedagogia,8,Presencial,Manha,5.9,82.1,96.5,2.7,7,30,120,Nao
3685,Engenharia de Software,2,EAD,Manha,10.8,64.1,75.5,5.9,11,0,0,Sim
4749,Pedagogia,7,Presencial,Manha,15.3,100,100,9.3,12,0,10,Sim
4249,Pedagogia,4,EAD,Noite,5.1,72.9,62.5,5.9,3,40,0,Sim
8325,Engenharia de Software,2,EAD,Manha,6.2,67.5,77.1,9.4,5,40,0,Sim
2368,Administracao,5,Hibrida,Manha,10.0,73.7,86.0,4.5,8,0,30,Sim
2119,Engenharia Civil,5,Presencial,Noite,2.9,87.9,63.2,8.4,0,40,20,Nao
566,Engenharia Civil,5,Presencial,Manha,5.2,81.3,50.2,7.8,1,30,90,Sim
9783,Pedagogia,3,Presencial,Manha,2.9,77.8,79.4,7.6,0,44,20,Sim
9410,Pedagogia,4,Presencial,Noite,7.7,82.9,68.6,8.0,9,20,15,Sim
4462,Administracao,5,Presencial,Manha,9.0,87.2,72.9,4.7,12,0,30,Nao
6600,Administracao,6,Presencial,Noite,7.8,88.6,73.2,7.2,9,40,30,Nao
8019,Engenharia Civil,4,Hibrida,Noite,14.8,94.8,86.3,9.0,6,0,20,Nao
3721,Enfermagem,6,Hibrida,Noite,2.5,82.5,92.8,5.8,5,30,20,Sim
6459,Administracao,8,EAD,Noite,5.2,77.6,92.0,7.1,5,20,0,Sim
8494,Enfermagem,5,Hibrida,Manha,15.6,71.5,73.0,7.4,13,0,20,Nao
3473,Enfermagem,7,Presencial,Noite,10.0,74.9,82.9,2.8,2,44,10,Nao
9862,Engenharia Civil,4,Hibrida,Manha,2.5,47.8,54.9,5.3,4,44,45,Nao
8269,Engenharia de Software,1,Presencial,Noite,0.2,83.6,46.4,7.8,4,44,20,Nao
2332,Engenharia de Software,2,Presencial,Noite,13.0,99.1,74.7,6.5,11,20,20,Sim
9770,Engenharia de Software,5,Hibrida,Noite,3.6,85.1,86.9,7.3,0,20,20,Sim
1870,Engenharia de Software,3,Hibrida,Manha,,85.7,57.1,3.0,7,0,120,Nao
546,Administracao,4,Hibrida,Noite,11.6,83.4,66.4,6.5,6,0,60,Sim
1182,Engenharia de Software,3,Presencial,Noite,2.1,82.6,63.9,5.3,6,44,20,Nao
526,Administracao,3,EAD,Manha,3.7,76.5,92.2,6.7,3,20,0,Sim
9234,Pedagogia,7,Hibrida,Noite,5.4,100,49.9,5.2,0,30,30,Nao
1965,Enfermagem,3,EAD,Noite,13.9,66.0,85.5,5.5,9,0,0,Sim
8620,Pedagogia,3,Presencial,Manha,5.8,90.2,52.0,4.2,9,20,30,Nao
5292,Administracao,1,Presencial,Manha,,88.2,84.8,5.2,11,30,30,Nao
492,Administracao,4,EAD,Manha,4.5,78.5,69.9,6.7,2,0,0,Nao
5922,Engenharia de Software,6,Presencial,Noite,5.2,82.0,100,4.9,8,0,45,Sim
6872,Administracao,7,Presencial,Manha,10.4,84.0,48.6,4.7,3,0,45,Sim
7837,Engenharia Civil,3,Hibrida,Manha,8.4,74.2,77.0,3.2,5,44,120,Nao
6124,Engenharia Civil,2,Presencial,Noite,6.4,77.9,67.2,5.7,5,44,90,Nao
6539,Pedagogia,6,Presencial,Manha,5.8,81.3,83.7,5.8,6,0,10,Nao
6021,Pedagogia,8,Hibrida,Manha,13.2,82.6,,5.4,14,0,10,Sim
8164,Engenharia de Software,6,Presencial,Noite,4.9,91.8,79.7,7.5,4,0,60,Sim
2392,Enfermagem,2,Hibrida,Noite,0.9,73.7,53.1,4.0,5,20,90,Nao
1572,Administracao,4,Presencial,Noite,4.7,72.9,77.1,3.4,5,40,60,Nao
8568,Engenharia de Software,5,Presencial,Noite,4.5,100,84.4,8.1,4,0,45,Sim
1998,Engenharia Civil,7,Presencial,Noite,1.3,100,85.4,6.0,0,40,120,Nao
4538,Administracao,3,Hibrida,Manha,2.0,88.6,77.6,7.6,0,0,120,Sim
7168,Enfermagem,1,Presencial,Noite,4.9,83.7,46.3,4.0,11,44,60,Nao
189,Administracao,8,Presencial,Manha,4.4,68.6,81.2,5.9,6,44,,Sim
6575,Pedagogia,3,EAD,Manha,1.5,89.0,92.2,7.5,9,40,0,Sim
8424,Pedagogia,3,Presencial,Manha,8.0,86.8,98.7,5.7,7,0,60,Nao
3367,Pedagogia,5,EAD,Noite,4.5,91.7,69.3,5.1,3,0,0,Sim
9819,Engenharia Civil,7,Presencial,Manha,8.8,61.3,63.4,3.9,11,40,45,Nao
156,Enfermagem,8,Presencial,Manha,3.1,71.8,88.4,10,5,20,120,Nao
2474,Enfermagem,8,Presencial,Noite,10.4,84.5,76.1,3.2,9,20,60,Nao
8553,Enfermagem,3,Hibrida,Noite,6.6,74.3,65.7,5.4,6,20,10,Nao
3812,Administracao,4,Hibrida,Manha,5.9,66.7,74.0,,7,44,45,Sim
3261,Engenharia de Software,7,Presencial,Noite,5.4,76.5,44.7,7.6,8,0,120,Nao
342,Engenharia de Software,4,EAD,Noite,3.0,79.7,71.9,7.8,5,20,0,Sim
6720,Enfermagem,2,Presencial,Manha,7.6,87.7,,6.0,9,20,90,Sim
2632,Enfermagem,8,Hibrida,Manha,5.9,70.0,49.3,6.4,3,30,10,Nao
1977,Enfermagem,4,Presencial,Manha,8.5,89.2,93.5,7.8,7,20,,Sim
4528,Engenharia de Software,1,Hibrida,Manha,7.1,71.6,77.3,5.9,4,0,120,Sim
139,Engenharia de Software,7,Presencial,Manha,0.2,100,61.0,6.0,0,20,60,Sim
5239,Enfermagem,3,Presencial,Noite,10.0,82.3,98.8,4.5,7,30,30,Nao
8389,Pedagogia,2,Presencial,Manha,1.3,93.7,59.7,4.1,,40,120,Nao
1996,Administracao,7,Presencial,Noite,8.6,99.6,100,5.9,7,30,60,Sim
6514,Administracao,5,Presencial,Manha,6.5,58.6,80.4,9.0,8,30,20,Sim
569,Enfermagem,2,Hibrida,Noite,4.6,88.0,62.2,8.0,4,0,10,Nao
6957,Enfermagem,3,Presencial,Noite,7.2,79.2,,9.6,8,0,120,Sim
3052,Administracao,8,EAD,Manha,10.7,100,68.3,7.4,12,30,0,Sim
5158,Engenharia de Software,4,Presencial,Noite,7.5,98.6,93.8,5.1,4,40,30,Nao
4616,Engenharia de Software,6,Presencial,Noite,1.1,90.6,22.8,6.1,0,44,60,Nao
2601,Administracao,3,Presencial,Manha,7.2,78.1,89.5,6.1,3,44,20,Sim
8088,Enfermagem,5,Presencial,Manha,11.4,68.5,61.5,5.4,8,0,30,Nao
6677,Pedagogia,2,Hibrida,Noite,7.4,80.1,90.2,4.6,7,30,120,Nao
1198,Administracao,6,Presencial,Noite,8.8,71.4,47.4,4.1,7,0,10,Nao
5389,Engenharia de Software,6,Presencial,Noite,0.2,77.6,59.8,6.0,0,30,90,Nao
1625,Administracao,8,Presencial,Manha,9.5,91.4,80.2,5.3,4,0,60,Nao
7337,Pedagogia,8,Hibrida,Manha,5.4,85.9,70.8,6.0,9,40,20,Nao
1490,Pedagogia,5,Hibrida,Noite,9.5,74.0,53.8,3.5,7,0,20,Nao
4963,Pedagogia,4,Presencial,Manha,7.9,60.0,100,7.1,9,30,30,Nao
3857,Engenharia de Software,1,Presencial,Noite,4.5,88.4,55.2,4.9,8,30,15,Nao
2251,Engenharia de Software,5,EAD,Noite,9.5,84.8,83.1,6.9,10,0,0,Sim
6298,Administracao,2,Presencial,Manha,5.5,98.6,76.0,3.4,5,40,20,Nao
1742,Engenharia de Software,2,Hibrida,Noite,7.5,88.6,79.5,4.8,1,0,60,Nao
3343,Pedagogia,2,Presencial,Noite,12.9,74.3,62.2,7.0,0,0,90,Sim
7141,Engenharia Civil,3,Presencial,Noite,2.1,81.9,100,7.2,4,20,15,Nao
7450,Enfermagem,5,Presencial,Noite,10.2,100,85.6,8.2,12,44,120,Sim
3004,Engenharia de Software,1,Hibrida,Manha,8.1,79.1,83.9,6.5,2,0,90,Nao
8541,Enfermagem,2,Hibrida,Manha,12.0,71.1,63.3,6.4,6,0,45,Nao
29,Administracao,1,Hibrida,Manha,,92.1,76.6,6.1,11,0,20,Sim
8991,Administracao,5,Hibrida,Noite,11.4,80.0,71.4,6.1,8,0,10,Nao
7270,Engenharia de Software,2,EAD,Noite,8.3,71.5,71.6,7.6,5,0,0,Sim
9741,Enfermagem,2,Hibrida,Noite,4.1,93.9,77.3,3.4,9,30,120,Nao
7604,Pedagogia,7,Presencial,Manha,10.8,65.2,75.6,6.5,10,0,30,Nao
3072,Engenharia de Software,2,Presencial,Manha,8.1,85.5,78.8,6.3,11,20,90,Sim
321,Engenharia Civil,3,Hibrida,Manha,3.4,99.7,77.6,5.9,3,20,90,Nao
3128,Administracao,6,Presencial,Manha,6.4,70.7,73.1,6.6,4,0,60,Nao
2635,Engenharia Civil,7,EAD,Noite,8.2,100,84.6,4.1,6,0,0,Nao
8165,Pedagogia,3,Hibrida,Manha,3.5,100,74.9,7.8,3,0,10,Nao
9844,Pedagogia,3,Presencial,Manha,1.9,85.0,67.4,7.7,2,0,60,Nao
4029,Enfermagem,4,Presencial,Manha,5.8,83.8,62.8,5.3,7,30,20,Sim
3911,Enfermagem,3,Presencial,Manha,10.4,97.4,85.0,5.0,6,0,10,Sim
3256,Engenharia Civil,5,Presencial,Noite,8.0,66.2,90.5,6.2,4,44,90,Nao
1706,Administracao,5,Hibrida,Noite,9.2,58.5,81.5,3.2,3,44,120,Nao
9471,Engenharia Civil,7,Hibrida,Manha,7.9,79.3,64.1,5.1,8,30,90,Sim
8923,Administracao,8,Presencial,Manha,5.9,99.2,74.2,2.9,1,0,10,Nao
3456,Pedagogia,4,Presencial,Noite,4.5,95.6,100,8.7,3,0,20,Sim
1241,Engenharia de Software,2,Presencial,Manha,6.2,88.5,61.1,3.2,6,40,30,Nao
6428,Pedagogia,8,Hibrida,Manha,3.7,74.8,88.5,7.0,5,30,90,Nao
5829,Administracao,8,Presencial,Noite,4.6,91.3,80.6,7.3,3,20,10,Sim
6454,Administracao,5,Hibrida,Noite,4.0,88.4,100,4.4,12,0,30,Nao
7632,Engenharia Civil,8,Presencial,Manha,6.0,84.8,49.2,8.5,4,20,60,Nao
1570,Pedagogia,5,Hibrida,Manha,6.0,68.3,76.7,8.6,8,30,120,Nao
3300,Engenharia de Software,1,Presencial,Noite,5.1,98.5,88.8,5.2,3,0,45,Sim
545,Engenharia de Software,3,Presencial,Manha,9.4,93.2,83.7,7.1,5,30,60,Nao
3848,Engenharia de Software,5,EAD,Noite,12.1,100,100,8.1,9,0,0,Sim
2281,Pedagogia,4,Presencial,Noite,0.8,85.9,82.1,5.4,2,30,120,Nao
9356,Administracao,2,Hibrida,Noite,12.3,91.5,97.6,6.2,10,0,120,Sim
273,Engenharia Civil,1,Presencial,Noite,5.8,91.7,84.8,3.6,7,0,10,Nao
547,Engenharia Civil,2,Hibrida,Noite,,86.7,88.0,9.1,8,0,60,Sim
3528,Engenharia Civil,2,Presencial,Noite,4.1,76.4,,6.9,5,20,30,Nao
2225,Engenharia Civil,1,Presencial,Manha,3.3,84.0,71.5,7.5,5,40,45,Nao
1319,Engenharia Civil,3,Presencial,Manha,6.9,74.9,87.9,4.2,7,44,90,Nao
3879,Pedagogia,8,Presencial,Noite,4.8,99.9,91.5,5.6,6,0,10,Nao
5421,Engenharia Civil,6,Presencial,Noite,7.9,83.9,59.3,3.5,1,0,20,Sim
1452,Pedagogia,6,Hibrida,Noite,6.6,91.1,81.0,7.0,1,40,10,Nao
1585,Enfermagem,5,Presencial,Manha,4.3,82.3,76.9,7.4,10,20,60,Nao
1987,Administracao,3,Hibrida,Noite,10.0,91.1,100,7.2,7,30,30,Sim
6371,Pedagogia,8,Presencial,Manha,6.1,80.1,64.7,2.8,4,40,45,Sim
7555,Enfermagem,7,Presencial,Manha,0.3,100,56.0,7.7,4,0,60,Sim
7973,Pedagogia,2,Hibrida,Noite,5.5,83.3,68.9,5.1,6,44,15,Nao
6585,Administracao,3,Presencial,Manha,0.2,59.5,65.9,5.0,0,30,20,Sim
1024,Enfermagem,4,Hibrida,Noite,8.2,95.1,70.2,4.5,4,0,60,Nao
1873,Engenharia de Software,2,Hibrida,Noite,10.5,88.0,40.8,8.1,6,30,60,Sim
8740,Administracao,4,Presencial,Manha,10.5,80.1,91.3,5.8,11,0,10,Sim
9002,Enfermagem,3,Presencial,Noite,5.6,70.2,68.4,7.0,5,20,60,Nao
838,Administracao,2,Presencial,Noite,5.3,83.4,58.9,7.1,8,44,60,Nao
5275,Administracao,7,EAD,Noite,7.0,80.5,69.3,,1,40,0,Sim
326,Pedagogia,3,Presencial,Manha,,84.3,90.0,7.6,0,40,120,Nao
9520,Engenharia Civil,7,EAD,Manha,9.0,72.1,80.9,9.1,5,20,0,Sim
4421,Engenharia de Software,4,EAD,Noite,6.5,81.9,91.1,8.6,4,44,0,Sim
5422,Engenharia de Software,6,Hibrida,Manha,6.0,90.5,89.4,6.7,8,0,90,Nao
1733,Administracao,3,EAD,Noite,5.3,91.4,,6.9,10,20,0,Sim
7192,Pedagogia,5,Presencial,Noite,0.2,78.9,66.6,5.1,4,44,60,Nao
6672,Pedagogia,6,Presencial,Noite,4.2,99.2,59.8,4.5,3,40,30,Sim
128,Administracao,6,EAD,Manha,8.3,76.8,93.0,5.8,8,30,0,Nao
4411,Engenharia Civil,8,Hibrida,Noite,7.6,68.2,70.7,4.7,13,40,10,Nao
3979,Engenharia de Software,7,Presencial,Manha,5.9,80.0,87.1,10,6,0,30,Sim
3041,Enfermagem,6,Presencial,Noite,8.0,92.8,100,5.6,14,0,120,Sim
1681,Engenharia Civil,8,Presencial,Noite,8.6,78.9,75.6,6.4,9,40,10,Sim
4915,Enfermagem,3,EAD,Noite,9.2,79.1,81.4,5.0,6,40,0,Sim
5523,Pedagogia,6,Presencial,Noite,8.4,95.1,55.7,5.5,7,0,60,Sim
728,Pedagogia,2,Hibrida,Noite,0.2,72.7,59.1,6.0,6,44,20,Nao
4385,Engenharia Civil,2,EAD,Manha,4.8,75.9,78.9,6.6,5,30,0,Nao
4260,Pedagogia,5,Presencial,Noite,4.9,83.6,55.7,6.2,4,0,45,Nao
1491,Enfermagem,5,EAD,Manha,3.5,80.4,96.1,6.5,2,40,0,Sim
5406,Engenharia de Software,7,Presencial,Noite,4.6,71.8,79.7,9.3,3,0,10,Sim
1226,Engenharia Civil,4,Hibrida,Noite,4.9,88.0,43.3,7.2,2,40,15,Sim
7903,Engenharia Civil,3,Hibrida,Manha,4.3,61.8,85.8,5.6,3,44,10,Nao
8983,Engenharia Civil,4,Hibrida,Noite,8.9,100,60.5,6.6,1,44,20,Nao
2226,Pedagogia,1,Presencial,Noite,3.4,82.6,77.5,6.1,4,30,30,Nao
9307,Administracao,5,EAD,Manha,1.9,84.3,65.5,4.6,4,44,0,Nao
4107,Enfermagem,7,Presencial,Noite,7.8,91.9,100,6.6,11,0,,Sim
7791,Engenharia Civil,5,Hibrida,Noite,7.1,100,32.9,8.1,10,44,20,Nao
6548,Engenharia Civil,1,Presencial,Manha,9.5,77.5,63.4,6.1,10,40,120,Sim
300,Engenharia de Software,3,EAD,Noite,9.3,83.1,71.1,6.1,10,0,0,Sim
4299,Engenharia de Software,1,Presencial,Noite,0.2,87.5,49.2,4.4,2,40,20,Nao
774,Enfermagem,2,Hibrida,Noite,8.9,82.3,72.4,6.8,6,0,120,Sim
7399,Administracao,6,Presencial,Noite,4.7,97.3,68.7,4.3,6,20,120,Nao
791,Administracao,3,Presencial,Manha,10.7,100,87.1,6.4,5,0,15,Sim
4366,Engenharia Civil,1,EAD,Noite,5.3,86.4,86.4,4.4,6,20,0,Sim
6155,Administracao,5,Presencial,Noite,14.8,91.3,100,5.8,9,0,120,Sim
4876,Enfermagem,5,Hibrida,Noite,6.7,89.8,86.5,5.7,5,44,20,Nao
3645,Pedagogia,3,Presencial,Noite,4.1,80.4,72.1,7.4,2,30,60,Sim
1907,Engenharia de Software,6,EAD,Manha,11.3,80.6,45.1,7.6,5,40,0,Nao
5433,Pedagogia,5,Presencial,Noite,6.9,100,100,2.7,5,30,120,Sim
5097,Pedagogia,2,Hibrida,Noite,8.0,86.0,100,6.8,7,20,90,Nao
5165,Engenharia de Software,7,Presencial,Manha,1.4,95.5,57.2,6.1,7,0,30,Nao
7037,Administracao,2,Presencial,Noite,6.2,85.6,94.2,4.1,2,44,15,Sim
7341,Enfermagem,7,Presencial,Manha,7.1,100,59.7,4.3,10,0,45,Nao
5708,Engenharia Civil,1,Presencial,Noite,8.6,78.2,87.5,6.8,5,30,120,Sim
6063,Engenharia de Software,7,Hibrida,Noite,12.1,80.3,75.9,7.7,7,30,90,Sim
9000,Engenharia Civil,8,Hibrida,Manha,9.5,92.2,70.7,6.7,1,44,30,Nao
2891,Pedagogia,2,EAD,Manha,4.2,96.3,53.8,7.0,5,44,,Sim
5230,Pedagogia,8,EAD,Manha,13.0,92.5,78.6,7.4,10,30,0,Sim
8539,Engenharia de Software,8,Hibrida,Noite,3.5,100,86.3,9.6,9,30,20,Sim
9430,Pedagogia,1,Presencial,Noite,0.2,62.7,67.2,8.1,3,44,10,Nao
7498,Engenharia de Software,1,Hibrida,Noite,5.1,100,50.8,6.0,5,30,60,Sim
8972,Enfermagem,6,Hibrida,Manha,13.5,84.6,100,7.0,13,0,10,Sim
1824,Enfermagem,5,Hibrida,Manha,8.4,66.4,88.6,5.6,6,20,90,Sim
1417,Pedagogia,6,Hibrida,Manha,10.5,72.1,80.3,5.4,6,30,,Nao
9181,Enfermagem,6,EAD,Manha,5.6,84.6,83.6,7.3,2,30,0,Sim
6447,Pedagogia,6,Hibrida,Manha,4.9,82.5,55.6,1.6,7,44,10,Nao
8018,Pedagogia,7,Presencial,Manha,5.0,91.3,100,4.6,3,20,15,Sim
7717,Engenharia Civil,6,Presencial,Manha,8.2,88.8,77.2,5.2,4,44,30,Nao
5553,Pedagogia,7,Presencial,Noite,9.2,80.7,82.1,10,11,40,45,Nao
7096,Administracao,6,Hibrida,Noite,12.0,82.6,100,5.7,11,44,120,Sim
1324,Engenharia de Software,2,Presencial,Manha,4.0,66.5,93.4,8.3,7,40,15,Nao
4931,Enfermagem,2,Presencial,Noite,3.3,56.0,68.4,6.1,3,44,90,Nao
2343,Engenharia Civil,2,Presencial,Manha,3.8,58.2,49.4,8.7,4,44,120,Nao
5463,Enfermagem,2,Presencial,Manha,12.2,91.3,86.9,7.8,8,30,90,Sim
4176,Administracao,3,Presencial,Manha,3.9,64.5,100,7.3,,20,15,Sim
6116,Enfermagem,2,Presencial,Noite,6.0,89.4,80.3,8.6,6,20,120,Sim
8799,Engenharia Civil,7,Hibrida,Noite,3.0,93.2,78.6,6.4,2,44,90,Sim
5650,Engenharia Civil,2,Hibrida,Manha,5.8,85.4,90.8,4.5,3,0,10,Nao
3277,Administracao,6,Presencial,Noite,7.9,94.4,35.3,6.8,6,20,20,Nao
6643,Pedagogia,1,Presencial,Manha,10.7,86.5,75.1,1.2,13,0,30,Sim
9860,Engenharia Civil,7,EAD,Manha,3.9,81.1,63.7,5.2,3,30,0,Nao
3231,Enfermagem,1,Hibrida,Noite,5.3,91.5,78.3,4.1,,0,30,Sim
3312,Engenharia de Software,3,Presencial,Manha,5.1,61.7,87.6,8.5,7,20,15,Sim
6216,Pedagogia,6,Presencial,Noite,8.1,82.6,92.7,4.1,5,0,10,Nao
5012,Administracao,3,Presencial,Manha,6.3,50.9,69.8,6.1,5,44,45,Sim
1536,Engenharia Civil,7,Presencial,Noite,5.9,81.8,80.4,6.3,4,40,60,Sim
3634,Engenharia Civil,7,Presencial,Manha,4.0,100,64.2,1.8,3,44,30,Nao
5805,Engenharia de Software,4,Presencial,Noite,10.3,96.4,93.5,5.7,6,40,15,Sim
7087,Enfermagem,8,Hibrida,Noite,11.4,81.9,94.1,5.3,11,0,120,Sim
5702,Engenharia de Software,6,Presencial,Noite,3.5,95.8,84.8,7.9,0,40,120,Sim
1756,Enfermagem,5,Presencial,Noite,2.7,91.0,,6.0,0,44,30,Sim
6300,Engenharia Civil,4,Hibrida,Noite,,94.0,83.9,3.2,8,40,15,Nao
9291,Enfermagem,4,EAD,Manha,7.3,83.0,86.2,10,2,20,0,Sim
2273,Administracao,5,Hibrida,Noite,5.5,72.5,91.6,8.6,3,0,60,Nao
8550,Pedagogia,4,Hibrida,Noite,11.2,80.6,94.7,6.4,10,0,20,Sim
6150,Enfermagem,6,EAD,Noite,6.3,94.3,44.2,6.1,9,30,0,Nao
5373,Pedagogia,7,Hibrida,Noite,5.5,82.8,83.1,6.9,5,40,15,Nao
2952,Engenharia Civil,7,Hibrida,Manha,4.6,91.0,76.3,5.3,6,20,,Sim
3369,Enfermagem,6,EAD,Noite,5.0,100,50.9,6.5,7,0,0,Sim
5853,Administracao,1,Presencial,Noite,4.3,91.1,,7.0,2,20,30,Nao
8573,Pedagogia,5,Hibrida,Noite,4.0,82.9,53.3,6.5,4,0,90,Nao
5143,Pedagogia,8,Presencial,Manha,6.3,96.3,38.4,3.9,3,30,10,Nao
1223,Engenharia Civil,3,EAD,Noite,8.1,87.6,69.8,3.6,6,20,0,Sim
7923,Enfermagem,4,Presencial,Noite,4.0,95.6,67.9,5.7,7,44,10,Sim
7524,Administracao,4,Presencial,Noite,0.7,72.3,42.7,5.9,4,20,90,Nao
4121,Enfermagem,5,Presencial,Noite,5.1,81.8,49.3,8.4,7,0,10,Nao
1830,Pedagogia,4,Hibrida,Noite,5.2,99.0,62.6,6.3,11,0,45,Sim
4422,Administracao,4,Presencial,Noite,6.9,76.3,96.7,9.3,5,20,15,Sim
7703,Engenharia de Software,8,Presencial,Manha,9.6,73.3,45.3,5.9,2,30,120,Nao
9327,Pedagogia,6,Presencial,Manha,8.5,82.8,73.9,8.1,2,0,45,Sim
7787,Engenharia Civil,5,Hibrida,Noite,8.1,72.5,91.7,4.0,5,40,120,Nao
202,Engenharia de Software,3,Presencial,Manha,7.2,74.4,100,8.7,3,0,60,Sim
8448,Pedagogia,7,Hibrida,Noite,2.8,89.6,71.6,7.4,1,40,45,Nao
1582,Administracao,6,Presencial,Noite,0.2,90.3,47.7,5.7,5,40,45,Nao
5431,Enfermagem,8,Presencial,Noite,3.0,56.8,44.4,5.5,5,30,20,Nao
9540,Administracao,3,Presencial,Manha,11.0,70.9,73.4,6.5,13,0,120,Sim
1581,Administracao,2,Hibrida,Noite,7.3,67.3,92.6,8.8,3,0,90,Nao
2321,Administracao,7,EAD,Manha,0.2,87.1,51.3,0.8,5,0,0,Nao
739,Enfermagem,6,Presencial,Manha,2.3,95.5,71.1,6.4,7,40,30,Nao
6362,Engenharia de Software,4,Presencial,Noite,2.8,78.2,76.6,3.6,5,44,60,Nao
1210,Enfermagem,6,Presencial,Noite,10.1,94.1,79.1,5.4,4,0,15,Nao
5061,Enfermagem,7,Hibrida,Manha,17.2,89.1,89.4,7.3,12,0,90,Sim
7532,Enfermagem,1,Presencial,Noite,4.9,75.5,80.8,6.6,8,20,90,Sim
6860,Pedagogia,7,Presencial,Noite,9.7,61.5,100,5.8,0,20,20,Nao
3949,Administracao,1,Presencial,Manha,3.3,76.7,53.3,7.3,0,40,45,Nao
9280,Engenharia Civil,2,Presencial,Manha,10.8,100,65.1,4.8,12,0,60,Sim
7228,Administracao,7,Presencial,Noite,13.2,67.5,82.1,3.9,7,0,45,Sim
2722,Engenharia Civil,5,Presencial,Manha,2.3,100,64.1,4.6,2,40,30,Nao
8383,Engenharia de Software,4,Presencial,Manha,8.6,92.5,92.3,5.5,4,0,20,Nao
6195,Administracao,7,Presencial,Noite,8.9,95.2,100,9.3,3,0,10,Sim
8376,Pedagogia,1,Presencial,Manha,7.5,95.1,87.7,9.9,9,44,90,Sim
2602,Administracao,6,EAD,Manha,7.2,81.4,64.7,3.6,8,20,0,Nao
5724,Administracao,3,Presencial,Manha,7.5,85.8,69.0,4.6,3,20,60,Nao
1787,Administracao,8,Presencial,Manha,2.8,81.0,,4.6,0,0,120,Nao
8992,Pedagogia,4,Presencial,Noite,9.1,77.5,63.8,7.5,7,30,15,Sim
8942,Pedagogia,7,Presencial,Manha,3.8,97.3,74.9,7.7,4,30,,Sim
7638,Enfermagem,3,EAD,Noite,4.1,79.5,66.8,6.5,3,40,0,Nao
101,Pedagogia,2,Presencial,Noite,0.2,100,,10,7,0,,Nao
6394,Administracao,8,EAD,Noite,6.6,100,85.5,4.6,3,30,0,Sim
2640,Engenharia de Software,5,Presencial,Manha,5.0,81.3,68.1,5.8,2,0,45,Nao
2597,Enfermagem,6,Presencial,Manha,13.6,88.5,80.3,3.9,5,0,30,Sim
5970,Engenharia de Software,4,Hibrida,Noite,0.3,73.5,55.3,8.1,2,30,20,Nao
5247,Engenharia de Software,5,Hibrida,Noite,11.0,83.4,72.6,7.6,5,0,90,Nao
4981,Enfermagem,5,Presencial,Manha,7.2,77.7,56.9,5.8,7,30,45,Nao
3541,Engenharia de Software,1,Presencial,Manha,0.3,95.5,70.4,5.7,3,20,20,Nao
3083,Engenharia Civil,2,EAD,Noite,3.7,62.7,76.1,7.3,3,20,0,Nao
5222,Pedagogia,6,EAD,Noite,5.4,80.3,74.2,5.7,7,0,0,Sim
852,Engenharia Civil,2,Presencial,Noite,6.8,100,100,7.1,5,20,20,Nao
6820,Administracao,8,EAD,Manha,7.8,94.5,,4.0,11,30,0,Sim
7257,Enfermagem,3,EAD,Manha,6.4,91.2,,8.0,3,30,0,Nao
9912,Administracao,2,Presencial,Manha,12.5,80.6,83.1,6.2,10,20,60,Sim
9818,Enfermagem,1,Hibrida,Noite,3.8,90.3,41.8,3.9,1,20,90,Nao
8457,Administracao,3,Hibrida,Manha,7.5,84.6,49.9,5.1,6,30,60,Sim
3235,Engenharia Civil,7,Presencial,Manha,3.7,81.6,59.5,8.4,0,0,20,Sim
3810,Engenharia de Software,4,Presencial,Noite,3.2,82.8,92.0,7.1,0,30,90,Nao
8615,Engenharia de Software,1,Presencial,Manha,4.5,80.3,86.1,6.3,2,0,45,Nao
5234,Enfermagem,1,Presencial,Manha,7.3,75.3,55.6,4.8,5,20,10,Nao
9226,Administracao,2,Presencial,Noite,8.0,81.3,90.9,5.9,7,0,10,Sim
1510,Administracao,3,EAD,Manha,6.6,82.8,83.8,7.0,4,40,0,Sim
1466,Administracao,1,Presencial,Manha,5.1,82.5,64.6,7.2,8,40,20,Nao
8081,Engenharia Civil,8,Presencial,Manha,1.5,82.3,67.5,3.2,8,40,15,Nao
7780,Enfermagem,5,EAD,Manha,6.8,87.9,60.5,3.8,1,30,0,Sim
3478,Enfermagem,5,Presencial,Noite,6.1,76.2,65.8,5.4,11,40,20,Sim
5661,Enfermagem,4,Presencial,Manha,6.9,91.4,100,4.5,4,0,45,Sim
7635,Engenharia Civil,3,Presencial,Noite,6.2,100,61.0,7.9,0,0,30,Sim
4200,Enfermagem,8,Hibrida,Noite,0.2,67.8,77.8,4.5,5,40,15,Sim
1196,Engenharia Civil,6,Presencial,Manha,4.5,95.2,69.3,6.5,2,0,20,Nao
9446,Administracao,1,Hibrida,Manha,8.0,78.4,88.3,4.4,7,0,10,Sim
2389,Engenharia de Software,5,Presencial,Noite,14.8,90.9,100,4.5,11,0,20,Sim
7800,Enfermagem,7,Hibrida,Noite,12.9,81.5,83.4,6.8,11,40,20,Sim
7403,Administracao,5,Hibrida,Manha,9.0,67.2,86.7,7.1,7,20,60,Sim
5004,Engenharia de Software,6,Presencial,Manha,11.4,91.3,98.6,4.4,9,0,60,Nao
9652,Pedagogia,6,Presencial,Noite,9.8,88.1,79.2,5.4,5,30,120,Nao
5137,Pedagogia,1,Presencial,Noite,4.0,76.8,50.6,6.3,1,40,120,Nao
2109,Engenharia Civil,5,Hibrida,Manha,12.5,72.6,67.3,4.2,10,0,10,Sim
8290,Pedagogia,6,EAD,Noite,3.1,86.4,78.8,6.9,0,44,0,Nao
5400,Engenharia Civil,8,Presencial,Noite,9.5,83.1,100,8.6,4,0,45,Sim
2410,Administracao,6,Presencial,Noite,6.8,84.7,63.7,5.8,8,0,45,Nao
1203,Engenharia Civil,6,Presencial,Manha,9.0,92.7,94.4,7.5,6,30,90,Nao
7165,Engenharia Civil,5,Hibrida,Manha,11.9,78.4,66.0,7.5,10,0,10,Nao
2070,Pedagogia,1,Hibrida,Manha,4.5,93.9,82.9,8.7,7,0,120,Sim
5539,Pedagogia,7,Hibrida,Noite,2.5,82.3,46.8,4.4,2,44,60,Nao
2015,Engenharia Civil,5,Presencial,Noite,6.7,70.3,71.6,5.8,5,40,45,Sim
9083,Enfermagem,4,EAD,Noite,3.1,79.3,88.2,9.1,9,0,0,Nao
596,Administracao,8,Hibrida,Manha,10.9,80.6,59.2,4.9,11,0,10,Nao
7525,Enfermagem,5,Presencial,Manha,2.1,86.9,84.7,6.5,0,20,30,Nao
2507,Engenharia de Software,5,Presencial,Noite,5.3,96.4,58.2,7.7,2,30,45,Sim
6079,Engenharia de Software,8,Presencial,Noite,11.4,75.3,99.1,3.5,5,0,30,Nao
6313,Enfermagem,3,Presencial,Manha,6.4,95.7,49.6,7.1,8,0,45,Nao
5684,Administracao,3,Hibrida,Manha,6.5,83.1,72.5,5.6,6,0,30,Nao
324,Pedagogia,8,Hibrida,Manha,6.1,86.1,64.9,8.2,4,0,30,Sim
8072,Enfermagem,2,EAD,Manha,10.6,93.3,71.3,6.9,10,0,0,Sim
2903,Engenharia de Software,2,Hibrida,Manha,9.0,72.5,100,7.3,8,44,,Sim
4762,Enfermagem,8,Presencial,Manha,4.8,76.9,87.6,8.4,7,40,10,Sim
969,Engenharia de Software,6,Hibrida,Noite,4.8,71.1,77.0,7.7,5,44,45,Nao
5703,Engenharia de Software,5,Hibrida,Noite,12.5,70.0,71.9,7.1,9,40,15,Nao
1843,Engenharia de Software,3,Presencial,Manha,6.9,85.1,,4.3,5,30,30,Nao
2320,Pedagogia,1,Presencial,Noite,9.3,96.2,73.8,4.3,11,0,120,Nao
2942,Administracao,1,Presencial,Noite,7.1,82.4,79.9,4.1,2,44,10,Sim
7170,Enfermagem,8,EAD,Noite,17.6,74.1,97.1,4.1,9,0,0,Nao
6355,Engenharia Civil,5,Presencial,Manha,4.7,72.5,29.7,4.9,4,20,60,Nao
3716,Administracao,5,Presencial,Manha,12.6,78.8,94.2,5.3,10,20,90,Sim
6688,Engenharia Civil,3,Hibrida,Manha,9.4,84.8,77.4,5.9,9,44,20,Sim
6507,Engenharia Civil,3,EAD,Manha,2.4,95.0,41.2,3.6,6,40,0,Nao
3175,Engenharia de Software,4,Presencial,Manha,4.5,100,79.0,9.6,2,20,120,Nao
2564,Administracao,1,Presencial,Noite,9.6,96.3,100,1.8,7,0,10,Sim
7347,Engenharia de Software,6,Presencial,Manha,5.3,79.2,83.4,6.3,4,30,60,Nao
611,Administracao,1,EAD,Noite,0.7,95.2,66.0,6.3,7,0,0,Nao
6622,Enfermagem,7,Presencial,Manha,6.9,97.8,93.7,7.7,10,30,30,Sim
817,Enfermagem,8,EAD,Noite,1.8,100,76.7,8.9,1,30,0,Sim
4036,Administracao,6,Presencial,Manha,12.1,87.6,94.6,3.6,12,0,60,Sim
6496,Enfermagem,8,EAD,Noite,5.9,78.0,98.8,4.2,7,0,0,Nao
5124,Administracao,5,EAD,Manha,1.9,65.9,85.0,6.1,3,20,0,Nao
6645,Engenharia de Software,5,EAD,Manha,3.3,75.4,63.9,4.6,9,20,0,Sim
7901,Administracao,5,Presencial,Manha,10.8,100,88.4,8.4,11,30,120,Nao
594,Engenharia de Software,4,Presencial,Manha,5.8,53.3,79.1,8.0,5,30,45,Sim
9796,Enfermagem,6,Presencial,Manha,,89.8,80.3,5.4,1,0,30,Nao
6712,Engenharia de Software,3,Hibrida,Noite,5.7,88.4,76.1,6.8,3,44,10,Sim
3612,Enfermagem,7,Hibrida,Manha,6.2,78.1,52.5,,5,30,60,Nao
341,Administracao,2,Hibrida,Noite,,68.1,100,7.1,4,0,20,Nao
222,Pedagogia,8,Presencial,Manha,8.4,73.5,100,7.4,8,0,120,Sim
3531,Enfermagem,1,EAD,Noite,9.1,82.9,48.4,4.2,10,40,0,Nao
2669,Pedagogia,1,EAD,Manha,13.2,83.6,,6.7,7,0,,Sim
8567,Administracao,4,Presencial,Manha,6.7,80.6,62.4,5.6,8,0,10,Sim
7410,Enfermagem,2,Presencial,Noite,4.0,67.4,33.9,3.3,9,0,90,Nao
4962,Enfermagem,4,Hibrida,Manha,8.2,85.9,64.7,3.9,8,30,90,Nao
7412,Enfermagem,7,EAD,Noite,9.5,100,86.9,5.9,9,20,0,Sim
5619,Enfermagem,2,Hibrida,Manha,8.5,83.5,70.2,5.8,8,0,20,Nao
2766,Administracao,2,Presencial,Noite,5.4,95.8,47.5,5.0,7,44,45,Nao
2772,Engenharia Civil,6,EAD,Noite,,71.2,75.7,7.6,1,0,0,Sim
5775,Administracao,3,Presencial,Manha,10.0,66.0,100,7.5,3,0,10,Nao
4028,Engenharia Civil,6,Hibrida,Manha,5.3,85.0,91.1,9.1,4,44,15,Sim
3573,Enfermagem,1,Presencial,Manha,5.5,73.0,99.5,2.8,7,44,45,Nao
5218,Engenharia Civil,1,EAD,Noite,1.8,73.7,60.3,8.5,5,40,0,Nao
4359,Engenharia de Software,4,Presencial,Manha,8.5,85.9,87.1,3.0,9,0,20,Sim
5938,Pedagogia,5,EAD,Noite,0.2,69.2,50.2,6.8,1,44,0,Nao
7181,Enfermagem,8,Hibrida,Noite,4.4,86.8,85.6,5.4,1,40,10,Nao
9276,Engenharia de Software,8,Hibrida,Manha,5.3,72.4,59.4,6.6,0,44,30,Nao
2964,Engenharia de Software,7,Hibrida,Manha,4.7,77.5,71.2,6.0,0,0,10,Sim
6078,Engenharia de Software,6,Presencial,Manha,3.7,78.4,56.8,7.2,3,20,120,Sim
4554,Administracao,1,Hibrida,Noite,9.0,75.3,77.4,6.3,3,20,30,Sim
9850,Engenharia Civil,6,Presencial,Manha,2.8,100,61.2,6.2,4,30,15,Nao
2695,Engenharia Civil,7,Hibrida,Manha,11.6,80.4,66.4,6.4,8,30,90,Sim
1727,Enfermagem,4,Presencial,Manha,8.9,85.4,77.3,4.1,9,0,15,Nao
8564,Pedagogia,3,Presencial,Noite,4.8,97.3,91.7,5.2,7,44,15,Sim
4037,Engenharia de Software,6,Presencial,Manha,6.4,92.4,66.6,7.7,5,40,10,Sim
9329,Enfermagem,6,Hibrida,Noite,5.7,74.7,71.1,6.5,5,0,20,Sim
9221,Administracao,8,EAD,Manha,11.7,92.1,,5.9,12,0,0,Sim
4682,Enfermagem,3,EAD,Noite,11.6,97.1,75.4,6.2,12,0,0,Sim
5615,Engenharia Civil,8,Presencial,Noite,9.2,79.3,62.0,6.7,11,30,45,Sim
3579,Engenharia de Software,1,EAD,Manha,5.4,69.9,83.5,7.5,4,0,0,Nao
6848,Pedagogia,6,Presencial,Noite,9.0,86.2,100,5.7,,0,15,Sim
8980,Engenharia Civil,2,EAD,Noite,5.0,75.9,76.7,4.8,7,40,0,Nao
6296,Administracao,2,Presencial,Manha,4.0,76.4,74.7,7.2,2,44,120,Nao
763,Enfermagem,6,Hibrida,Manha,6.8,88.2,69.4,8.8,7,30,45,Sim
7050,Enfermagem,4,Hibrida,Manha,9.0,82.6,67.5,5.6,9,0,90,Nao
481,Administracao,4,Presencial,Noite,6.1,100,65.8,6.3,5,30,90,Sim
3416,Engenharia Civil,7,Presencial,Manha,12.4,85.1,96.5,7.4,9,0,15,Sim
7559,Engenharia Civil,6,EAD,Noite,6.2,67.8,81.6,7.0,6,20,0,Nao
9393,Pedagogia,2,Presencial,Noite,4.9,77.9,78.0,2.2,5,20,120,Nao
4660,Engenharia Civil,5,EAD,Manha,13.0,84.0,100,5.7,4,0,0,Sim
908,Pedagogia,4,Presencial,Noite,7.0,76.9,100,8.0,8,30,60,Nao
7711,Enfermagem,2,Hibrida,Noite,10.6,87.6,57.5,7.7,7,44,60,Nao
1846,Administracao,4,Presencial,Manha,4.5,78.2,88.2,4.6,1,30,15,Nao
1289,Enfermagem,1,Presencial,Manha,13.2,93.8,100,7.1,9,0,10,Sim
6,Engenharia de Software,7,Presencial,Manha,12.9,94.9,100,7.8,8,20,60,Sim
5841,Enfermagem,6,Presencial,Noite,10.3,92.1,100,4.2,12,0,60,Sim
9807,Enfermagem,4,Presencial,Manha,9.6,84.2,100,4.5,7,20,60,Nao
4593,Enfermagem,3,EAD,Manha,9.7,76.7,61.2,7.0,9,30,0,Nao
1505,Administracao,7,Presencial,Noite,11.4,91.7,73.9,6.4,12,20,10,Sim
2727,Engenharia Civil,1,Hibrida,Manha,4.8,82.5,59.8,4.5,2,30,,Nao
7210,Engenharia de Software,6,Presencial,Manha,7.8,90.1,72.4,2.1,7,0,15,Nao
872,Administracao,3,EAD,Noite,5.6,93.9,56.3,4.7,0,44,0,Nao
5028,Pedagogia,7,Hibrida,Manha,9.7,95.0,90.8,8.8,10,30,20,Sim
4988,Engenharia de Software,5,Hibrida,Manha,5.0,89.3,87.5,,8,0,10,Sim
239,Pedagogia,1,Presencial,Manha,10.6,82.8,64.6,6.5,11,20,15,Sim
131,Enfermagem,1,Hibrida,Noite,5.0,97.1,80.7,8.1,2,0,30,Nao
7081,Engenharia Civil,3,Presencial,Noite,11.7,95.8,66.6,4.3,9,30,120,Nao
3100,Engenharia Civil,6,Presencial,Noite,4.3,84.3,63.4,6.2,5,40,30,Sim
8770,Engenharia de Software,2,Presencial,Noite,4.5,98.4,87.0,6.3,10,0,15,Sim
124,Engenharia de Software,8,Hibrida,Manha,5.5,62.8,51.7,7.9,5,30,45,Nao
5109,Pedagogia,6,Presencial,Noite,14.2,100,,3.1,8,44,120,Sim
6421,Engenharia Civil,1,Presencial,Manha,3.0,78.5,66.5,5.5,2,44,45,Nao
1361,Engenharia Civil,3,Hibrida,Noite,4.2,83.2,100,9.4,8,30,45,Nao
3085,Enfermagem,4,EAD,Manha,0.2,90.7,73.3,7.4,3,0,0,Sim
9072,Engenharia de Software,1,Hibrida,Manha,12.6,67.4,94.6,6.2,12,0,60,Sim
4178,Engenharia Civil,1,Presencial,Manha,0.2,99.2,35.5,2.1,2,40,15,Nao
4689,Engenharia de Software,2,Hibrida,Manha,5.2,100,79.9,6.4,1,40,90,Sim
2424,Pedagogia,7,Presencial,Noite,11.4,98.0,79.6,5.1,11,0,15,Sim
5357,Pedagogia,2,Presencial,Noite,5.5,76.4,76.9,4.7,0,20,45,Nao
9486,Engenharia de Software,7,EAD,Noite,8.2,85.1,56.0,8.7,4,0,0,Sim
1016,Engenharia Civil,5,Presencial,Manha,0.2,84.8,60.1,4.8,1,44,15,Nao
5424,Pedagogia,3,Presencial,Manha,8.0,73.5,100,4.1,5,44,45,Nao
4355,Pedagogia,2,Presencial,Noite,7.6,97.2,62.6,8.8,12,0,20,Sim
8584,Engenharia de Software,6,Hibrida,Manha,6.8,71.9,68.6,4.9,2,0,20,Nao
6404,Engenharia de Software,2,Presencial,Noite,8.3,77.0,49.9,6.5,4,44,15,Nao
8915,Administracao,2,EAD,Manha,3.3,91.9,69.8,7.4,2,0,0,Sim
1194,Engenharia de Software,6,Hibrida,Manha,0.3,77.3,65.1,4.8,3,44,15,Sim
6655,Pedagogia,3,Presencial,Manha,6.2,91.0,66.3,5.8,8,20,15,Nao
8898,Pedagogia,8,Hibrida,Manha,1.4,82.2,100,7.4,7,20,10,Nao
5860,Pedagogia,1,Hibrida,Noite,6.3,93.3,99.0,9.7,4,30,15,Sim
6188,Engenharia de Software,2,Hibrida,Noite,0.8,75.6,67.3,6.5,,40,15,Sim
8173,Pedagogia,4,Hibrida,Manha,5.3,100,46.0,7.7,7,0,60,Sim
6146,Engenharia de Software,4,Presencial,Noite,5.4,83.8,70.5,8.6,6,20,30,Nao
8666,Pedagogia,8,Hibrida,Manha,10.2,75.6,68.9,5.5,0,30,10,Nao
5563,Administracao,4,Presencial,Manha,3.4,66.3,77.6,4.4,1,40,90,Nao
1479,Engenharia Civil,2,Hibrida,Noite,8.2,92.4,81.5,7.7,5,0,60,Sim
8811,Pedagogia,8,Presencial,Manha,10.2,76.7,68.3,2.3,10,20,15,Nao
9704,Pedagogia,3,EAD,Manha,4.1,77.7,93.1,7.1,5,44,0,Nao
1513,Engenharia de Software,1,Hibrida,Noite,7.5,70.1,58.3,6.8,6,0,45,Nao
3260,Pedagogia,7,Hibrida,Manha,11.9,84.3,85.5,2.6,5,20,45,Nao
3278,Enfermagem,2,Hibrida,Noite,3.4,87.6,95.3,3.2,2,44,30,Nao
8543,Enfermagem,3,EAD,Manha,10.8,97.8,74.6,4.3,9,20,0,Sim
9454,Engenharia Civil,8,EAD,Manha,6.9,83.2,77.7,5.3,5,30,0,Nao
9933,Administracao,8,Hibrida,Manha,8.7,78.5,93.0,7.3,6,0,60,Sim
787,Enfermagem,4,EAD,Manha,7.3,69.6,88.0,8.7,0,20,0,Sim
2665,Engenharia Civil,1,EAD,Manha,,81.6,66.3,7.1,9,20,0,Sim
1764,Engenharia de Software,2,Presencial,Noite,10.5,73.0,87.2,5.6,5,0,15,Nao
5216,Engenharia Civil,3,Hibrida,Manha,8.0,80.8,73.8,6.7,9,44,15,Nao
7952,Administracao,7,Presencial,Manha,7.1,91.5,98.7,4.0,4,44,90,Nao
1311,Engenharia Civil,1,Hibrida,Manha,9.6,66.7,68.4,6.4,10,0,90,Nao
4533,Enfermagem,3,Presencial,Manha,2.8,98.7,75.0,8.3,2,44,20,Nao
7206,Administracao,1,EAD,Noite,6.9,74.5,46.8,5.3,0,44,0,Nao
3625,Engenharia Civil,4,Hibrida,Manha,10.1,98.4,100,8.5,10,20,45,Sim
2798,Pedagogia,8,Hibrida,Noite,8.3,80.5,88.3,6.2,6,30,10,Sim
195,Enfermagem,5,EAD,Manha,5.8,86.2,63.8,6.8,9,40,0,Nao
9681,Enfermagem,6,Presencial,Noite,2.9,70.3,59.3,4.9,5,0,30,Nao
5147,Administracao,7,Presencial,Manha,14.4,68.7,88.9,9.6,12,44,90,Nao
1398,Engenharia Civil,1,Presencial,Manha,4.0,75.8,89.7,7.5,3,20,30,Sim
1078,Engenharia Civil,3,Presencial,Noite,0.2,70.1,83.5,7.0,4,44,20,Nao
2398,Pedagogia,3,EAD,Noite,6.3,100,87.4,5.7,4,0,0,Nao
1187,Engenharia de Software,5,Presencial,Noite,6.6,100,80.5,6.4,11,44,120,Sim
7209,Administracao,5,Presencial,Manha,9.6,85.4,100,6.3,9,30,20,Sim
7964,Pedagogia,6,Hibrida,Manha,,92.7,57.9,3.2,8,0,10,Nao
9373,Administracao,3,Hibrida,Noite,2.4,75.1,64.7,8.9,8,40,120,Nao
4731,Enfermagem,2,Hibrida,Noite,10.0,56.0,72.0,2.1,10,0,10,Nao
8841,Engenharia de Software,6,Presencial,Manha,0.2,79.3,,5.2,1,0,30,Nao
5036,Engenharia de Software,5,Presencial,Manha,4.1,70.0,50.4,6.1,2,44,20,Nao
8412,Engenharia de Software,2,Presencial,Manha,7.3,63.2,72.3,8.4,4,44,10,Nao
9175,Engenharia Civil,8,Hibrida,Manha,0.2,100,77.6,,2,40,20,Nao
528,Pedagogia,8,Presencial,Noite,5.5,91.3,57.7,10,2,44,20,Sim
6832,Pedagogia,5,Presencial,Manha,10.2,96.7,74.3,3.7,7,40,30,Nao
263,Engenharia Civil,3,Hibrida,Manha,7.7,73.8,68.1,7.8,6,0,45,Nao
5189,Administracao,3,Hibrida,Manha,4.5,88.9,64.6,7.8,9,40,90,Sim
2648,Administracao,7,Hibrida,Noite,6.2,98.6,91.1,3.0,4,0,45,Nao
859,Administracao,8,Presencial,Manha,10.0,78.1,80.4,8.6,5,44,60,Sim
7021,Engenharia de Software,3,Presencial,Manha,7.1,82.1,57.9,5.8,3,44,20,Nao
986,Pedagogia,7,Presencial,Manha,9.0,76.5,100,8.0,8,30,15,Sim
2122,Engenharia Civil,7,Hibrida,Noite,11.3,63.6,65.3,4.5,5,20,,Sim
307,Pedagogia,2,Hibrida,Noite,5.8,83.1,58.8,4.2,7,0,120,Nao
4381,Engenharia Civil,6,Presencial,Manha,7.9,95.5,95.7,5.5,9,30,30,Sim
2821,Enfermagem,3,Presencial,Manha,8.9,80.8,82.8,3.3,5,44,90,Nao
8537,Pedagogia,8,Presencial,Noite,8.9,86.6,76.4,7.8,13,0,30,Sim
9938,Enfermagem,5,EAD,Noite,8.5,71.8,75.4,4.2,6,0,0,Nao
9363,Enfermagem,7,Presencial,Manha,20.4,84.6,92.9,8.1,14,0,120,Nao
3632,Engenharia Civil,1,Presencial,Manha,5.7,95.4,75.3,4.6,3,40,90,Nao
619,Pedagogia,4,Presencial,Noite,3.7,69.7,68.8,5.9,2,40,90,Nao
7112,Enfermagem,4,Hibrida,Noite,8.7,100,58.8,4.3,6,0,15,Sim
271,Engenharia de Software,4,Presencial,Manha,7.8,79.3,50.2,6.0,5,0,30,Nao
2159,Engenharia Civil,6,Presencial,Noite,14.0,100,83.0,6.6,10,0,90,Sim
1390,Enfermagem,8,Hibrida,Noite,1.2,82.0,51.3,0.1,4,40,60,Nao
1942,Engenharia Civil,5,Presencial,Manha,4.5,100,54.0,7.6,3,0,15,Nao
6235,Engenharia Civil,5,Presencial,Noite,10.8,79.7,77.6,6.6,10,0,15,Sim
2318,Enfermagem,5,Presencial,Noite,6.3,95.4,55.2,9.2,8,20,30,Sim
6107,Engenharia de Software,6,Presencial,Manha,13.4,76.2,81.4,4.6,3,0,45,Nao
8629,Engenharia de Software,1,Hibrida,Manha,4.2,84.6,74.9,7.9,5,0,20,Sim
6219,Administracao,6,Presencial,Manha,5.8,88.0,80.1,4.7,12,0,10,Nao
1112,Enfermagem,3,Presencial,Noite,7.1,93.3,47.3,4.8,9,20,10,Nao
4884,Pedagogia,7,Hibrida,Manha,6.8,72.3,73.1,8.7,4,40,20,Sim
8156,Administracao,8,Presencial,Manha,9.7,76.2,69.8,9.8,12,0,60,Sim
3461,Engenharia de Software,1,Presencial,Noite,3.6,85.3,58.5,,6,0,120,Nao
8662,Enfermagem,3,Presencial,Noite,8.1,73.4,90.9,7.1,6,20,15,Sim
5817,Pedagogia,5,Presencial,Noite,6.1,73.8,57.0,7.3,8,44,45,Nao
8901,Engenharia Civil,4,Presencial,Noite,10.1,84.0,76.8,5.5,7,0,15,Nao
2663,Engenharia de Software,3,Presencial,Manha,10.3,83.4,82.1,5.1,10,20,45,Nao
1186,Enfermagem,2,Presencial,Manha,3.2,71.3,87.9,7.9,0,44,45,Nao
2536,Enfermagem,7,Presencial,Noite,10.4,98.1,81.2,4.5,3,0,60,Nao
1307,Engenharia Civil,1,Hibrida,Manha,7.9,78.4,79.9,6.6,6,0,120,Nao
6777,Administracao,2,Presencial,Noite,5.9,81.8,41.7,8.5,9,0,45,Nao
6126,Pedagogia,5,Hibrida,Manha,3.3,97.7,50.6,5.0,1,30,45,Nao
1204,Engenharia de Software,8,Presencial,Noite,5.4,63.4,56.9,4.0,6,20,90,Sim
732,Engenharia de Software,5,Presencial,Manha,10.0,87.0,88.5,6.1,9,0,20,Sim
7699,Engenharia Civil,5,EAD,Noite,7.7,100,65.6,8.7,7,20,0,Sim
7317,Pedagogia,4,Hibrida,Manha,4.5,91.3,65.9,10,8,30,120,Sim
9719,Pedagogia,5,Presencial,Manha,9.9,78.3,72.4,8.6,6,0,20,Sim
3331,Engenharia de Software,5,Hibrida,Manha,7.9,83.0,85.1,4.7,3,30,45,Nao
8490,Engenharia de Software,4,Presencial,Noite,4.4,87.3,93.8,8.5,5,40,45,Sim
2324,Enfermagem,4,EAD,Manha,7.9,96.8,89.7,4.5,4,20,0,Sim
9581,Engenharia de Software,6,Presencial,Noite,,85.7,98.6,8.8,4,0,90,Nao
7414,Engenharia de Software,5,EAD,Noite,11.3,72.5,57.8,5.9,6,0,0,Sim
7934,Pedagogia,4,EAD,Manha,4.9,73.6,69.3,3.4,10,40,0,Nao
7149,Enfermagem,7,Hibrida,Manha,1.8,82.8,70.3,4.0,1,20,20,Sim
8267,Enfermagem,4,EAD,Manha,6.6,77.9,74.1,5.4,6,44,0,Sim
6184,Engenharia Civil,8,Presencial,Manha,9.4,70.9,100,3.8,3,44,120,Nao
6543,Engenharia Civil,7,Presencial,Noite,2.2,70.3,38.7,4.5,2,40,45,Nao
8534,Pedagogia,8,Hibrida,Manha,11.5,81.8,78.0,5.8,15,0,60,Sim
6553,Pedagogia,4,Hibrida,Noite,7.8,95.7,75.2,5.2,10,20,10,Sim
9882,Administracao,2,Hibrida,Noite,4.6,90.4,86.7,4.9,9,40,120,Nao
2606,Administracao,7,Presencial,Noite,0.2,72.2,76.6,6.5,5,30,30,Nao
114,Enfermagem,4,Presencial,Noite,9.1,95.2,76.9,7.4,9,30,15,Nao
3365,Pedagogia,5,Hibrida,Manha,2.0,76.4,53.9,6.4,1,44,30,Nao
9090,Administracao,8,Presencial,Noite,11.1,89.0,94.1,3.6,9,40,60,Sim
2927,Enfermagem,2,Hibrida,Manha,4.3,99.7,75.2,3.8,1,30,20,Nao
7307,Enfermagem,1,Hibrida,Manha,1.0,82.2,63.8,7.7,3,30,20,Nao
7807,Engenharia Civil,4,Presencial,Manha,7.4,81.7,74.4,4.9,3,44,45,Sim
4193,Enfermagem,5,EAD,Manha,9.9,91.2,89.1,6.3,11,0,0,Nao
4020,Engenharia de Software,1,Hibrida,Noite,10.5,59.0,70.6,4.5,8,20,60,Sim
5810,Pedagogia,3,Presencial,Manha,14.2,89.5,53.0,5.3,9,30,10,Sim
4259,Administracao,6,Presencial,Manha,8.0,100,92.3,7.2,10,20,10,Sim
5352,Engenharia Civil,5,Hibrida,Manha,5.0,86.6,72.4,4.7,6,20,20,Nao
8918,Pedagogia,5,Presencial,Manha,5.0,90.0,47.8,,7,0,20,Nao
6822,Administracao,4,Hibrida,Manha,1.9,85.2,62.9,6.1,3,44,10,Nao
8470,Pedagogia,8,Presencial,Manha,11.9,89.3,100,7.6,3,0,20,Sim
4759,Engenharia de Software,7,Hibrida,Noite,4.7,72.8,71.9,4.8,5,30,15,Sim
7035,Engenharia de Software,4,Hibrida,Noite,6.5,81.7,71.3,3.6,7,20,120,Sim
3221,Engenharia Civil,8,EAD,Manha,7.7,80.0,83.0,6.7,5,44,0,Nao
1990,Engenharia de Software,3,Presencial,Noite,6.6,88.5,71.4,3.5,4,0,120,Nao
9549,Engenharia Civil,4,Hibrida,Manha,4.4,87.8,42.8,6.5,0,0,10,Nao
3351,Enfermagem,6,Hibrida,Noite,5.8,86.3,62.2,6.2,6,0,120,Sim
8975,Administracao,5,Hibrida,Manha,8.4,100.0,86.2,5.8,6,0,120,Nao
1357,Administracao,2,EAD,Noite,13.2,88.6,88.5,5.1,11,0,0,Sim
1322,Enfermagem,2,Hibrida,Manha,4.4,75.5,40.9,8.7,6,40,10,Nao
3840,Pedagogia,4,Presencial,Manha,5.8,86.2,,5.2,1,44,90,Sim
4474,Administracao,4,Presencial,Manha,3.9,77.5,84.3,7.3,0,0,90,Nao
2809,Engenharia Civil,8,Presencial,Noite,5.6,79.6,100,10,6,44,10,Nao
6641,Pedagogia,5,Hibrida,Manha,3.7,93.9,45.6,8.0,6,20,10,Sim
264,Engenharia Civil,4,EAD,Noite,10.0,73.2,67.6,4.8,8,0,0,Nao
6401,Enfermagem,3,Hibrida,Noite,2.3,86.7,82.4,7.1,5,40,15,Nao
1185,Engenharia de Software,3,Hibrida,Noite,6.2,95.8,58.3,7.9,4,30,90,Nao
1909,Pedagogia,3,Presencial,Manha,3.6,67.5,90.2,4.4,3,40,90,Nao
6197,Engenharia de Software,2,Presencial,Noite,7.6,71.0,94.8,8.4,8,44,45,Sim
8708,Administracao,4,Presencial,Noite,1.5,78.2,44.8,7.7,0,44,60,Nao
7561,Pedagogia,8,Hibrida,Manha,7.8,80.0,87.8,3.0,7,0,15,Nao
3496,Engenharia Civil,5,Presencial,Manha,8.6,85.1,87.0,5.1,7,0,45,Nao
6449,Engenharia Civil,8,Hibrida,Noite,4.2,77.2,96.0,6.8,6,44,10,Sim
1411,Pedagogia,1,EAD,Manha,0.5,59.5,68.4,7.3,2,44,0,Sim
9228,Engenharia de Software,1,Presencial,Noite,12.4,80.1,76.5,2.7,10,0,60,Sim
2552,Pedagogia,1,Hibrida,Manha,7.3,75.4,58.4,6.5,6,0,60,Sim
8488,Engenharia Civil,5,Presencial,Manha,12.6,87.4,96.7,5.5,5,20,15,Nao
5882,Enfermagem,4,Presencial,Noite,10.8,99.0,82.6,7.2,8,30,30,Nao
3501,Enfermagem,1,Presencial,Manha,4.9,80.9,93.7,5.4,2,44,20,Nao
5392,Engenharia de Software,4,EAD,Manha,12.3,82.7,92.9,3.2,0,0,0,Nao
5621,Enfermagem,5,Presencial,Manha,1.7,73.6,66.0,5.7,1,20,30,Nao
4231,Pedagogia,4,Presencial,Manha,5.3,79.9,66.7,7.2,6,20,60,Nao
1863,Administracao,1,Hibrida,Noite,0.2,78.8,89.9,6.5,3,0,60,Sim
1076,Engenharia Civil,8,Hibrida,Manha,6.4,83.7,84.6,7.5,5,30,10,Sim
1943,Engenharia Civil,1,Presencial,Noite,1.1,73.3,95.6,8.6,6,20,10,Sim
592,Enfermagem,4,Presencial,Noite,5.5,86.9,82.1,5.7,5,20,20,Nao
5399,Administracao,4,Presencial,Manha,9.6,74.6,84.2,6.6,11,0,120,Sim
3506,Pedagogia,4,Hibrida,Manha,3.1,66.9,48.2,6.2,4,40,20,Nao
9685,Enfermagem,1,Presencial,Noite,7.3,86.3,64.3,6.5,2,0,45,Nao
9284,Administracao,3,Presencial,Noite,11.9,82.6,72.4,6.5,7,0,30,Sim
3458,Engenharia de Software,3,EAD,Manha,16.7,94.8,97.8,7.2,10,30,0,Sim
4105,Administracao,2,Presencial,Noite,4.6,86.5,40.1,8.7,4,0,120,Nao
5541,Enfermagem,8,Hibrida,Noite,8.5,65.6,96.6,6.8,7,30,20,Sim
8798,Pedagogia,2,Presencial,Noite,8.9,100,100,6.0,6,0,15,Sim
6528,Administracao,7,EAD,Noite,4.8,74.6,72.5,5.2,0,30,0,Nao
7852,Pedagogia,6,Presencial,Manha,9.7,100,100,7.7,8,44,120,Sim
9270,Pedagogia,1,Hibrida,Manha,4.5,87.4,76.6,4.8,2,20,15,Nao
7859,Pedagogia,2,Presencial,Manha,4.0,70.2,69.3,7.1,0,30,90,Nao
9447,Pedagogia,4,Hibrida,Noite,7.6,98.9,51.6,7.4,9,20,10,Sim
4004,Pedagogia,4,EAD,Noite,3.0,61.3,68.9,4.3,5,44,0,Nao
9782,Pedagogia,2,Hibrida,Manha,5.1,96.6,75.5,3.1,6,40,10,Nao
1954,Pedagogia,2,Presencial,Noite,2.5,72.2,71.8,7.5,0,44,20,Nao
2533,Administracao,5,EAD,Manha,13.0,82.9,100,4.7,15,0,0,Sim
6228,Engenharia de Software,5,Presencial,Manha,6.8,90.0,77.8,7.6,6,0,15,Sim
9567,Engenharia Civil,5,Presencial,Noite,3.9,92.0,68.4,,0,44,10,Nao
5665,Engenharia de Software,4,Presencial,Manha,4.3,66.9,72.3,6.4,7,30,15,Nao
4540,Enfermagem,1,EAD,Manha,11.1,81.6,62.9,4.6,12,0,0,Nao
5134,Administracao,2,Hibrida,Manha,3.6,78.0,72.7,6.4,0,44,45,Nao
7161,Pedagogia,5,Hibrida,Manha,6.0,69.8,63.0,3.9,6,44,90,Nao
742,Engenharia de Software,5,Presencial,Manha,8.3,80.5,64.7,4.2,6,40,20,Nao
9641,Enfermagem,5,Presencial,Noite,5.8,89.4,52.1,4.0,7,20,15,Sim
7237,Pedagogia,8,Hibrida,Noite,7.8,76.0,55.1,5.5,4,20,15,Nao
416,Administracao,5,Presencial,Noite,9.3,92.7,87.8,5.9,3,0,15,Sim
7940,Enfermagem,6,EAD,Noite,2.4,87.2,55.3,5.2,3,44,0,Nao
9839,Enfermagem,3,Presencial,Manha,0.4,80.5,35.7,2.7,1,44,120,Nao
7012,Pedagogia,5,EAD,Manha,5.5,76.5,78.5,4.5,6,30,0,Sim
1017,Engenharia Civil,2,EAD,Manha,14.6,98.5,78.4,7.0,8,44,0,Sim
3462,Engenharia Civil,6,Presencial,Noite,11.0,96.3,54.2,5.0,10,0,20,Nao
9437,Engenharia de Software,6,Hibrida,Manha,6.4,82.1,56.5,5.1,6,20,120,Nao
4337,Engenharia de Software,8,Presencial,Manha,7.6,68.4,83.7,5.5,6,44,30,Nao
1428,Pedagogia,7,Hibrida,Manha,9.7,82.8,100,7.0,6,44,45,Nao
2431,Administracao,7,EAD,Noite,9.9,71.2,82.3,4.9,4,0,0,Nao
9491,Pedagogia,4,Presencial,Manha,5.3,72.1,88.0,7.9,,44,120,Nao
8106,Enfermagem,7,Presencial,Manha,1.4,79.4,57.2,6.4,4,40,20,Nao
2822,Administracao,3,Presencial,Manha,7.0,80.1,72.3,4.0,7,0,90,Sim
960,Administracao,6,Hibrida,Manha,3.2,80.6,100,5.6,11,30,60,Nao
6521,Administracao,4,Presencial,Manha,5.5,58.4,,5.2,10,44,120,Nao
3806,Pedagogia,6,Presencial,Noite,6.3,89.6,53.5,5.4,2,40,90,Nao
5356,Enfermagem,3,Hibrida,Noite,4.0,71.3,64.4,7.6,0,40,45,Nao
1456,Engenharia de Software,6,Hibrida,Noite,7.4,70.0,89.5,6.9,6,30,45,Sim
7718,Engenharia Civil,7,Hibrida,Noite,11.9,67.7,100,7.2,7,40,20,Sim
805,Enfermagem,6,Presencial,Noite,8.8,84.5,,7.1,7,20,120,Sim
3876,Engenharia Civil,3,EAD,Noite,5.5,87.5,39.9,4.2,7,0,0,Nao
3538,Engenharia Civil,8,Presencial,Noite,0.2,73.6,85.6,5.2,9,0,20,Nao
9172,Enfermagem,6,Presencial,Manha,4.1,89.4,91.7,7.4,8,0,20,Sim
238,Administracao,3,Presencial,Manha,7.2,73.8,97.5,8.1,7,0,30,Sim
5635,Engenharia de Software,2,EAD,Manha,12.5,98.9,91.5,4.9,5,30,0,Sim
531,Engenharia Civil,3,EAD,Noite,5.6,60.5,100,4.2,10,40,,Sim
1844,Enfermagem,5,Hibrida,Manha,9.4,97.9,77.3,5.0,8,0,15,Nao
6808,Administracao,1,Presencial,Noite,8.7,78.4,80.2,7.1,7,0,60,Sim
5246,Pedagogia,1,Presencial,Manha,2.2,72.7,70.1,7.8,3,30,20,Nao
3339,Engenharia Civil,2,Presencial,Noite,4.7,80.2,60.7,4.5,9,44,60,Nao
1106,Pedagogia,6,EAD,Manha,7.1,91.9,91.3,6.1,11,20,0,Sim
7104,Engenharia Civil,2,Presencial,Manha,11.2,96.5,76.2,4.4,7,0,15,Sim
9939,Enfermagem,6,EAD,Manha,3.1,100,65.2,2.8,2,0,0,Nao
1274,Engenharia de Software,8,Presencial,Noite,6.6,88.2,69.1,5.0,4,40,60,Nao
4384,Engenharia de Software,4,Hibrida,Manha,1.0,74.5,53.2,8.9,0,44,120,Nao
3187,Pedagogia,1,Presencial,Manha,3.0,66.0,80.8,6.6,5,40,20,Nao
1946,Pedagogia,1,Presencial,Noite,0.2,84.8,61.5,6.7,7,44,90,Nao
3394,Administracao,7,Presencial,Manha,,81.0,81.1,5.6,7,20,120,Sim
2267,Engenharia Civil,5,Presencial,Noite,9.7,72.4,86.4,4.9,7,20,60,Sim
4864,Enfermagem,2,Hibrida,Manha,11.9,86.2,89.2,5.5,10,0,45,Sim
4743,Pedagogia,5,Presencial,Noite,9.2,83.6,95.2,6.3,6,30,20,Sim
3441,Engenharia de Software,5,EAD,Noite,10.9,98.8,100,6.9,6,40,0,Sim
5936,Engenharia Civil,4,Presencial,Noite,8.0,88.2,66.1,9.5,5,0,15,Sim
2530,Engenharia de Software,5,Hibrida,Noite,8.5,77.4,100,3.8,10,30,60,Nao
2230,Engenharia Civil,7,Presencial,Manha,6.2,85.6,67.4,3.8,8,20,120,Sim
2820,Engenharia de Software,4,Presencial,Noite,8.1,77.6,72.5,4.3,9,0,45,Sim
6964,Enfermagem,7,Hibrida,Manha,8.5,65.7,93.5,6.2,8,30,45,Nao
5119,Enfermagem,7,EAD,Manha,2.4,79.5,68.8,3.3,1,0,0,Nao
9816,Enfermagem,7,Presencial,Noite,8.6,84.2,80.4,5.6,10,0,,Nao
5689,Pedagogia,6,Presencial,Manha,15.3,77.4,100,6.8,9,0,15,Sim
5351,Engenharia de Software,6,Presencial,Manha,1.7,90.2,74.5,6.7,0,0,10,Nao
1173,Administracao,2,Presencial,Noite,8.7,100,84.5,6.8,6,0,30,Sim
5496,Administracao,8,Presencial,Manha,5.6,98.3,71.0,8.9,5,0,60,Sim
9088,Pedagogia,4,Hibrida,Noite,8.9,83.4,76.2,6.9,8,44,20,Nao
800,Enfermagem,8,Hibrida,Manha,9.9,81.8,96.8,5.9,7,0,15,Nao
8525,Administracao,5,Presencial,Manha,6.3,72.6,37.6,7.3,5,40,10,Nao
1385,Engenharia Civil,6,Presencial,Noite,6.3,74.8,87.9,7.9,1,20,10,Sim
2775,Pedagogia,1,Presencial,Manha,9.0,93.4,100,1.0,8,20,20,Sim
7674,Administracao,6,Presencial,Noite,8.7,84.1,100,3.6,5,20,45,Nao
1557,Engenharia de Software,3,Hibrida,Manha,11.6,100,100,6.0,6,0,15,Sim
5453,Pedagogia,5,EAD,Manha,7.5,85.3,79.7,6.6,7,20,0,Sim
370,Pedagogia,8,Presencial,Manha,6.9,73.7,78.3,10,7,0,15,Sim
3401,Pedagogia,7,Presencial,Manha,7.3,96.2,,3.2,7,0,20,Nao
1270,Administracao,5,EAD,Manha,6.9,76.9,75.6,9.0,6,20,0,Sim
3887,Engenharia de Software,7,Hibrida,Noite,3.6,96.9,,8.4,2,30,30,Sim
5310,Engenharia Civil,5,Presencial,Noite,8.3,94.8,73.6,3.8,7,44,120,Nao
9485,Engenharia de Software,5,Hibrida,Manha,0.2,97.2,50.3,4.7,6,40,15,Sim
2912,Pedagogia,8,Presencial,Manha,8.6,68.1,85.0,5.4,7,30,45,Sim
521,Engenharia Civil,5,Presencial,Manha,7.4,87.4,80.0,7.6,6,20,60,Sim
7062,Engenharia de Software,4,Presencial,Manha,7.0,64.4,77.5,3.0,5,30,15,Nao
4581,Administracao,1,Hibrida,Manha,6.8,68.5,48.8,6.1,8,44,120,Sim
8485,Administracao,5,EAD,Manha,6.6,63.5,78.2,3.3,8,20,0,Nao
1095,Engenharia Civil,8,Hibrida,Noite,11.5,68.4,100,7.5,9,0,10,Nao
6866,Administracao,6,Presencial,Noite,5.8,92.2,87.5,4.3,5,44,15,Sim
358,Engenharia de Software,2,EAD,Manha,3.9,79.9,54.7,9.4,7,20,0,Sim
1344,Engenharia Civil,3,Presencial,Manha,1.3,82.8,71.1,5.6,1,40,60,Nao
3544,Engenharia Civil,4,Hibrida,Noite,5.6,70.6,61.2,7.0,6,20,45,Nao
9306,Engenharia de Software,4,Hibrida,Noite,9.2,78.0,83.2,4.1,10,0,20,Nao
8823,Administracao,8,Presencial,Noite,9.2,87.0,53.2,5.2,4,0,120,Sim
5470,Engenharia de Software,4,Hibrida,Noite,5.9,76.8,61.9,3.9,4,20,15,Nao
8119,Engenharia Civil,8,Presencial,Manha,5.5,100,85.0,,3,0,120,Sim
2059,Engenharia Civil,7,Presencial,Manha,9.9,59.4,85.3,3.7,4,30,120,Nao
2880,Pedagogia,4,Presencial,Manha,0.2,94.2,78.2,6.7,0,20,15,Nao
1619,Enfermagem,4,EAD,Noite,10.2,87.0,100,8.9,12,0,0,Sim
218,Engenharia Civil,4,Presencial,Noite,7.1,75.8,57.3,4.2,9,30,10,Nao
3775,Engenharia Civil,6,Presencial,Manha,8.9,90.0,75.2,5.8,6,0,10,Sim
6335,Enfermagem,1,Hibrida,Noite,6.3,70.4,64.8,6.2,12,30,90,Sim
4102,Administracao,5,EAD,Manha,,83.6,82.9,4.1,1,20,0,Nao
9213,Pedagogia,1,Presencial,Noite,6.5,81.7,81.3,7.2,4,30,30,Nao
5617,Enfermagem,7,EAD,Manha,7.8,93.2,51.8,4.2,5,0,0,Sim
9370,Engenharia de Software,2,Hibrida,Noite,8.9,81.4,100,3.7,8,20,10,Nao
1563,Engenharia Civil,2,Presencial,Noite,0.2,97.7,90.6,9.2,2,40,30,Sim
1421,Pedagogia,2,Hibrida,Noite,6.9,63.8,88.2,7.7,11,44,45,Nao
8400,Engenharia de Software,6,Presencial,Noite,2.0,94.8,61.0,7.3,5,0,15,Sim
627,Administracao,7,EAD,Noite,1.6,100,85.8,4.2,3,30,0,Sim
3084,Engenharia Civil,7,Hibrida,Manha,5.6,70.8,63.3,4.7,4,30,60,Nao
246,Engenharia Civil,7,Presencial,Noite,7.4,77.2,95.4,4.5,9,44,30,Nao
8123,Enfermagem,4,Hibrida,Noite,8.4,88.9,43.8,5.8,6,0,30,Nao
9504,Enfermagem,3,Presencial,Noite,5.4,90.5,67.7,4.6,6,44,,Sim
10,Engenharia de Software,6,Presencial,Manha,0.6,67.4,58.6,5.1,3,44,45,Nao
1052,Administracao,3,Presencial,Noite,7.6,80.3,66.7,7.1,6,30,20,Nao
9617,Engenharia de Software,7,EAD,Manha,10.5,63.5,78.5,7.7,11,0,0,Sim
4995,Administracao,1,Hibrida,Noite,11.7,67.8,73.2,7.8,8,30,10,Sim
9847,Pedagogia,1,Hibrida,Manha,,77.5,79.1,7.8,6,44,10,Sim
3022,Engenharia Civil,5,Hibrida,Noite,6.4,78.7,48.6,4.9,7,20,90,Nao
9588,Pedagogia,2,EAD,Noite,10.4,79.9,49.4,5.1,3,0,0,Sim
1439,Engenharia Civil,6,Presencial,Manha,8.3,76.9,85.6,6.2,9,20,45,Nao
8668,Engenharia Civil,1,EAD,Manha,3.8,87.8,67.4,3.6,7,0,0,Nao
2335,Pedagogia,4,Hibrida,Manha,11.3,71.4,53.0,2.5,5,0,60,Nao
1561,Pedagogia,5,Presencial,Manha,11.7,94.9,65.9,3.9,11,0,20,Sim
4021,Pedagogia,7,EAD,Noite,3.5,89.3,63.1,4.0,4,0,0,Nao
485,Pedagogia,1,Hibrida,Noite,2.5,83.2,58.3,6.3,2,30,10,Nao
4590,Enfermagem,4,Presencial,Noite,12.4,76.6,76.7,2.4,5,0,45,Nao
2477,Pedagogia,4,Presencial,Manha,8.0,95.6,71.1,3.1,4,40,120,Nao
7996,Engenharia Civil,8,Presencial,Noite,3.4,66.0,53.3,9.4,0,0,45,Sim
4712,Enfermagem,3,Presencial,Noite,11.9,71.2,66.3,6.8,10,40,120,Sim
6849,Enfermagem,3,Hibrida,Manha,9.0,77.1,49.1,4.7,5,44,15,Nao
7722,Pedagogia,6,Hibrida,Manha,4.4,71.8,69.5,7.2,4,40,45,Nao
4034,Administracao,8,Presencial,Noite,6.1,100,76.9,7.6,8,30,10,Sim
4543,Engenharia Civil,2,Hibrida,Noite,8.8,82.4,75.6,5.1,10,30,15,Nao
9764,Engenharia Civil,8,Presencial,Manha,10.4,77.0,100,4.7,6,0,60,Sim
406,Pedagogia,8,Presencial,Manha,7.3,80.5,79.2,5.5,10,20,120,Sim
5534,Engenharia de Software,8,Hibrida,Noite,7.7,67.9,83.5,8.2,3,44,120,Sim
9092,Engenharia de Software,4,Hibrida,Manha,12.5,68.1,82.6,6.2,11,0,20,Nao
9108,Administracao,3,Presencial,Manha,4.5,72.0,100,5.6,2,44,45,Nao
4304,Enfermagem,3,Hibrida,Manha,1.3,86.8,56.2,7.6,0,20,15,Nao
8597,Administracao,2,Presencial,Manha,9.4,78.4,100,7.1,10,20,120,Nao
5435,Engenharia de Software,8,Presencial,Manha,2.9,90.4,56.2,6.9,5,30,120,Nao
8427,Engenharia de Software,6,Hibrida,Noite,,68.8,59.8,5.6,3,20,15,Nao
2939,Engenharia de Software,4,Hibrida,Noite,2.9,100,97.6,5.4,4,30,10,Sim
9440,Pedagogia,5,Hibrida,Noite,8.6,75.5,96.2,4.8,5,0,45,Sim
3304,Enfermagem,5,Presencial,Manha,8.4,75.7,100,9.1,10,40,20,Sim
5077,Pedagogia,3,Presencial,Noite,8.1,100,75.0,4.0,5,0,45,Sim
4432,Administracao,7,Presencial,Manha,3.2,99.7,100,5.1,6,30,45,Sim
5667,Pedagogia,7,Presencial,Manha,4.1,85.0,100,5.7,5,30,15,Sim
3865,Engenharia de Software,5,Hibrida,Manha,10.9,85.4,44.5,7.9,12,0,60,Sim
2399,Pedagogia,5,Hibrida,Manha,4.5,83.0,83.9,3.1,7,30,90,Nao
868,Enfermagem,4,Presencial,Manha,10.4,61.7,100,3.3,7,30,15,Nao
5926,Engenharia de Software,3,EAD,Noite,4.5,76.3,43.8,6.7,8,0,0,Nao
327,Enfermagem,5,Presencial,Noite,0.2,78.2,62.6,8.8,1,30,20,Nao
1058,Engenharia de Software,4,Presencial,Manha,0.2,59.8,71.5,6.2,3,40,10,Nao
242,Pedagogia,2,Presencial,Manha,8.6,74.2,100,7.4,8,44,10,Sim
4925,Engenharia de Software,4,Hibrida,Manha,10.4,83.3,58.1,7.5,9,0,90,Nao
5610,Enfermagem,3,Presencial,Noite,0.7,91.8,49.3,4.4,0,30,20,Nao
6741,Engenharia de Software,1,Hibrida,Manha,8.3,85.3,59.9,4.2,8,44,15,Nao
9057,Enfermagem,4,Hibrida,Noite,10.1,79.7,76.3,2.7,13,44,10,Nao
9521,Enfermagem,7,Presencial,Noite,8.2,98.4,91.7,4.6,9,0,90,Sim
280,Administracao,7,Presencial,Manha,4.7,85.7,59.0,5.9,0,30,10,Nao
8692,Engenharia Civil,8,Hibrida,Manha,10.7,82.8,100,8.7,7,20,60,Sim
6000,Administracao,6,EAD,Noite,3.8,91.6,83.1,7.2,0,40,0,Nao
493,Pedagogia,2,Presencial,Manha,2.4,96.2,59.8,5.6,5,44,60,Nao
8067,Engenharia Civil,4,Hibrida,Noite,5.5,70.6,78.0,6.0,5,44,90,Nao
6595,Administracao,4,Hibrida,Manha,7.9,83.5,54.2,4.8,9,30,120,Nao
9696,Enfermagem,6,Hibrida,Manha,,85.4,82.9,5.8,6,20,90,Sim
5651,Engenharia Civil,6,Presencial,Noite,1.6,67.9,38.9,4.0,2,0,45,Sim
6290,Administracao,7,Presencial,Noite,10.9,84.4,94.5,8.6,4,0,90,Sim
2537,Pedagogia,2,EAD,Noite,6.4,98.7,70.4,4.6,1,0,0,Sim
3349,Enfermagem,5,Presencial,Noite,9.2,89.2,68.9,,8,44,60,Nao
1389,Engenharia Civil,2,EAD,Manha,5.4,100,45.4,6.4,7,20,0,Sim
8102,Administracao,5,EAD,Noite,0.6,58.6,36.7,5.3,1,44,0,Nao
1320,Pedagogia,5,Presencial,Manha,6.5,80.7,49.0,6.9,1,44,45,Nao
5245,Pedagogia,8,EAD,Manha,4.0,100,64.0,4.6,0,20,0,Nao
5011,Administracao,4,Hibrida,Noite,3.9,77.7,45.1,3.3,1,20,10,Sim
3453,Enfermagem,6,Hibrida,Manha,6.3,86.7,73.2,3.0,5,20,30,Nao
5293,Enfermagem,6,Presencial,Manha,14.7,99.1,98.8,9.0,4,0,60,Sim
947,Administracao,4,Hibrida,Noite,0.2,78.3,53.9,6.6,3,40,60,Nao
6192,Pedagogia,1,Presencial,Manha,9.3,86.1,88.6,5.8,11,30,,Sim
2902,Enfermagem,7,Hibrida,Noite,5.0,81.2,66.9,9.0,6,0,45,Nao
7939,Engenharia Civil,2,EAD,Noite,5.5,89.6,87.3,6.4,5,20,0,Sim
8723,Engenharia Civil,5,Presencial,Manha,10.9,87.5,76.4,6.3,14,20,30,Sim
3722,Pedagogia,3,Hibrida,Noite,2.8,77.0,47.5,3.9,7,40,60,Nao
8450,Engenharia de Software,2,Presencial,Noite,6.4,91.2,100,6.8,13,44,30,Sim
469,Administracao,7,Hibrida,Noite,0.2,89.7,66.9,8.5,0,20,45,Nao
4179,Enfermagem,3,Presencial,Manha,3.4,86.6,60.3,7.6,4,0,20,Nao
9919,Administracao,7,Hibrida,Noite,13.2,58.6,100,4.0,12,20,90,Sim
8228,Pedagogia,8,Presencial,Manha,6.3,57.9,,10,7,44,60,Nao
1994,Enfermagem,7,Presencial,Manha,9.3,88.4,57.3,7.8,8,0,30,Sim
7571,Engenharia de Software,4,Presencial,Manha,0.2,89.9,70.4,10.0,8,44,30,Sim
522,Engenharia Civil,5,Presencial,Manha,11.3,85.8,60.7,7.5,10,30,10,Sim
7123,Engenharia Civil,3,Hibrida,Manha,7.0,96.6,74.5,4.3,9,0,45,Sim
4132,Engenharia Civil,4,Presencial,Noite,5.0,51.6,72.2,6.7,5,44,45,Nao
4871,Engenharia Civil,2,Hibrida,Noite,14.8,81.5,100,9.7,12,20,120,Sim
2768,Pedagogia,8,Hibrida,Noite,5.0,91.0,35.6,4.3,6,20,30,Nao
9251,Enfermagem,2,Presencial,Manha,12.9,94.8,91.8,9.3,5,0,20,Sim
1595,Administracao,3,Presencial,Noite,9.6,82.1,82.4,7.7,8,0,20,Sim
5136,Engenharia de Software,3,Presencial,Noite,,71.4,52.6,3.8,7,44,30,Nao
6115,Enfermagem,8,Presencial,Manha,8.5,75.4,85.6,6.1,10,40,30,Sim
8625,Engenharia Civil,1,Hibrida,Manha,5.7,90.4,63.9,5.6,4,40,20,Nao
2414,Enfermagem,7,Presencial,Manha,7.9,100,75.3,6.7,7,0,10,Nao
9899,Engenharia de Software,6,Hibrida,Noite,2.5,100,61.1,7.3,2,20,120,Sim
8479,Engenharia de Software,4,Presencial,Noite,2.3,77.2,100,6.8,3,30,120,Sim
1768,Pedagogia,1,Presencial,Noite,14.3,87.9,100,4.7,7,0,45,Sim
8365,Administracao,5,Presencial,Manha,6.1,66.6,70.4,5.0,7,40,15,Nao
8354,Enfermagem,3,Presencial,Noite,4.3,77.3,56.9,5.7,10,30,45,Nao
8423,Administracao,1,Presencial,Noite,1.9,96.9,51.1,5.7,0,40,90,Sim
7407,Administracao,3,EAD,Manha,9.7,91.8,60.1,6.7,5,30,0,Nao
6662,Enfermagem,5,Hibrida,Manha,,88.6,81.0,3.6,1,20,60,Nao
3946,Engenharia Civil,3,Presencial,Manha,3.7,74.2,77.5,5.4,5,30,20,Nao
3565,Engenharia de Software,1,Hibrida,Manha,8.5,77.5,68.1,2.7,10,0,30,Nao
1160,Engenharia de Software,2,Presencial,Noite,5.0,88.9,87.4,4.5,2,0,20,Sim
7255,Administracao,3,Presencial,Manha,6.1,75.0,75.0,7.4,6,40,15,Sim
770,Engenharia Civil,5,Hibrida,Noite,11.8,80.8,76.8,7.2,9,20,30,Sim
5204,Pedagogia,4,Hibrida,Manha,9.6,80.4,89.7,8.9,11,40,15,Sim
6775,Administracao,1,Presencial,Noite,10.5,93.9,60.1,6.8,6,0,30,Sim
844,Engenharia de Software,6,Hibrida,Manha,9.2,67.0,75.6,8.1,7,44,90,Sim
1236,Administracao,6,Presencial,Manha,4.0,96.1,61.7,5.0,12,30,30,Nao
5126,Engenharia Civil,5,Hibrida,Manha,14.3,80.8,100,5.3,7,0,120,Nao
8594,Engenharia Civil,6,EAD,Manha,11.4,77.0,81.3,5.5,5,0,0,Nao
5680,Enfermagem,7,Presencial,Manha,12.0,71.8,98.3,3.4,6,40,10,Sim
2908,Engenharia Civil,8,Presencial,Manha,5.6,92.5,74.0,6.8,10,40,15,Sim
3546,Pedagogia,8,Hibrida,Noite,7.0,90.9,56.2,5.0,6,0,120,Nao
8928,Engenharia de Software,5,Hibrida,Noite,6.4,90.5,73.8,8.8,7,0,120,Nao
9868,Engenharia Civil,5,Hibrida,Noite,8.3,65.8,67.2,5.3,8,30,10,Nao
7234,Engenharia de Software,8,Presencial,Manha,4.6,66.7,82.9,7.8,2,40,20,Nao
4003,Engenharia Civil,8,Hibrida,Manha,2.5,63.6,65.0,3.0,5,40,120,Nao
3697,Administracao,7,Presencial,Noite,4.4,63.8,72.3,5.6,0,40,15,Nao
9571,Engenharia Civil,6,Presencial,Manha,1.6,84.5,66.6,9.2,11,40,20,Sim
5904,Engenharia de Software,6,Presencial,Noite,7.2,81.8,71.6,6.1,3,30,10,Sim
7322,Enfermagem,5,Presencial,Noite,10.6,100,88.7,6.4,10,0,15,Sim
4996,Administracao,1,Presencial,Noite,9.3,92.1,77.6,3.8,4,20,30,Sim
3758,Engenharia de Software,3,EAD,Noite,5.6,88.7,78.0,6.5,7,30,0,Sim
9153,Engenharia Civil,5,Presencial,Manha,12.3,90.8,98.7,7.6,6,40,15,Sim
3107,Administracao,4,Hibrida,Noite,8.6,93.8,77.3,4.7,10,30,120,Nao
4009,Engenharia de Software,2,Hibrida,Manha,2.9,63.3,76.5,6.6,1,30,15,Nao
9232,Engenharia Civil,6,Hibrida,Manha,2.0,70.9,82.3,6.0,5,40,15,Nao
3315,Pedagogia,4,EAD,Noite,3.6,63.7,67.8,7.6,4,40,0,Sim
5043,Engenharia de Software,2,Presencial,Manha,11.8,87.0,100,4.5,9,30,90,Sim
2932,Enfermagem,8,Presencial,Noite,7.1,86.4,99.0,6.6,11,20,60,Sim
7239,Pedagogia,1,Hibrida,Manha,2.0,82.8,58.1,3.4,3,40,60,Nao
1151,Administracao,7,EAD,Manha,7.9,82.1,62.0,3.9,6,0,0,Nao
9316,Enfermagem,8,Presencial,Manha,3.8,98.0,87.5,7.3,5,44,30,Sim
5112,Engenharia de Software,6,Hibrida,Noite,8.7,88.1,80.6,9.0,6,40,30,Sim
3971,Engenharia Civil,3,Presencial,Noite,6.8,82.9,65.0,5.1,6,0,15,Nao
1482,Administracao,2,EAD,Manha,6.4,87.3,,6.4,5,0,0,Nao
2316,Engenharia de Software,7,Hibrida,Manha,9.2,69.1,,6.0,10,44,90,Sim
7453,Pedagogia,6,Presencial,Noite,8.1,86.1,71.2,8.5,4,0,10,Sim
5151,Pedagogia,7,Hibrida,Noite,0.4,69.8,51.5,8.4,1,44,20,Nao
6331,Pedagogia,3,Presencial,Noite,2.7,93.3,82.8,7.6,4,30,120,Sim
7461,Engenharia Civil,1,Hibrida,Noite,3.8,84.4,82.8,7.3,9,20,30,Sim
923,Engenharia de Software,3,EAD,Manha,0.2,84.6,63.4,6.2,3,20,,Nao
6144,Engenharia Civil,3,Hibrida,Manha,8.9,76.9,95.4,5.3,5,20,20,Nao
6070,Administracao,1,EAD,Manha,15.1,74.0,72.6,4.8,12,40,0,Sim
7116,Administracao,6,Hibrida,Manha,7.2,68.1,72.9,6.1,6,20,20,Sim
1493,Administracao,7,Hibrida,Noite,13.6,71.3,100,6.6,13,0,10,Sim
5287,Engenharia de Software,8,Presencial,Noite,10.4,72.2,96.1,5.8,5,44,,Nao
1717,Engenharia Civil,7,EAD,Noite,10.7,87.7,87.9,7.2,3,20,0,Sim
3989,Engenharia de Software,2,Hibrida,Manha,3.3,85.2,68.5,9.0,4,0,30,Nao
8515,Engenharia de Software,6,Presencial,Manha,6.2,83.8,74.3,9.6,11,20,45,Sim
2499,Pedagogia,7,Presencial,Noite,1.2,73.4,60.6,9.4,5,40,60,Nao
5075,Engenharia Civil,8,Presencial,Noite,3.0,86.5,49.7,2.8,4,0,90,Nao
378,Pedagogia,5,Presencial,Noite,6.2,78.1,77.4,5.5,9,0,10,Sim
3802,Engenharia Civil,1,Hibrida,Noite,6.7,77.5,90.1,8.0,6,20,10,Sim
7879,Enfermagem,3,Hibrida,Noite,5.5,80.7,72.9,2.7,9,30,,Nao
6993,Pedagogia,6,Presencial,Noite,6.3,78.4,94.7,7.5,7,30,30,Sim
7118,Administracao,4,EAD,Noite,,74.8,85.1,4.9,6,44,0,Nao
7368,Engenharia Civil,5,Presencial,Manha,6.9,81.6,51.1,6.9,8,40,10,Nao
576,Engenharia de Software,5,Hibrida,Noite,6.7,80.6,84.5,7.6,3,0,90,Sim
7680,Engenharia Civil,1,EAD,Manha,3.6,63.7,95.1,5.7,4,40,0,Nao
1782,Enfermagem,4,EAD,Manha,10.1,100,62.6,6.8,8,0,0,Nao
4053,Engenharia Civil,5,Presencial,Noite,9.3,72.1,69.4,5.1,0,30,15,Nao
6947,Engenharia de Software,5,Hibrida,Noite,6.0,67.1,65.7,6.0,0,20,30,Nao
9334,Engenharia Civil,6,Presencial,Manha,9.7,92.6,57.5,7.4,2,44,60,Nao
4635,Engenharia de Software,1,Hibrida,Manha,7.2,76.4,86.7,5.9,11,40,15,Sim
9488,Engenharia Civil,1,Presencial,Manha,6.1,63.7,54.0,2.4,1,0,30,Nao
8089,Administracao,7,EAD,Manha,0.2,80.6,51.4,8.9,4,30,0,Nao
548,Enfermagem,7,Presencial,Manha,15.2,81.6,93.3,6.2,10,20,10,Sim
8706,Enfermagem,7,Hibrida,Manha,5.2,93.9,84.2,6.6,7,0,10,Sim
5160,Engenharia Civil,2,Presencial,Noite,4.0,92.5,84.9,3.4,3,0,120,Nao
4650,Engenharia Civil,3,EAD,Manha,0.2,92.2,64.9,6.6,8,44,0,Nao
2847,Pedagogia,1,Presencial,Noite,7.4,97.4,90.5,6.1,5,44,60,Sim
1477,Administracao,1,Presencial,Manha,5.7,87.2,37.7,5.1,0,20,120,Nao
369,Pedagogia,5,Presencial,Noite,4.5,88.5,34.5,7.3,9,40,120,Sim
3348,Pedagogia,8,Hibrida,Manha,7.4,66.1,70.7,5.0,8,30,120,Nao
667,Engenharia de Software,3,EAD,Manha,6.5,81.4,70.7,4.9,4,40,0,Nao
3559,Pedagogia,5,Hibrida,Noite,12.1,75.6,85.7,4.4,10,30,30,Nao
5264,Engenharia Civil,1,Hibrida,Noite,5.3,83.9,39.2,6.3,8,30,45,Sim
9711,Engenharia de Software,8,EAD,Manha,8.1,96.9,77.5,4.0,6,0,0,Nao
436,Enfermagem,4,Presencial,Noite,7.3,88.7,73.2,8.0,8,0,60,Sim
1523,Pedagogia,4,Hibrida,Noite,0.2,76.4,43.9,7.0,0,44,45,Nao
6821,Engenharia Civil,1,Presencial,Manha,10.6,73.8,87.7,6.4,11,44,15,Sim
9703,Pedagogia,8,Presencial,Noite,4.9,89.2,89.3,6.9,1,44,60,Sim
7533,Pedagogia,3,EAD,Noite,5.5,85.3,67.8,5.4,0,44,0,Sim
1813,Pedagogia,7,Hibrida,Manha,8.4,86.1,85.3,7.1,9,30,90,Sim
6784,Administracao,8,Hibrida,Manha,4.3,96.2,70.6,4.3,6,30,10,Nao
7432,Administracao,3,Hibrida,Manha,,86.1,100,6.1,4,40,30,Nao
9750,Pedagogia,4,Presencial,Noite,9.7,69.3,68.7,4.2,8,44,120,Nao
4134,Administracao,8,Presencial,Noite,6.8,83.8,92.0,6.2,2,0,10,Nao
8694,Enfermagem,6,Presencial,Noite,10.8,96.4,100,4.8,6,0,30,Sim
2075,Engenharia de Software,8,Presencial,Manha,9.9,92.6,57.2,4.3,7,0,30,Nao
654,Pedagogia,3,Presencial,Manha,1.3,80.8,72.4,7.1,5,20,15,Sim
3284,Enfermagem,5,Presencial,Manha,6.0,67.7,69.2,10,5,40,30,Sim
6257,Pedagogia,1,Hibrida,Manha,6.4,78.2,78.5,5.8,2,0,90,Nao
8786,Enfermagem,6,Presencial,Noite,3.7,84.8,63.7,7.7,5,44,45,Nao
6162,Enfermagem,1,Presencial,Noite,12.7,86.3,99.9,7.8,8,0,30,Sim
4596,Pedagogia,1,Presencial,Noite,4.6,74.5,82.8,6.9,9,40,20,Nao
8607,Administracao,5,Presencial,Manha,,98.8,96.6,4.0,2,0,10,Nao
1222,Engenharia Civil,2,Hibrida,Noite,11.5,85.8,65.4,7.3,13,20,10,Sim
568,Engenharia de Software,5,Presencial,Manha,7.9,70.4,91.9,7.4,8,40,15,Sim
984,Enfermagem,3,Presencial,Manha,5.7,80.6,84.8,4.4,7,40,120,Sim
5062,Pedagogia,5,EAD,Noite,5.9,93.6,63.1,9.1,4,0,0,Nao
833,Engenharia de Software,1,Presencial,Manha,0.2,85.3,,6.1,0,40,10,Sim
5944,Engenharia Civil,1,Presencial,Manha,12.2,88.9,80.7,3.2,14,0,10,Nao
3323,Pedagogia,8,Presencial,Manha,10.4,82.7,89.0,6.6,12,0,120,Sim
2800,Engenharia Civil,5,Hibrida,Manha,4.2,83.0,91.9,7.2,0,30,30,Sim
5452,Engenharia de Software,7,Hibrida,Noite,3.9,92.9,54.4,7.4,6,20,60,Nao
97,Engenharia Civil,7,Presencial,Manha,8.8,84.2,92.1,8.1,2,40,15,Nao
5722,Engenharia Civil,4,Presencial,Manha,3.3,68.3,78.3,5.2,6,44,90,Nao
2446,Pedagogia,7,Presencial,Noite,7.4,78.4,65.1,,4,40,20,Nao
3851,Engenharia de Software,7,Presencial,Manha,2.5,74.5,87.7,4.6,7,20,20,Nao
5341,Engenharia de Software,5,Presencial,Manha,4.8,71.3,81.1,6.3,5,20,90,Nao
3103,Administracao,1,Presencial,Noite,6.7,77.3,80.9,4.6,5,44,45,Sim
3406,Enfermagem,8,Hibrida,Noite,,73.5,82.5,5.4,6,20,15,Sim
9592,Pedagogia,7,Presencial,Manha,,78.5,100,6.7,3,30,60,Nao
9070,Pedagogia,4,Presencial,Noite,11.3,100,100,6.3,7,0,120,Sim
2039,Administracao,6,Presencial,Noite,1.0,81.7,51.0,9.2,0,40,10,Nao
8948,Engenharia Civil,4,Presencial,Noite,7.7,89.4,56.4,8.1,3,0,45,Sim
2107,Engenharia Civil,4,Presencial,Noite,10.3,100,66.6,7.4,8,40,15,Sim
2816,Pedagogia,8,EAD,Manha,5.9,77.4,58.9,6.5,8,30,0,Nao
3882,Engenharia de Software,3,Hibrida,Noite,5.5,79.6,40.5,6.1,4,30,20,Nao
3328,Pedagogia,2,Hibrida,Manha,4.4,85.2,70.3,8.1,7,30,30,Sim
5281,Engenharia Civil,7,Presencial,Noite,4.0,79.1,66.6,6.4,12,44,15,Sim
5398,Enfermagem,6,Presencial,Manha,0.2,76.4,46.8,7.6,0,0,,Nao
5536,Engenharia de Software,7,Presencial,Noite,4.2,73.6,94.1,5.1,3,44,45,Nao
8214,Enfermagem,5,Presencial,Manha,13.4,80.0,100,6.7,5,0,15,Nao
9775,Engenharia de Software,1,Presencial,Noite,4.1,61.1,,6.3,2,30,60,Nao
8866,Enfermagem,5,Presencial,Noite,7.2,59.9,68.6,6.8,4,44,90,Nao
8503,Enfermagem,2,Presencial,Manha,7.3,90.1,37.4,8.7,7,0,15,Sim
5130,Enfermagem,1,Hibrida,Manha,9.1,76.1,69.9,5.9,6,20,60,Nao
7252,Pedagogia,2,Presencial,Noite,11.6,86.8,95.6,8.6,12,44,45,Nao
9579,Engenharia de Software,8,Presencial,Manha,1.7,92.4,34.2,2.2,3,40,60,Nao
6628,Pedagogia,2,Hibrida,Manha,5.2,74.2,85.6,8.3,6,30,120,Sim
9259,Engenharia de Software,1,Presencial,Manha,7.5,52.1,78.2,7.2,5,20,90,Nao
8403,Enfermagem,2,Hibrida,Manha,6.9,90.7,38.3,7.6,10,0,60,Nao
2918,Administracao,5,Presencial,Noite,12.6,75.0,100,6.1,6,0,120,Sim
6165,Engenharia Civil,6,EAD,Manha,5.6,97.4,80.0,5.9,3,44,0,Sim
302,Administracao,4,Presencial,Noite,7.1,91.1,78.4,4.9,6,0,15,Nao
3734,Engenharia de Software,4,EAD,Noite,9.6,83.5,85.9,6.9,8,20,0,Sim
6833,Pedagogia,6,Presencial,Noite,10.2,94.0,100,7.4,10,0,10,Sim
512,Enfermagem,8,Hibrida,Noite,2.2,93.8,89.1,6.9,1,20,90,Sim
600,Engenharia Civil,5,Presencial,Manha,4.6,87.2,60.8,5.9,5,40,120,Nao
7548,Engenharia de Software,1,Presencial,Manha,6.6,83.8,72.1,9.3,5,44,20,Nao
7040,Engenharia Civil,2,Presencial,Manha,9.7,76.7,67.2,9.6,8,20,45,Sim
8721,Engenharia de Software,7,Presencial,Manha,10.3,54.1,52.1,3.5,8,0,90,Nao
7993,Engenharia Civil,5,EAD,Manha,13.8,91.0,100,4.2,11,0,0,Sim
1209,Administracao,3,Presencial,Manha,8.0,83.9,100,4.4,9,30,20,Sim
6608,Pedagogia,1,Presencial,Manha,11.4,85.5,86.1,9.1,13,30,10,Sim
4100,Enfermagem,3,Hibrida,Manha,4.8,84.1,83.5,5.0,10,20,15,Sim
5325,Engenharia Civil,7,Presencial,Noite,7.6,76.2,57.0,2.8,8,30,45,Nao
8788,Administracao,6,Hibrida,Manha,3.5,82.0,63.7,7.4,0,20,90,Nao
494,Administracao,8,Presencial,Noite,11.3,88.2,81.3,5.7,12,0,90,Sim
563,Pedagogia,4,Presencial,Noite,9.6,84.2,88.2,7.8,0,0,60,Nao
9036,Enfermagem,1,EAD,Noite,9.3,84.1,75.1,8.7,6,0,0,Nao
4937,Administracao,6,Presencial,Noite,4.6,65.9,99.8,6.3,5,0,30,Sim
991,Engenharia de Software,2,Presencial,Manha,2.2,79.2,79.1,7.0,3,40,60,Nao
3850,Administracao,7,Presencial,Noite,3.7,77.8,87.6,3.5,10,44,45,Nao
147,Pedagogia,2,Presencial,Manha,5.0,84.8,55.6,5.2,9,20,90,Nao
4678,Administracao,8,Presencial,Noite,11.1,85.2,67.4,9.0,5,0,30,Sim
6494,Pedagogia,2,Hibrida,Noite,6.0,84.1,70.5,7.1,6,30,10,Sim
2385,Engenharia de Software,2,EAD,Manha,6.3,56.9,70.2,9.2,3,44,0,Nao
9644,Enfermagem,1,Presencial,Manha,8.1,81.6,63.7,6.8,10,40,120,Nao
8433,Administracao,3,Hibrida,Noite,12.8,100,69.3,8.4,8,0,15,Sim
6461,Engenharia de Software,4,Presencial,Manha,11.0,87.1,83.2,1.7,10,40,20,Nao
247,Engenharia Civil,8,Hibrida,Manha,4.2,91.9,71.8,2.2,12,30,10,Nao
4256,Administracao,2,Hibrida,Noite,3.2,66.0,65.2,8.0,3,0,120,Nao
5687,Engenharia Civil,2,EAD,Manha,11.3,68.8,81.1,5.3,9,44,0,Nao
3066,Administracao,6,Hibrida,Noite,10.0,93.4,85.7,6.2,10,40,20,Nao
4975,Enfermagem,2,Presencial,Noite,8.2,71.4,59.2,4.6,8,30,10,Nao
1454,Pedagogia,6,Hibrida,Manha,3.6,91.6,72.5,3.7,7,30,120,Nao
3702,Administracao,1,Presencial,Noite,3.1,74.7,82.9,3.1,3,20,45,Sim
4335,Engenharia Civil,6,Hibrida,Manha,0.2,71.5,74.9,3.5,3,40,15,Nao
3082,Engenharia Civil,3,Hibrida,Manha,6.9,100,89.6,7.6,7,0,90,Sim
96,Enfermagem,3,EAD,Noite,9.2,97.1,83.2,6.9,11,44,0,Nao
6210,Engenharia de Software,8,EAD,Noite,11.2,74.6,62.7,5.3,11,0,0,Nao
6288,Enfermagem,2,Presencial,Noite,3.1,73.3,53.5,9.0,1,44,30,Nao
8526,Pedagogia,3,EAD,Noite,2.1,89.3,87.9,5.8,5,30,0,Sim
5343,Engenharia de Software,5,Presencial,Manha,8.4,68.3,74.6,8.8,8,44,45,Nao
5186,Pedagogia,5,Presencial,Manha,3.9,97.3,61.4,5.8,0,40,10,Nao
7051,Pedagogia,5,Presencial,Noite,3.0,70.6,92.2,8.1,4,44,10,Nao
3600,Engenharia Civil,7,Presencial,Manha,4.7,92.0,74.1,8.1,6,44,60,Sim
1507,Administracao,1,Hibrida,Noite,7.5,78.2,90.8,5.1,7,0,20,Sim
6852,Engenharia de Software,5,Presencial,Manha,8.8,87.0,81.2,3.6,5,44,90,Nao
5892,Administracao,7,Hibrida,Noite,2.4,98.6,54.0,5.5,7,40,90,Nao
8589,Enfermagem,1,EAD,Manha,0.2,81.4,100,8.9,1,44,0,Nao
6049,Pedagogia,7,Presencial,Manha,13.1,70.9,100,4.4,11,0,20,Sim
2835,Administracao,3,Hibrida,Noite,12.6,87.4,62.9,6.0,14,0,120,Nao
1431,Pedagogia,7,EAD,Manha,4.3,81.5,70.1,4.1,2,40,0,Nao
8654,Engenharia de Software,4,Hibrida,Noite,9.7,94.5,65.6,7.2,6,20,120,Sim
2991,Administracao,4,Hibrida,Noite,5.8,91.3,82.4,4.3,7,0,10,Nao
7028,Pedagogia,6,EAD,Manha,,87.1,89.5,7.3,8,0,0,Sim
4669,Engenharia Civil,8,Hibrida,Noite,0.2,88.7,91.2,2.2,3,20,10,Nao
495,Engenharia de Software,3,Hibrida,Manha,7.3,75.9,54.4,8.0,6,44,90,Sim
2949,Enfermagem,3,EAD,Manha,3.1,81.7,73.6,4.1,11,40,0,Nao
7878,Engenharia Civil,2,Hibrida,Manha,3.4,99.9,66.7,6.7,0,44,20,Nao
2739,Engenharia de Software,2,Hibrida,Manha,10.0,75.1,69.3,7.7,9,0,30,Sim
3925,Pedagogia,3,Presencial,Noite,3.3,76.6,67.7,7.2,4,44,120,Sim
6175,Engenharia Civil,2,Hibrida,Manha,9.5,95.6,64.9,9.1,12,0,120,Sim
6583,Enfermagem,6,Hibrida,Manha,,88.8,91.1,8.9,4,20,,Sim
7226,Engenharia de Software,7,Presencial,Manha,7.0,78.4,72.1,4.2,10,30,60,Sim
2554,Engenharia Civil,3,Presencial,Noite,6.4,87.0,90.7,6.6,3,44,60,Sim
9095,Engenharia de Software,3,Hibrida,Manha,7.7,81.0,100,4.6,6,30,15,Nao
4945,Pedagogia,3,Presencial,Noite,6.4,97.9,80.7,7.3,0,0,45,Sim
1804,Administracao,7,Presencial,Noite,4.6,91.6,48.5,3.8,8,40,30,Nao
6959,Engenharia Civil,3,EAD,Noite,4.7,93.9,92.6,6.7,6,44,0,Sim
6798,Engenharia de Software,5,Hibrida,Noite,10.5,87.1,84.6,3.9,8,20,120,Sim
1503,Enfermagem,2,Hibrida,Manha,11.0,88.1,48.2,7.0,9,0,45,Sim
4753,Enfermagem,7,Hibrida,Noite,6.6,69.9,90.6,6.2,7,0,30,Sim
5228,Administracao,5,Presencial,Manha,4.3,78.9,71.7,7.1,5,30,10,Sim
6570,Engenharia Civil,1,EAD,Noite,16.3,93.4,100,9.1,12,0,0,Sim
7138,Pedagogia,8,Presencial,Manha,7.8,100,67.8,4.0,13,0,45,Sim
1298,Engenharia Civil,3,Presencial,Noite,1.9,86.8,62.3,4.9,3,0,60,Nao
3485,Engenharia de Software,7,Presencial,Noite,3.2,78.2,89.5,6.2,10,30,20,Nao
2044,Engenharia de Software,5,Presencial,Manha,5.4,92.6,92.9,4.0,5,20,45,Nao
5497,Engenharia Civil,3,Presencial,Noite,8.9,94.4,70.5,4.8,10,0,20,Nao
3326,Administracao,5,Hibrida,Noite,7.4,82.1,68.3,8.9,7,0,30,Nao
5568,Enfermagem,6,Presencial,Manha,5.1,73.5,65.4,5.5,3,40,60,Nao
9058,Pedagogia,1,Presencial,Manha,4.1,87.3,26.7,4.7,2,0,10,Nao
2585,Engenharia Civil,6,EAD,Manha,4.0,70.1,94.1,5.0,6,40,0,Sim
6237,Enfermagem,7,Presencial,Noite,7.9,95.5,82.4,8.4,9,30,90,Nao
2692,Engenharia Civil,6,Hibrida,Noite,4.8,56.6,96.3,7.3,5,30,20,Nao
4244,Engenharia de Software,5,EAD,Noite,12.2,69.8,96.8,6.7,3,20,0,Sim
977,Administracao,1,Presencial,Noite,6.8,97.7,80.1,7.2,11,44,90,Sim
141,Pedagogia,1,EAD,Noite,10.3,93.4,100,7.8,10,20,0,Nao
3558,Pedagogia,5,Hibrida,Manha,5.3,100,37.9,6.9,4,0,90,Sim
7984,Engenharia de Software,4,Presencial,Noite,9.7,74.0,73.5,6.6,7,40,120,Nao
1192,Pedagogia,4,Presencial,Noite,8.7,88.9,100,5.6,9,30,45,Nao
6190,Engenharia Civil,1,Hibrida,Noite,4.2,73.1,81.5,7.9,4,20,20,Nao
408,Administracao,2,EAD,Noite,9.5,80.4,87.3,3.9,5,30,0,Nao
7375,Administracao,4,Hibrida,Manha,4.0,85.5,64.4,6.2,8,30,90,Nao
5476,Engenharia Civil,8,Presencial,Manha,10.9,84.0,96.2,5.6,7,30,45,Nao
5472,Administracao,7,Hibrida,Noite,9.7,81.8,100,6.3,0,20,15,Nao
5527,Enfermagem,7,Hibrida,Manha,0.2,69.2,84.4,6.9,4,20,30,Sim
8431,Engenharia de Software,7,Presencial,Manha,0.6,80.7,69.5,5.1,1,30,10,Nao
2760,Administracao,4,Hibrida,Manha,1.6,67.4,57.9,6.7,5,20,30,Nao
4555,Engenharia Civil,8,EAD,Noite,4.3,85.4,80.2,4.8,2,44,0,Nao
1554,Enfermagem,5,EAD,Noite,2.6,85.1,78.3,8.5,4,20,0,Nao
2241,Administracao,3,Presencial,Noite,13.5,56.8,91.7,5.9,,30,20,Sim
144,Administracao,6,Presencial,Noite,6.6,93.8,65.4,8.7,0,0,30,Sim
9611,Administracao,4,Hibrida,Noite,10.4,100,100,3.6,4,30,30,Sim
394,Pedagogia,4,Hibrida,Manha,7.7,56.1,87.5,5.7,4,44,45,Nao
8082,Administracao,3,EAD,Manha,5.4,100,93.2,5.6,3,44,0,Sim
824,Enfermagem,4,Presencial,Noite,7.3,100,100,7.1,1,0,15,Nao
6630,Engenharia de Software,6,Hibrida,Noite,11.9,98.3,77.1,7.6,17,0,60,Sim
6754,Enfermagem,2,Hibrida,Manha,2.6,100,42.1,3.9,5,40,120,Nao
2428,Administracao,7,Hibrida,Manha,4.5,71.5,52.1,4.8,6,0,45,Nao
5095,Pedagogia,2,Presencial,Noite,12.2,69.2,98.5,8.0,9,0,45,Nao
9708,Enfermagem,3,Presencial,Manha,6.2,71.3,79.5,,13,44,30,Nao
3599,Engenharia Civil,7,Presencial,Noite,11.3,100,100,4.9,12,0,60,Sim
3080,Pedagogia,3,Presencial,Manha,6.0,64.8,87.6,5.0,6,0,120,Nao
1979,Pedagogia,8,Presencial,Manha,5.1,100,57.2,6.7,2,0,45,Nao
7411,Pedagogia,6,Presencial,Manha,1.6,88.3,57.8,7.2,4,0,45,Nao
1871,Pedagogia,1,Presencial,Manha,8.8,84.0,95.5,5.0,1,0,20,Nao
6125,Pedagogia,6,EAD,Manha,4.8,93.4,91.4,4.9,11,40,0,Sim
6122,Engenharia Civil,4,EAD,Manha,0.2,100,78.2,6.1,0,30,0,Sim
99,Administracao,3,Hibrida,Noite,6.0,92.2,78.9,5.3,3,20,10,Nao
7042,Administracao,5,Hibrida,Noite,8.2,81.8,79.0,4.2,7,0,120,Nao
8315,Enfermagem,6,EAD,Noite,8.9,73.4,71.7,5.9,0,0,0,Nao
4127,Engenharia de Software,2,Hibrida,Noite,11.1,81.8,84.5,8.0,5,0,120,Sim
1006,Engenharia de Software,7,Hibrida,Manha,7.2,93.8,69.5,4.5,8,0,10,Sim
4008,Engenharia de Software,2,Presencial,Noite,4.5,91.4,83.3,4.8,9,40,15,Sim
4535,Engenharia de Software,5,Presencial,Noite,5.8,98.6,67.0,7.7,5,40,10,Sim
8337,Administracao,5,Presencial,Manha,2.9,65.3,90.6,5.9,0,0,90,Nao
7897,Enfermagem,1,Presencial,Manha,5.7,100,63.0,6.0,5,20,15,Nao
445,Engenharia de Software,4,Presencial,Noite,4.8,84.7,88.8,6.6,5,20,20,Sim
4001,Engenharia de Software,5,EAD,Manha,9.2,92.8,27.7,7.3,10,0,0,Nao
2937,Administracao,1,EAD,Manha,6.4,78.7,77.0,6.6,2,0,0,Nao
775,Pedagogia,4,Presencial,Manha,8.9,65.1,71.7,7.1,11,20,120,Nao
9789,Enfermagem,1,EAD,Manha,4.7,70.2,78.0,6.4,3,44,0,Nao
5971,Engenharia Civil,7,Presencial,Noite,5.5,88.8,94.8,5.4,13,40,15,Sim
3510,Engenharia Civil,8,EAD,Manha,6.5,95.8,62.1,4.4,4,40,0,Nao
1542,Pedagogia,5,Presencial,Noite,8.3,93.9,,5.6,8,0,15,Nao
4101,Pedagogia,2,Presencial,Manha,,73.0,78.3,5.5,6,30,45,Nao
881,Administracao,1,EAD,Noite,4.2,91.1,66.0,3.9,0,44,0,Nao
2111,Administracao,8,Presencial,Noite,7.2,93.7,79.8,5.3,7,20,45,Nao
5163,Pedagogia,4,Hibrida,Noite,8.1,68.1,72.7,6.3,5,40,60,Nao
4129,Administracao,3,Hibrida,Manha,4.1,100,27.7,,0,44,90,Nao
9720,Engenharia de Software,1,Presencial,Noite,10.4,80.2,55.1,7.8,4,30,90,Sim
320,Engenharia Civil,7,Presencial,Manha,13.7,72.9,98.5,4.5,11,0,15,Sim
5908,Pedagogia,4,EAD,Noite,3.5,74.6,82.5,5.9,2,20,0,Nao
6342,Engenharia de Software,3,Presencial,Noite,2.2,97.0,92.1,4.4,0,44,120,Nao
9200,Engenharia de Software,1,Hibrida,Manha,8.6,88.7,69.0,9.4,11,0,90,Sim
9718,Pedagogia,2,Presencial,Manha,,87.0,88.0,3.7,7,30,60,Nao
1770,Pedagogia,7,Hibrida,Noite,,74.5,92.1,7.4,11,30,15,Nao
2074,Administracao,1,EAD,Manha,6.2,92.8,96.5,7.5,6,0,0,Sim
5540,Administracao,6,Hibrida,Manha,7.8,79.3,62.6,5.3,5,44,90,Nao
508,Engenharia de Software,8,Presencial,Noite,6.4,80.7,69.8,3.5,7,20,20,Nao
5017,Administracao,5,Presencial,Manha,12.1,80.5,100,4.9,12,0,90,Sim
4434,Engenharia de Software,1,Presencial,Manha,4.0,97.1,72.0,3.8,3,30,20,Nao
5182,Engenharia de Software,7,Hibrida,Noite,3.9,96.2,58.3,5.2,5,0,45,Sim
295,Engenharia de Software,8,Presencial,Noite,6.0,77.4,76.2,8.6,5,40,120,Nao
8408,Engenharia de Software,2,Hibrida,Manha,3.1,90.6,55.4,1.8,8,44,90,Nao
3595,Administracao,7,Hibrida,Manha,4.3,76.1,56.1,7.9,6,0,10,Nao
2628,Enfermagem,4,Presencial,Noite,12.1,62.7,78.0,4.2,4,0,15,Sim
4281,Enfermagem,8,Presencial,Noite,6.3,66.2,65.1,6.4,4,0,30,Nao
1059,Enfermagem,6,Presencial,Noite,9.5,74.0,71.1,7.4,13,20,10,Sim
916,Pedagogia,1,Presencial,Noite,5.0,72.1,64.6,6.8,3,0,15,Sim
7348,Enfermagem,5,Hibrida,Noite,9.0,90.3,70.4,6.9,5,40,120,Sim
2138,Pedagogia,5,Presencial,Noite,7.6,100,84.7,6.3,8,0,90,Sim
2834,Administracao,4,Presencial,Manha,8.9,71.5,61.3,7.2,11,0,60,Sim
3047,Engenharia Civil,4,Presencial,Manha,5.4,84.8,63.6,10,6,40,120,Nao
8281,Pedagogia,6,Hibrida,Manha,3.9,85.3,40.3,7.4,7,40,10,Sim
6027,Administracao,3,Hibrida,Noite,4.3,80.1,97.3,7.6,6,30,45,Sim
9586,Pedagogia,7,EAD,Noite,1.6,79.6,72.9,7.0,6,0,0,Nao
6030,Engenharia Civil,2,Presencial,Manha,12.9,68.7,86.0,8.0,8,0,30,Sim
6491,Engenharia de Software,2,Presencial,Manha,12.4,99.8,89.0,6.5,9,0,20,Sim
2310,Enfermagem,7,EAD,Manha,2.5,93.8,71.9,6.8,3,40,0,Sim
7552,Engenharia de Software,6,Hibrida,Noite,3.4,79.3,47.8,8.1,0,40,10,Nao
1636,Administracao,5,Hibrida,Manha,8.1,88.9,71.9,8.4,12,40,30,Sim
8845,Administracao,5,Hibrida,Manha,9.9,83.6,82.6,5.2,10,0,20,Sim
4042,Enfermagem,8,Hibrida,Manha,4.2,90.3,53.4,7.5,3,0,120,Nao
9871,Engenharia de Software,4,Presencial,Manha,7.1,76.3,83.4,8.2,1,0,90,Sim
6274,Administracao,6,EAD,Manha,7.4,71.7,85.0,7.0,6,30,0,Nao
3686,Engenharia de Software,6,Presencial,Manha,12.2,82.4,74.4,6.8,8,0,120,Sim
746,Engenharia Civil,8,Presencial,Manha,5.4,83.8,67.3,8.1,11,0,60,Sim
8208,Engenharia de Software,6,Presencial,Manha,5.6,80.1,33.5,6.2,6,20,15,Sim
7980,Enfermagem,5,Presencial,Noite,1.2,90.5,66.6,8.5,3,40,90,Sim
91,Enfermagem,1,Hibrida,Noite,8.6,99.8,74.2,7.2,7,20,30,Sim
8611,Administracao,4,Presencial,Noite,6.7,89.7,100,5.4,10,0,10,Nao
9042,Engenharia Civil,8,Presencial,Manha,6.8,79.7,62.6,3.9,5,40,15,Sim
7248,Administracao,6,EAD,Manha,4.2,83.3,,7.4,7,0,0,Sim
74,Engenharia de Software,7,Hibrida,Manha,8.4,64.0,68.5,5.6,10,20,45,Sim
7608,Engenharia de Software,3,EAD,Manha,2.8,76.8,28.7,9.4,2,30,0,Nao
8065,Engenharia Civil,2,Presencial,Noite,4.7,79.4,48.4,3.3,5,44,30,Nao
1028,Administracao,7,Presencial,Manha,10.3,71.4,94.1,5.4,4,0,15,Nao
1478,Engenharia de Software,2,Presencial,Manha,6.4,99.9,59.3,6.0,1,44,20,Sim
1914,Engenharia de Software,3,Hibrida,Manha,6.7,83.0,100,7.2,3,0,60,Sim
4882,Administracao,2,EAD,Manha,6.3,63.2,91.5,6.8,4,30,0,Nao
5780,Administracao,3,Hibrida,Manha,5.9,94.1,100,7.3,3,0,45,Sim
6963,Pedagogia,2,Presencial,Noite,7.2,77.7,57.5,6.8,9,44,20,Nao
533,Pedagogia,7,EAD,Noite,9.1,100,94.6,5.1,2,20,0,Sim
6250,Enfermagem,8,Presencial,Manha,,91.5,93.7,5.7,0,0,30,Nao
8310,Pedagogia,8,Presencial,Noite,5.2,98.6,71.0,7.4,4,0,90,Nao
652,Administracao,4,Presencial,Manha,,81.4,60.6,8.1,11,0,60,Sim
7503,Engenharia Civil,3,Presencial,Manha,5.7,93.4,95.6,7.2,3,0,90,Sim
6347,Pedagogia,6,Presencial,Noite,2.7,82.6,80.3,7.7,7,44,120,Sim
2639,Pedagogia,7,Hibrida,Manha,6.3,87.6,90.4,,11,30,30,Sim
1250,Engenharia de Software,7,Hibrida,Manha,9.3,91.4,93.0,4.6,14,30,20,Sim
2573,Engenharia de Software,3,Hibrida,Manha,12.4,100,100,7.2,5,0,120,Sim
2950,Enfermagem,6,Hibrida,Noite,9.6,80.2,63.2,8.4,7,44,45,Nao
1918,Administracao,7,Presencial,Manha,3.3,67.2,52.3,10,0,20,30,Nao
8814,Pedagogia,8,Hibrida,Noite,12.3,85.2,79.0,3.7,8,0,120,Sim
7947,Engenharia de Software,7,Hibrida,Manha,3.0,80.7,68.1,8.6,3,20,60,Nao
5340,Pedagogia,3,Presencial,Noite,12.1,96.5,92.0,4.6,6,20,15,Sim
5429,Administracao,7,Presencial,Noite,12.5,91.6,100,6.4,8,20,15,Sim
3078,Administracao,8,Presencial,Noite,5.5,97.0,75.8,5.8,7,40,20,Nao
6523,Enfermagem,1,EAD,Noite,0.7,97.0,61.8,4.5,2,20,0,Nao
3202,Administracao,5,Hibrida,Noite,8.6,100,57.2,8.5,9,0,120,Nao
288,Engenharia Civil,7,Presencial,Manha,6.9,79.0,74.5,5.2,3,40,60,Nao
5116,Enfermagem,7,Presencial,Manha,15.5,76.7,86.6,5.0,12,44,20,Sim
6707,Pedagogia,1,Hibrida,Noite,16.9,95.5,100,4.4,14,0,20,Sim
1038,Engenharia de Software,7,Presencial,Noite,5.4,98.3,35.8,6.0,4,44,60,Nao
2586,Administracao,1,Hibrida,Noite,0.2,90.8,60.5,4.6,6,40,90,Nao
5820,Engenharia Civil,4,EAD,Noite,4.9,72.9,100,4.1,5,0,0,Sim
2975,Administracao,4,Hibrida,Manha,4.9,82.1,56.7,5.8,3,20,15,Nao
4617,Administracao,1,Presencial,Manha,9.8,92.5,92.8,8.7,10,0,20,Sim
4625,Administracao,8,EAD,Manha,13.1,87.6,72.4,5.9,11,0,,Sim
3530,Engenharia de Software,8,Presencial,Noite,7.9,86.9,81.0,5.7,8,44,15,Nao
6869,Engenharia Civil,5,Presencial,Noite,9.1,60.6,100,2.8,12,44,15,Nao
4514,Pedagogia,7,Hibrida,Manha,6.2,85.6,51.7,5.9,5,44,30,Nao
686,Engenharia Civil,7,Presencial,Noite,7.8,75.2,54.0,,11,40,20,Sim
8272,Administracao,2,EAD,Manha,0.2,77.2,51.7,5.8,0,40,0,Nao
2861,Enfermagem,5,EAD,Manha,11.5,99.2,87.3,5.3,9,0,0,Sim
1958,Administracao,4,EAD,Noite,8.3,80.4,86.9,2.9,2,30,0,Nao
4016,Pedagogia,3,Presencial,Noite,9.7,64.9,94.4,8.1,5,0,90,Nao
7665,Enfermagem,7,EAD,Noite,7.1,83.2,57.2,6.8,9,0,0,Sim
2233,Pedagogia,4,Presencial,Noite,5.7,77.2,47.9,4.7,10,0,90,Sim
3392,Engenharia Civil,1,Presencial,Noite,9.7,75.3,89.0,7.0,4,40,15,Nao
6656,Enfermagem,2,Presencial,Manha,0.7,75.0,50.7,,1,44,20,Nao
4389,Pedagogia,2,Presencial,Noite,11.7,73.9,68.4,6.6,6,0,20,Nao
7364,Engenharia de Software,4,Hibrida,Noite,10.8,62.3,93.8,3.8,11,40,30,Sim
6473,Administracao,8,Hibrida,Noite,12.5,82.4,75.1,3.0,6,0,10,Sim
1462,Pedagogia,8,EAD,Manha,5.0,71.5,36.1,6.3,0,20,0,Nao
2754,Enfermagem,3,Presencial,Noite,9.9,81.5,86.0,7.3,8,0,45,Sim
2393,Administracao,5,Hibrida,Manha,12.4,92.6,67.0,9.7,9,0,30,Sim
9459,Enfermagem,8,Presencial,Manha,5.7,84.0,77.8,4.7,,20,90,Nao
3796,Pedagogia,2,Presencial,Manha,,93.5,68.8,5.3,4,0,90,Sim
4798,Enfermagem,7,Presencial,Noite,0.2,94.5,95.6,7.7,5,44,90,Sim
6135,Pedagogia,1,Presencial,Manha,4.6,100,34.7,2.3,12,20,10,Nao
6626,Enfermagem,5,Presencial,Noite,6.1,90.6,69.8,6.5,4,40,45,Nao
2356,Pedagogia,8,Presencial,Manha,6.3,77.8,63.2,5.0,5,0,90,Nao
4883,Engenharia Civil,6,Presencial,Noite,4.0,88.9,64.9,9.7,6,44,120,Nao
9071,Administracao,3,Presencial,Manha,9.5,99.4,89.1,3.0,14,0,90,Nao
1592,Enfermagem,4,Presencial,Noite,3.6,77.2,84.5,6.0,4,44,120,Nao
4377,Administracao,5,Presencial,Noite,0.5,71.1,60.5,5.7,1,30,30,Nao
2100,Pedagogia,5,Presencial,Noite,10.0,71.7,50.4,8.7,2,30,45,Nao
7983,Enfermagem,6,Presencial,Noite,9.9,70.7,100,4.8,10,0,30,Sim
4893,Pedagogia,4,Presencial,Manha,13.9,96.1,84.4,6.1,9,20,45,Sim
1749,Enfermagem,7,Presencial,Manha,11.1,89.7,80.7,5.7,9,0,30,Sim
4067,Administracao,3,Hibrida,Noite,4.0,71.5,50.6,8.0,1,44,90,Sim
2923,Engenharia de Software,2,Hibrida,Manha,,85.7,68.1,8.2,5,44,60,Sim
3503,Pedagogia,1,EAD,Noite,8.0,85.9,87.5,5.6,8,0,0,Sim
2353,Administracao,3,Presencial,Manha,1.8,65.9,91.1,8.3,3,40,15,Sim
5768,Engenharia Civil,3,Presencial,Manha,9.3,87.1,62.5,6.5,7,0,120,Nao
8023,Enfermagem,5,Hibrida,Manha,0.5,71.7,66.1,7.4,0,44,15,Nao
7235,Pedagogia,5,Presencial,Manha,12.4,85.5,85.4,7.1,11,0,10,Nao
2329,Engenharia Civil,1,Presencial,Manha,12.7,78.0,96.2,10,13,30,30,Sim
6978,Enfermagem,1,Presencial,Noite,8.5,95.9,70.0,7.0,9,20,90,Sim
1098,Administracao,3,Presencial,Manha,14.1,86.6,44.4,6.9,13,0,60,Nao
8508,Pedagogia,6,Presencial,Noite,7.9,100,86.1,5.8,4,0,120,Sim
6818,Engenharia Civil,3,Presencial,Noite,9.0,99.6,52.9,,7,20,45,Sim
9678,Engenharia Civil,6,Presencial,Manha,11.5,100,93.9,5.0,13,0,10,Sim
2255,Pedagogia,2,Hibrida,Manha,8.4,85.5,81.3,4.9,8,20,10,Sim
8034,Pedagogia,3,Hibrida,Noite,10.2,100,73.2,8.4,3,30,30,Sim
5403,Engenharia Civil,4,EAD,Manha,6.3,77.4,100,3.1,6,30,0,Sim
9510,Pedagogia,2,Presencial,Manha,7.7,63.6,84.8,5.8,6,30,10,Nao
1758,Administracao,6,Hibrida,Manha,7.8,96.3,69.9,5.8,10,0,45,Nao
4523,Pedagogia,5,EAD,Noite,10.7,93.2,62.0,4.0,7,0,0,Nao
8472,Engenharia Civil,5,Presencial,Noite,0.2,84.5,54.4,5.3,0,20,120,Nao
9891,Administracao,1,Hibrida,Manha,4.4,58.6,59.9,6.5,5,30,15,Nao
9692,Engenharia de Software,8,Presencial,Manha,8.5,93.2,95.5,7.5,0,0,20,Sim
6103,Enfermagem,2,Presencial,Noite,5.3,94.0,46.6,8.5,5,0,10,Nao
2885,Pedagogia,6,Presencial,Manha,,96.4,73.6,7.1,5,40,30,Sim
6341,Enfermagem,5,EAD,Noite,13.0,81.2,63.1,3.7,11,44,0,Nao
2845,Pedagogia,6,Presencial,Manha,7.7,100,100,7.3,9,30,120,Sim
7072,Engenharia de Software,2,Hibrida,Noite,6.6,100,85.1,10.0,4,0,60,Sim
7232,Pedagogia,8,Hibrida,Manha,10.5,75.2,54.8,5.6,9,44,10,Nao
2608,Enfermagem,2,Presencial,Noite,5.6,89.8,58.9,9.7,7,20,30,Nao
3984,Engenharia de Software,7,Presencial,Noite,3.5,55.3,72.1,5.6,9,20,45,Nao
2899,Pedagogia,1,Hibrida,Noite,6.0,94.6,76.1,7.1,7,0,30,Nao
8022,Pedagogia,4,Presencial,Noite,6.1,89.8,62.5,4.3,12,40,120,Nao
9662,Engenharia Civil,5,Presencial,Manha,1.1,69.5,54.9,6.8,1,30,120,Nao
2336,Engenharia de Software,4,Presencial,Manha,2.5,69.8,77.1,4.1,4,30,,Nao
301,Pedagogia,2,Hibrida,Manha,11.2,89.0,61.7,5.7,12,44,30,Sim
672,Administracao,1,EAD,Noite,5.8,81.4,100,6.6,6,40,0,Nao
2248,Administracao,1,EAD,Manha,8.6,94.5,,6.2,9,20,0,Nao
1416,Enfermagem,6,Hibrida,Noite,10.2,83.7,87.1,7.4,8,0,10,Sim
7545,Engenharia Civil,5,Hibrida,Manha,9.4,79.8,95.2,6.3,6,30,20,Sim
7839,Administracao,7,Presencial,Manha,1.3,83.1,76.4,5.6,4,40,120,Nao
5864,Engenharia de Software,4,Presencial,Noite,8.5,94.3,92.4,8.2,8,30,15,Sim
9081,Engenharia de Software,2,Presencial,Noite,12.9,78.2,74.1,5.4,8,0,60,Sim
7726,Enfermagem,3,Presencial,Noite,0.6,90.5,80.5,3.9,6,0,45,Nao
6782,Administracao,8,Presencial,Noite,6.0,76.7,90.2,9.3,0,30,20,Sim
7406,Engenharia Civil,7,Presencial,Manha,4.9,74.9,55.3,6.7,1,40,,Nao
5742,Pedagogia,5,Presencial,Manha,10.5,84.8,91.5,6.0,9,20,15,Nao
9412,Engenharia Civil,2,EAD,Noite,4.9,71.7,100,6.0,6,20,0,Nao
4110,Enfermagem,1,Hibrida,Noite,2.6,98.8,40.3,6.7,6,44,45,Nao
6716,Enfermagem,5,Presencial,Manha,5.2,76.9,72.9,6.5,3,0,60,Nao
8275,Pedagogia,5,Presencial,Manha,11.8,80.3,100,4.8,1,20,,Sim
1995,Pedagogia,8,Presencial,Noite,11.2,77.3,82.0,5.4,3,30,120,Sim
75,Administracao,4,Presencial,Noite,,80.9,46.0,9.6,11,44,90,Nao
5231,Pedagogia,5,Presencial,Noite,0.2,86.9,93.1,7.3,0,44,15,Sim
8238,Administracao,5,Presencial,Noite,6.5,89.7,96.8,4.6,6,20,20,Sim
4934,Engenharia Civil,3,Hibrida,Noite,3.5,81.1,63.5,4.2,7,30,45,Nao
7167,Engenharia Civil,2,Hibrida,Manha,5.9,74.0,79.3,5.6,3,44,60,Nao
5694,Administracao,3,EAD,Manha,8.5,74.9,100,4.8,7,20,0,Sim
6272,Engenharia Civil,2,EAD,Manha,4.4,89.1,95.4,4.6,6,30,0,Nao
7392,Engenharia Civil,2,EAD,Noite,6.4,83.9,88.3,7.2,0,0,0,Sim
4960,Engenharia Civil,5,Hibrida,Manha,6.5,94.2,79.7,5.5,2,0,15,Nao
3382,Engenharia Civil,8,Presencial,Manha,0.2,90.9,77.9,5.4,6,0,90,Nao
5826,Administracao,1,Hibrida,Manha,6.1,92.3,61.7,0,9,40,90,Sim
4751,Enfermagem,2,Presencial,Manha,0.2,83.9,83.5,3.5,4,40,120,Nao
1249,Engenharia Civil,8,Presencial,Noite,10.2,70.5,100,7.9,9,20,45,Sim
3126,Enfermagem,4,Hibrida,Manha,2.8,87.0,37.5,3.6,9,20,30,Nao
4423,Engenharia de Software,1,Presencial,Manha,3.3,100,55.0,3.1,9,40,15,Nao
2764,Pedagogia,2,Hibrida,Manha,7.0,72.1,81.8,6.2,5,44,30,Sim
5891,Administracao,6,Hibrida,Manha,3.3,60.3,8.2,3.5,2,40,120,Nao
9258,Enfermagem,2,Hibrida,Noite,3.3,82.2,71.5,1.8,8,20,30,Nao
4302,Enfermagem,7,Presencial,Noite,,94.9,58.3,5.5,0,30,45,Sim
5080,Engenharia Civil,6,Hibrida,Manha,6.1,100,52.9,6.6,4,0,45,Nao
1172,Administracao,7,Presencial,Noite,3.3,59.3,75.1,8.1,0,0,20,Nao
3415,Enfermagem,2,Hibrida,Manha,4.0,82.5,75.4,5.0,7,44,15,Nao
5792,Engenharia Civil,7,EAD,Noite,8.3,74.7,98.9,8.2,11,20,0,Nao
7936,Pedagogia,5,Hibrida,Manha,7.6,74.2,59.6,8.4,13,20,15,Nao
3841,Enfermagem,1,Presencial,Manha,6.2,84.2,76.7,4.8,7,0,10,Sim
6840,Pedagogia,2,Presencial,Noite,11.0,78.8,68.6,6.9,9,40,30,Sim
9941,Engenharia Civil,5,Presencial,Noite,6.9,92.5,72.5,6.0,7,40,20,Nao
3460,Engenharia Civil,8,Hibrida,Manha,8.3,71.4,97.9,5.4,8,0,10,Nao
4030,Engenharia de Software,6,Hibrida,Noite,4.3,57.0,72.7,4.4,12,40,30,Nao
8913,Administracao,8,Presencial,Manha,1.1,89.0,73.7,7.3,2,30,60,Nao
3487,Engenharia de Software,2,Presencial,Manha,4.6,99.0,47.6,4.9,9,20,,Nao
706,Enfermagem,6,Presencial,Manha,7.8,100,83.6,5.7,10,0,60,Sim
7427,Enfermagem,6,Hibrida,Manha,10.0,100,100,10,8,44,20,Sim
4294,Engenharia de Software,6,Presencial,Noite,9.1,100,65.9,6.1,7,0,90,Sim
3483,Engenharia de Software,8,EAD,Noite,8.3,86.9,84.9,6.8,7,0,0,Sim
4099,Administracao,8,Presencial,Manha,6.4,75.0,,6.9,6,0,60,Sim
703,Engenharia de Software,8,Presencial,Noite,5.8,72.0,86.1,5.3,0,40,15,Nao
5113,Engenharia Civil,8,Presencial,Noite,10.0,73.1,75.5,7.6,7,44,30,Sim
8326,Engenharia Civil,8,Hibrida,Noite,3.2,92.9,52.3,6.8,2,0,20,Nao
9784,Engenharia Civil,2,Hibrida,Manha,14.7,71.7,100,2.3,14,20,60,Sim
551,Engenharia de Software,4,Presencial,Noite,3.7,80.6,43.8,3.8,8,30,90,Nao
6352,Administracao,6,EAD,Manha,8.1,88.4,54.0,5.3,4,0,0,Nao
98,Administracao,8,Hibrida,Manha,,97.8,76.3,4.7,6,44,120,Nao
1522,Engenharia Civil,6,Presencial,Manha,3.4,71.6,80.0,6.5,2,30,90,Nao
893,Pedagogia,2,Presencial,Noite,,83.3,,5.5,8,44,10,Sim
718,Enfermagem,1,EAD,Noite,7.8,77.5,83.7,6.0,3,0,0,Nao
7806,Pedagogia,3,Hibrida,Noite,8.1,88.1,75.1,7.0,7,0,20,Sim
8425,Administracao,3,Presencial,Manha,5.1,82.9,100,6.5,2,0,10,Nao
2614,Engenharia de Software,5,EAD,Noite,9.8,74.7,78.3,5.2,4,0,0,Sim
1077,Administracao,8,Presencial,Manha,6.5,75.6,71.3,5.4,13,40,30,Nao
3031,Enfermagem,7,Presencial,Manha,3.9,82.8,78.3,4.4,4,0,90,Nao
8187,Engenharia de Software,1,Presencial,Manha,6.8,100,77.3,5.6,7,0,10,Sim
6087,Administracao,7,Presencial,Noite,9.6,83.5,72.8,4.6,5,0,120,Nao
9526,Pedagogia,6,EAD,Noite,9.7,86.0,85.2,7.1,9,30,0,Nao
661,Engenharia Civil,7,Hibrida,Manha,4.1,98.7,71.1,5.3,5,30,15,Sim
7382,Engenharia de Software,8,Presencial,Manha,8.8,81.4,53.0,5.5,6,30,20,Nao
1823,Engenharia de Software,7,Presencial,Manha,6.9,83.7,48.8,7.7,10,0,20,Nao
1947,Enfermagem,5,EAD,Noite,6.8,94.0,68.9,4.7,9,30,0,Sim
6518,Enfermagem,8,EAD,Noite,9.3,95.2,81.1,6.9,2,0,0,Sim
8778,Engenharia Civil,7,Presencial,Manha,4.0,72.7,57.6,6.4,5,44,45,Nao
917,Administracao,3,EAD,Noite,7.9,72.2,63.9,4.4,7,44,0,Nao
3893,Administracao,3,Hibrida,Noite,3.1,100,42.9,6.8,5,20,90,Sim
6989,Administracao,3,Hibrida,Manha,5.4,93.9,49.5,7.1,2,44,30,Nao
4644,Administracao,4,Presencial,Noite,9.3,66.0,83.1,6.3,7,44,45,Sim
3038,Engenharia Civil,6,Presencial,Noite,1.7,67.5,84.9,6.2,0,30,60,Sim
6739,Pedagogia,5,Hibrida,Manha,13.7,75.6,70.9,5.6,7,0,120,Sim
5256,Administracao,5,Presencial,Manha,6.4,82.2,66.7,4.4,6,20,,Nao
9288,Administracao,7,Presencial,Manha,7.8,87.4,85.4,5.3,15,0,90,Sim
9600,Pedagogia,8,Presencial,Noite,2.3,65.6,84.2,7.3,3,20,60,Nao
3518,Enfermagem,6,Presencial,Noite,7.6,97.2,71.8,5.2,4,0,60,Sim
5649,Engenharia Civil,1,Presencial,Manha,10.8,70.6,70.4,3.6,11,44,45,Nao
1137,Engenharia Civil,1,Presencial,Manha,,83.9,85.9,5.9,8,40,20,Sim
7256,Engenharia Civil,3,Presencial,Noite,6.9,92.0,49.2,3.5,6,0,30,Nao
6696,Administracao,8,Hibrida,Manha,11.1,100,73.5,8.3,8,44,20,Sim
2505,Engenharia Civil,5,EAD,Noite,5.8,94.2,73.7,6.8,2,30,0,Sim
6926,Enfermagem,7,Presencial,Noite,10.5,91.3,70.8,8.0,12,0,30,Sim
8087,Pedagogia,8,Presencial,Noite,4.7,89.8,63.4,5.0,7,44,20,Nao
4881,Administracao,3,Hibrida,Noite,3.9,75.5,83.6,5.4,8,40,90,Nao
6612,Pedagogia,4,Presencial,Noite,7.8,92.3,63.7,8.0,4,0,15,Sim
402,Engenharia de Software,5,Presencial,Manha,1.9,62.5,58.8,5.1,9,20,90,Nao
1214,Engenharia Civil,3,Presencial,Manha,5.1,73.6,77.0,5.0,6,40,60,Nao
4481,Pedagogia,6,Hibrida,Noite,3.2,86.5,68.3,8.1,1,44,45,Sim
2218,Engenharia Civil,3,Presencial,Noite,3.2,74.6,73.6,3.7,0,0,60,Nao
4018,Engenharia de Software,5,EAD,Noite,0.9,94.3,52.0,6.7,8,20,0,Nao
1781,Engenharia Civil,4,Hibrida,Manha,1.6,88.1,71.5,7.8,3,40,30,Nao
8833,Enfermagem,1,Presencial,Manha,9.3,95.2,90.1,3.6,6,0,10,Sim
3550,Engenharia de Software,5,Hibrida,Noite,4.3,100,78.8,8.1,8,0,20,Nao
422,Engenharia Civil,7,Presencial,Noite,4.2,82.6,66.0,4.8,4,20,15,Nao
4078,Administracao,6,Presencial,Noite,8.4,87.8,100,6.9,4,0,10,Nao
6561,Enfermagem,1,Presencial,Manha,3.2,74.4,85.0,6.6,4,40,45,Nao
2657,Administracao,5,Presencial,Noite,4.8,70.0,68.6,5.6,2,30,30,Nao
8554,Administracao,5,Presencial,Manha,6.6,89.9,63.1,6.8,6,0,90,Sim
2792,Pedagogia,3,Presencial,Noite,6.7,76.5,53.0,0.8,8,40,30,Nao
2844,Administracao,3,Presencial,Manha,7.0,95.1,96.4,7.2,13,44,45,Sim
8855,Administracao,8,Presencial,Noite,7.6,77.6,75.6,5.3,3,44,60,Nao
1720,Engenharia Civil,5,Presencial,Manha,13.1,81.9,76.5,6.1,8,0,60,Sim
7306,Administracao,3,Presencial,Noite,10.4,82.0,99.6,,5,0,120,Sim
3965,Administracao,6,Presencial,Manha,11.4,86.2,53.6,6.3,12,44,30,Sim
4370,Engenharia de Software,4,Hibrida,Noite,7.9,80.7,100,7.5,0,30,120,Nao
6853,Engenharia Civil,2,Presencial,Noite,11.7,94.8,100,5.0,5,0,120,Sim
4721,Pedagogia,4,EAD,Noite,7.3,82.1,50.6,5.5,3,0,0,Nao
9915,Engenharia Civil,3,Presencial,Manha,0.4,100,28.0,,1,20,30,Nao
8603,Enfermagem,7,Presencial,Noite,11.3,75.3,96.4,9.5,11,30,90,Sim
8477,Enfermagem,2,Presencial,Manha,0.2,84.1,61.0,3.1,5,40,30,Sim
4563,Pedagogia,7,Hibrida,Noite,7.8,59.9,52.3,,5,0,15,Nao
9436,Administracao,3,Presencial,Manha,9.4,80.3,67.4,7.0,12,40,30,Sim
5366,Enfermagem,1,Hibrida,Noite,7.3,70.4,49.6,5.0,5,30,,Sim
2314,Engenharia de Software,7,Hibrida,Manha,8.8,85.6,64.3,6.3,1,0,30,Nao
8249,Pedagogia,5,Presencial,Manha,4.9,72.2,78.9,6.5,0,40,120,Nao
4221,Engenharia Civil,1,Presencial,Noite,9.0,88.9,64.9,4.4,5,0,120,Sim
9877,Engenharia de Software,8,Presencial,Noite,7.6,87.8,100,4.4,6,30,15,Sim
4582,Administracao,7,Presencial,Noite,1.9,96.3,80.0,5.5,3,30,45,Nao
2783,Engenharia Civil,1,Presencial,Manha,6.3,82.6,67.1,5.2,5,30,60,Sim
1618,Engenharia de Software,2,EAD,Noite,5.7,98.2,52.5,4.0,5,0,0,Nao
1041,Administracao,2,Hibrida,Manha,7.7,91.0,92.2,2.7,7,30,60,Nao
4524,Engenharia Civil,3,EAD,Manha,3.0,84.7,63.5,7.4,1,20,0,Sim
1093,Enfermagem,4,EAD,Manha,2.6,84.7,75.1,5.2,8,44,0,Nao
5915,Engenharia de Software,1,Hibrida,Manha,1.0,35.5,71.5,5.1,1,40,10,Nao
9093,Engenharia de Software,6,Presencial,Noite,0.2,78.5,43.7,3.9,0,20,30,Nao
3125,Pedagogia,8,Hibrida,Manha,11.7,61.0,81.7,6.5,5,0,30,Sim
4087,Engenharia de Software,8,Hibrida,Noite,12.8,75.1,67.4,1.6,7,20,10,Nao
3542,Engenharia de Software,5,EAD,Noite,6.4,85.0,100,5.2,9,0,0,Nao
6510,Enfermagem,2,Presencial,Manha,6.8,87.2,56.1,6.1,6,44,10,Nao
2328,Administracao,6,EAD,Noite,8.8,88.9,52.0,5.3,6,44,0,Nao
4362,Pedagogia,2,EAD,Noite,5.7,91.5,75.4,6.7,7,30,0,Sim
5274,Engenharia de Software,7,Hibrida,Noite,15.1,62.6,74.8,3.8,8,0,30,Sim
733,Pedagogia,8,Presencial,Manha,6.3,75.4,72.9,3.4,7,0,10,Nao
4584,Administracao,1,Hibrida,Noite,5.4,79.6,74.5,4.6,1,40,60,Nao
8600,Engenharia de Software,7,Presencial,Manha,13.6,83.9,82.9,6.9,6,0,20,Sim
6868,Administracao,5,Hibrida,Manha,3.8,85.1,55.5,2.5,5,40,60,Nao
2037,Administracao,4,Presencial,Noite,10.6,95.7,99.5,7.9,5,30,10,Sim
9594,Administracao,5,Presencial,Manha,5.6,75.5,67.3,,2,0,120,Sim
38,Enfermagem,7,Hibrida,Manha,10.2,83.1,84.3,6.4,14,0,15,Nao
3336,Administracao,2,Presencial,Noite,5.3,87.6,67.6,7.7,6,20,10,Sim
4293,Pedagogia,3,Hibrida,Manha,3.5,86.6,81.6,4.1,7,20,10,Nao
7122,Pedagogia,4,Presencial,Noite,8.6,75.6,60.1,7.4,8,20,30,Sim
1810,Administracao,4,Hibrida,Noite,1.5,88.8,73.3,8.5,4,40,15,Sim
7057,Engenharia Civil,5,EAD,Manha,7.5,100,,5.6,9,20,0,Sim
6537,Enfermagem,2,Presencial,Manha,7.0,88.0,78.4,5.8,7,0,60,Nao
2434,Engenharia de Software,1,Presencial,Noite,8.5,85.8,70.1,6.9,3,0,20,Sim
841,Engenharia Civil,2,Presencial,Noite,6.0,95.5,87.7,9.3,7,0,90,Sim
8444,Engenharia Civil,8,Hibrida,Manha,11.7,96.8,90.5,6.6,7,20,10,Sim
3446,Administracao,4,Presencial,Noite,5.2,89.9,30.9,6.8,7,40,10,Nao
740,Pedagogia,3,Hibrida,Manha,10.0,81.8,100,3.3,10,0,30,Sim
3631,Enfermagem,3,Presencial,Manha,4.9,83.4,65.3,8.5,4,0,120,Sim
7434,Enfermagem,1,Hibrida,Manha,15.2,67.8,100,6.8,7,0,45,Sim
5988,Pedagogia,5,Presencial,Manha,9.7,78.1,100,7.0,4,0,10,Nao
865,Engenharia Civil,4,Presencial,Noite,9.2,85.8,56.4,6.0,8,30,120,Sim
6632,Pedagogia,3,Presencial,Noite,5.6,98.2,63.8,4.0,2,20,120,Nao
2379,Pedagogia,8,Hibrida,Noite,5.7,72.4,43.8,5.9,3,0,45,Nao
1809,Pedagogia,1,EAD,Noite,,86.4,63.5,5.8,9,44,0,Nao
804,Engenharia de Software,4,Presencial,Noite,8.9,83.4,58.0,6.0,11,40,30,Nao
6620,Administracao,2,Hibrida,Manha,4.1,80.8,67.8,7.8,0,0,30,Nao
2232,Administracao,1,Presencial,Noite,14.2,97.5,90.9,6.4,5,0,10,Sim
5208,Enfermagem,1,Presencial,Manha,9.7,100,90.6,5.4,1,30,15,Nao
9328,Engenharia Civil,2,Hibrida,Noite,1.4,79.4,77.2,5.5,4,44,15,Nao
7835,Engenharia de Software,3,EAD,Noite,9.3,90.3,78.4,2.8,13,40,0,Sim
7579,Enfermagem,2,Presencial,Noite,13.1,92.4,86.7,3.4,15,0,30,Sim
6697,Enfermagem,2,Hibrida,Manha,5.0,95.2,,7.1,6,20,30,Nao
1643,Engenharia Civil,2,Presencial,Noite,7.1,89.2,78.6,5.5,2,0,45,Nao
4146,Engenharia Civil,3,Hibrida,Noite,7.0,72.2,99.8,5.4,11,44,60,Sim
1621,Engenharia de Software,4,EAD,Manha,6.7,76.1,77.1,5.1,11,40,0,Nao
5198,Enfermagem,8,Hibrida,Noite,11.8,96.3,94.0,8.4,1,0,20,Sim
2742,Pedagogia,5,EAD,Noite,9.4,97.4,81.0,7.9,7,0,0,Sim
6202,Pedagogia,8,Presencial,Manha,7.6,88.7,56.6,8.7,4,20,,Sim
1347,Pedagogia,2,EAD,Manha,12.0,52.5,66.0,6.0,10,40,0,Nao
1851,Engenharia Civil,2,EAD,Noite,9.1,96.2,80.3,4.1,0,20,0,Sim
2245,Engenharia Civil,6,EAD,Manha,7.4,90.2,78.1,5.8,8,20,0,Sim
8248,Engenharia Civil,5,Presencial,Noite,13.2,82.7,97.3,5.5,11,20,120,Sim
7400,Engenharia Civil,6,Hibrida,Manha,9.3,79.8,75.2,7.6,6,30,15,Nao
265,Engenharia de Software,8,Presencial,Noite,4.1,81.2,51.3,8.4,5,30,120,Nao
460,Enfermagem,7,Presencial,Manha,13.7,100,81.7,6.9,16,30,120,Sim
7124,Administracao,5,Hibrida,Manha,2.8,76.0,41.9,8.1,5,30,90,Nao
8626,Enfermagem,2,Hibrida,Noite,6.4,62.6,77.6,6.1,2,40,45,Sim
6442,Enfermagem,2,Hibrida,Noite,11.2,82.3,100,,7,44,15,Nao
8545,Engenharia de Software,8,Presencial,Noite,6.8,87.1,100,4.9,5,30,45,Nao
9074,Engenharia Civil,7,Hibrida,Noite,3.8,89.3,62.4,5.0,6,0,60,Nao
2888,Enfermagem,5,Presencial,Manha,6.5,93.7,53.7,5.6,2,0,30,Nao
5074,Enfermagem,8,EAD,Noite,8.8,85.2,100,8.7,4,0,0,Sim
4521,Pedagogia,6,Presencial,Manha,6.7,100,84.3,6.7,7,40,15,Nao
5169,Pedagogia,7,Hibrida,Manha,,80.4,81.7,4.4,10,0,20,Sim
6799,Enfermagem,5,Presencial,Manha,8.3,78.5,77.9,7.1,11,0,10,Sim
2524,Pedagogia,8,Presencial,Manha,7.4,72.8,75.1,5.0,6,40,10,Nao
8646,Pedagogia,1,Presencial,Manha,10.9,73.1,78.9,7.6,5,30,30,Sim
4534,Administracao,5,Hibrida,Manha,2.5,66.4,70.6,8.0,1,30,20,Nao
8378,Engenharia de Software,1,Presencial,Noite,1.1,89.7,65.1,6.4,2,0,20,Nao
1951,Pedagogia,5,Presencial,Noite,3.1,71.0,75.2,4.7,1,0,15,Nao
9297,Engenharia de Software,7,Hibrida,Manha,0.2,72.1,41.4,6.4,1,40,120,Nao
9519,Engenharia de Software,1,Hibrida,Noite,8.9,96.3,93.2,7.7,11,30,20,Sim
1862,Enfermagem,7,Hibrida,Manha,11.6,98.2,100,6.9,11,20,60,Sim
3597,Enfermagem,3,Presencial,Manha,,90.4,93.1,5.7,11,0,45,Sim
987,Engenharia de Software,7,Presencial,Manha,10.7,68.6,90.1,6.9,7,0,120,Sim
3831,Engenharia de Software,8,Presencial,Noite,2.7,69.9,51.1,6.0,4,30,45,Nao
1004,Pedagogia,2,Presencial,Manha,4.9,91.6,85.2,3.6,9,40,60,Sim
2312,Pedagogia,5,Presencial,Noite,6.0,100,74.8,3.8,3,30,120,Nao
3803,Pedagogia,1,Hibrida,Noite,0.8,89.7,30.2,,1,30,90,Nao
6859,Pedagogia,2,EAD,Manha,2.0,91.7,72.7,6.8,4,30,0,Nao
3732,Engenharia Civil,5,EAD,Noite,3.2,72.9,79.5,5.3,2,0,0,Nao
6411,Engenharia de Software,4,Presencial,Manha,11.2,84.3,91.2,8.4,9,40,15,Sim
5958,Engenharia Civil,5,Presencial,Manha,3.5,70.1,83.7,4.0,0,40,60,Nao
1015,Administracao,1,Hibrida,Manha,10.2,87.5,87.5,5.9,10,20,30,Nao
6536,Engenharia de Software,7,EAD,Manha,7.0,90.1,71.8,9.7,2,20,0,Nao
2769,Enfermagem,2,Hibrida,Noite,7.3,80.3,69.2,5.5,7,40,15,Nao
6558,Administracao,4,EAD,Manha,8.3,78.3,100,3.3,7,40,0,Nao
7763,Administracao,2,Presencial,Noite,2.7,100,53.5,3.8,1,0,120,Nao
1125,Engenharia Civil,3,Hibrida,Noite,7.5,92.3,100,10,10,30,60,Nao
5133,Enfermagem,1,Presencial,Manha,11.7,83.4,88.5,7.2,6,0,30,Sim
1732,Pedagogia,3,Presencial,Manha,15.5,94.4,100,8.0,9,0,60,Sim
6344,Pedagogia,1,Hibrida,Noite,12.0,72.4,79.8,6.4,5,0,30,Sim
9864,Engenharia Civil,4,Presencial,Noite,8.8,69.3,55.1,4.9,2,0,10,Nao
2992,Administracao,5,Presencial,Noite,9.0,99.0,87.5,4.1,5,40,90,Sim
8996,Engenharia de Software,7,Presencial,Manha,3.1,98.1,68.5,6.8,2,0,30,Sim
5307,Engenharia Civil,1,Presencial,Manha,7.9,81.3,52.1,7.2,15,0,10,Nao
5954,Administracao,7,Presencial,Manha,6.3,89.6,80.0,5.3,4,0,120,Nao
3797,Enfermagem,8,Presencial,Noite,6.9,61.3,100,7.2,3,30,60,Sim
8695,Administracao,7,Hibrida,Noite,1.4,86.9,57.6,6.4,0,44,90,Sim
3,Administracao,6,Presencial,Noite,6.2,79.0,76.3,6.8,12,0,120,Nao
1154,Enfermagem,2,EAD,Noite,2.4,72.3,62.0,4.5,2,44,0,Nao
9709,Administracao,8,Hibrida,Manha,13.2,100,78.8,1.4,16,0,10,Nao
2924,Pedagogia,8,Presencial,Noite,7.6,82.2,68.3,,4,0,120,Sim
4634,Enfermagem,5,Presencial,Manha,10.7,87.5,89.2,8.1,10,44,60,Sim
7207,Administracao,7,Presencial,Noite,3.3,84.8,66.4,2.4,5,0,45,Sim
2558,Engenharia de Software,4,Presencial,Manha,7.3,80.9,92.7,5.4,3,0,60,Sim
235,Engenharia Civil,5,Presencial,Manha,2.1,82.7,74.8,5.8,5,30,15,Nao
9628,Administracao,8,Presencial,Noite,5.6,94.2,92.4,9.1,3,44,20,Sim
894,Enfermagem,3,Presencial,Manha,6.5,93.7,81.5,3.8,6,40,20,Nao
4458,Engenharia Civil,6,Hibrida,Manha,4.0,78.8,78.2,8.5,2,30,10,Sim
7585,Engenharia de Software,2,Presencial,Manha,4.7,69.6,61.1,2.6,2,30,60,Nao
6545,Enfermagem,3,Presencial,Noite,6.2,100,97.0,4.3,5,44,90,Nao
7225,Administracao,8,Presencial,Manha,2.8,68.9,84.5,5.6,8,44,60,Nao
9302,Engenharia de Software,3,Presencial,Manha,3.8,69.4,96.6,3.7,0,20,60,Nao
2832,Engenharia Civil,3,Hibrida,Manha,5.9,86.8,74.9,8.4,6,44,45,Nao
8749,Enfermagem,4,Presencial,Manha,1.0,70.5,73.0,5.8,0,40,45,Nao
5897,Enfermagem,5,Hibrida,Manha,6.2,73.0,55.8,8.0,8,30,15,Nao
3238,Engenharia Civil,2,Hibrida,Manha,9.9,88.8,58.1,7.0,8,40,60,Sim
8922,Administracao,4,Presencial,Noite,12.1,77.9,74.0,7.9,10,0,60,Sim
129,Pedagogia,3,Presencial,Manha,6.8,78.6,51.7,5.6,7,44,20,Nao
3783,Administracao,2,Presencial,Noite,6.5,79.7,96.5,4.4,4,20,10,Nao
7724,Pedagogia,8,Hibrida,Manha,4.8,86.6,74.5,7.4,7,40,30,Nao
731,Enfermagem,8,Presencial,Noite,2.4,73.8,45.5,7.4,3,20,15,Nao
9123,Pedagogia,6,Hibrida,Noite,12.5,84.1,74.9,4.7,10,20,10,Nao
2134,Pedagogia,3,Hibrida,Noite,13.8,81.7,96.5,10,8,0,120,Sim
3713,Engenharia de Software,7,Presencial,Noite,,87.9,59.0,4.6,2,30,,Nao
4773,Enfermagem,4,Hibrida,Noite,5.7,77.3,72.9,4.6,7,0,60,Nao
8730,Engenharia de Software,8,Presencial,Manha,1.7,68.5,37.5,5.1,4,40,15,Nao
9010,Administracao,6,EAD,Manha,5.4,86.0,85.6,6.2,3,44,0,Sim
9480,Engenharia Civil,4,Presencial,Noite,0.9,71.6,37.3,9.2,4,0,60,Sim
6916,Engenharia de Software,6,Presencial,Noite,6.5,82.6,76.0,5.0,2,20,60,Sim
1085,Enfermagem,4,Presencial,Manha,4.9,74.5,61.7,7.5,6,40,15,Nao
1814,Administracao,5,Presencial,Noite,3.9,80.0,74.8,9.3,0,20,20,Sim
7395,Enfermagem,8,Hibrida,Noite,9.6,91.0,100,5.3,12,0,10,Sim
7957,Engenharia de Software,4,Hibrida,Manha,7.9,93.6,100,6.6,8,20,60,Sim
7736,Engenharia Civil,3,Hibrida,Noite,5.4,78.1,77.1,4.6,6,40,90,Nao
6867,Engenharia de Software,4,Presencial,Manha,1.6,80.1,51.3,5.8,3,44,10,Nao
1983,Engenharia de Software,7,Presencial,Manha,12.4,66.5,100,5.3,5,0,60,Sim
9820,Engenharia de Software,5,Hibrida,Noite,5.6,86.2,79.2,7.8,11,0,120,Nao
8957,Administracao,7,Presencial,Noite,6.1,85.0,94.5,,4,20,15,Nao
6910,Administracao,5,Hibrida,Noite,6.6,79.8,52.8,6.0,5,40,20,Sim
5370,Engenharia de Software,3,Hibrida,Manha,5.9,89.1,74.2,8.9,3,40,120,Sim
4621,Pedagogia,6,Hibrida,Noite,11.1,99.9,86.3,6.7,11,20,120,Sim
1682,Pedagogia,4,Presencial,Manha,3.6,93.7,69.4,5.9,2,30,10,Sim
5848,Engenharia Civil,8,Hibrida,Manha,7.5,99.8,49.9,3.7,5,44,120,Sim
3958,Administracao,2,Presencial,Manha,4.6,74.5,78.8,,0,40,20,Nao
2441,Engenharia de Software,3,Presencial,Manha,2.9,79.4,87.5,6.7,8,40,60,Sim
292,Engenharia Civil,3,Presencial,Manha,5.5,77.7,67.5,4.5,12,44,10,Nao
1784,Engenharia Civil,6,Hibrida,Manha,6.0,79.1,84.5,6.7,4,30,45,Nao
854,Engenharia de Software,6,Presencial,Noite,1.5,74.4,55.4,8.8,6,0,90,Nao
6577,Enfermagem,8,EAD,Noite,8.3,100,68.4,5.0,4,40,0,Nao
1921,Administracao,7,Presencial,Noite,13.5,92.4,100,4.4,9,20,20,Nao
8077,Enfermagem,8,Presencial,Manha,5.9,62.4,84.0,7.5,12,0,90,Sim
559,Engenharia Civil,6,Presencial,Manha,5.7,75.8,66.3,5.1,7,0,15,Nao
5064,Enfermagem,8,Presencial,Noite,6.4,94.1,100,5.0,6,40,20,Nao
6949,Pedagogia,1,Hibrida,Manha,1.3,90.3,42.8,5.9,3,30,45,Nao
2568,Administracao,5,Hibrida,Noite,14.1,97.8,100,6.0,6,44,10,Sim
6932,Pedagogia,3,Hibrida,Noite,7.8,77.9,44.0,7.5,5,30,30,Nao
2380,Engenharia Civil,5,Hibrida,Manha,11.0,81.4,75.9,6.0,8,20,90,Sim
4242,Administracao,8,Presencial,Manha,8.8,82.7,95.9,5.2,6,0,45,Nao
4560,Engenharia Civil,7,Hibrida,Noite,5.6,73.3,58.8,2.2,3,44,60,Nao
4019,Enfermagem,4,Presencial,Manha,9.0,83.9,87.2,6.9,10,0,15,Sim
5174,Pedagogia,2,EAD,Noite,3.5,77.5,44.8,7.5,7,40,0,Nao
5072,Pedagogia,8,Presencial,Manha,0.3,100,82.4,1.5,2,40,45,Nao
8628,Engenharia Civil,2,Hibrida,Manha,3.6,80.1,91.4,6.5,7,30,45,Sim
7211,Engenharia de Software,2,Presencial,Noite,0.2,85.1,100,8.2,3,44,45,Sim
6378,Engenharia de Software,6,Presencial,Noite,11.4,82.7,100,8.4,9,30,10,Sim
3673,Engenharia de Software,1,Presencial,Manha,8.8,81.5,73.7,5.0,1,0,15,Nao
6131,Engenharia de Software,8,Presencial,Manha,,72.5,100,6.9,3,30,45,Sim
7417,Administracao,6,Presencial,Noite,4.5,87.4,81.8,5.6,5,0,30,Nao
1715,Enfermagem,6,Presencial,Noite,4.9,87.3,82.2,3.5,0,0,45,Sim
1773,Pedagogia,7,Hibrida,Noite,3.9,64.6,72.5,4.5,4,44,120,Nao
6593,Pedagogia,8,Presencial,Manha,8.9,85.8,76.7,5.6,5,0,15,Nao
2014,Engenharia de Software,4,Presencial,Noite,1.5,75.3,76.0,6.4,4,44,60,Nao
8459,Enfermagem,7,Presencial,Manha,7.0,87.4,71.9,7.8,2,0,90,Sim
5728,Enfermagem,8,Hibrida,Noite,3.6,68.6,80.2,6.9,6,44,45,Nao
7885,Administracao,3,Presencial,Manha,7.1,62.4,77.4,8.2,5,20,120,Nao
944,Enfermagem,6,Hibrida,Manha,4.4,79.0,54.5,8.1,6,40,30,Nao
5861,Administracao,1,Presencial,Noite,14.1,91.6,82.1,6.8,11,0,15,Sim
7068,Enfermagem,1,Presencial,Manha,8.6,75.8,91.5,5.1,4,40,20,Nao
6676,Engenharia Civil,3,Presencial,Manha,6.9,65.2,72.9,10,2,0,90,Sim
7777,Pedagogia,3,Presencial,Manha,7.5,84.4,79.2,3.5,6,0,120,Sim
1615,Enfermagem,3,Presencial,Noite,6.7,75.6,100,7.0,5,20,60,Sim
562,Engenharia de Software,1,Hibrida,Noite,12.4,78.2,100,6.0,1,30,90,Nao
2909,Enfermagem,7,Presencial,Manha,1.7,53.9,65.7,7.3,4,44,10,Nao
3043,Pedagogia,8,EAD,Noite,,87.9,90.4,5.8,4,30,0,Nao
642,Engenharia Civil,1,Hibrida,Noite,5.2,82.1,85.9,5.9,2,0,90,Nao
5905,Engenharia de Software,6,Hibrida,Noite,3.4,64.9,78.7,8.0,3,40,20,Sim
6633,Enfermagem,4,Presencial,Manha,5.0,95.8,83.0,4.2,4,20,10,Nao
5240,Enfermagem,7,Hibrida,Manha,0.2,81.8,82.5,4.0,4,20,30,Sim
4351,Engenharia de Software,5,EAD,Manha,2.1,67.6,74.0,3.5,5,44,0,Nao
8043,Enfermagem,6,Presencial,Manha,9.1,88.6,96.2,4.1,8,20,15,Nao
4819,Enfermagem,2,Presencial,Noite,,92.9,76.0,5.0,11,0,15,Sim
8253,Engenharia Civil,8,Presencial,Manha,1.9,84.8,50.2,6.3,2,44,20,Nao
6182,Enfermagem,4,Presencial,Noite,4.2,80.3,54.1,7.5,6,0,15,Sim
7803,Enfermagem,6,Presencial,Noite,6.0,83.8,67.9,6.0,3,0,20,Sim
7822,Engenharia de Software,2,Hibrida,Noite,1.1,91.9,45.2,5.7,2,40,120,Nao
4263,Engenharia Civil,6,EAD,Noite,7.6,100,95.1,6.8,8,40,0,Sim
5749,Pedagogia,3,Hibrida,Manha,,91.8,53.3,5.3,8,0,60,Nao
1929,Enfermagem,3,Presencial,Manha,8.7,85.2,61.0,7.4,7,30,20,Nao
9240,Pedagogia,2,Presencial,Noite,7.1,76.5,69.5,6.4,5,0,45,Nao
5998,Engenharia Civil,1,EAD,Manha,1.4,86.0,81.8,7.5,3,20,0,Nao
1879,Enfermagem,3,EAD,Manha,6.2,69.5,100,3.9,6,30,0,Nao
8812,Enfermagem,4,EAD,Manha,3.0,86.8,72.0,6.6,1,40,0,Nao
2700,Pedagogia,1,Hibrida,Manha,6.3,75.9,65.5,7.6,12,30,10,Sim
4443,Engenharia de Software,7,Presencial,Noite,7.5,81.9,84.3,6.6,8,40,10,Nao
8099,Pedagogia,5,Presencial,Noite,4.5,82.2,28.8,6.8,6,0,30,Nao
2999,Engenharia de Software,5,Presencial,Manha,12.0,88.1,77.7,6.6,6,20,15,Sim
579,Pedagogia,7,Hibrida,Manha,6.3,81.2,82.9,5.8,7,0,15,Nao
6765,Enfermagem,1,EAD,Manha,11.3,92.2,98.8,4.7,6,30,0,Nao
7314,Pedagogia,6,Presencial,Manha,9.3,85.3,72.7,2.3,8,40,20,Sim
3605,Engenharia de Software,1,Hibrida,Noite,10.2,97.3,74.6,8.0,9,40,10,Sim
9949,Pedagogia,6,EAD,Manha,7.9,75.6,71.7,6.9,6,0,0,Sim
2417,Enfermagem,8,EAD,Noite,7.6,74.6,60.8,7.0,8,40,0,Nao
6816,Engenharia Civil,4,Presencial,Noite,9.3,63.4,88.9,9.5,10,20,60,Nao
2765,Engenharia de Software,5,Hibrida,Noite,4.1,76.3,38.6,8.2,8,0,,Nao
9822,Enfermagem,5,EAD,Manha,9.1,86.9,79.4,4.9,7,0,0,Nao
6457,Administracao,4,Hibrida,Noite,10.1,65.2,,7.2,4,0,60,Nao
3044,Enfermagem,8,Presencial,Noite,7.1,90.0,81.1,9.9,7,20,90,Sim
4065,Pedagogia,4,Presencial,Manha,12.4,97.4,71.2,3.5,3,0,45,Sim
5252,Enfermagem,5,EAD,Noite,11.9,62.9,65.5,6.5,8,0,0,Nao
9943,Engenharia Civil,2,Presencial,Manha,5.0,67.0,63.3,3.4,2,44,90,Nao
3097,Engenharia Civil,7,EAD,Manha,6.3,81.2,72.1,3.6,5,0,0,Nao
7732,Engenharia de Software,1,Presencial,Noite,,87.8,86.3,6.3,8,0,15,Nao
8006,Enfermagem,4,Hibrida,Noite,6.4,66.7,66.5,4.8,5,40,90,Nao
3793,Administracao,3,EAD,Manha,6.4,92.2,32.7,6.0,3,0,0,Nao
7938,Engenharia de Software,2,Hibrida,Manha,7.6,73.4,77.3,5.1,7,20,90,Nao
8466,Engenharia Civil,1,EAD,Noite,6.1,77.4,67.8,5.0,5,20,0,Nao
3693,Enfermagem,3,EAD,Noite,7.0,82.3,78.6,4.6,7,20,0,Nao
6980,Engenharia Civil,5,Hibrida,Noite,9.4,64.1,96.2,7.7,6,44,30,Sim
8617,Engenharia de Software,8,Presencial,Manha,6.7,67.5,74.4,6.6,5,20,60,Nao
7217,Engenharia de Software,1,Hibrida,Noite,4.5,95.4,98.2,8.4,5,30,20,Sim
2567,Administracao,5,EAD,Noite,4.8,95.1,67.7,,0,40,0,Nao
6750,Pedagogia,7,Hibrida,Noite,4.3,94.8,75.5,5.2,2,0,15,Sim
3942,Engenharia Civil,5,EAD,Manha,9.0,94.6,99.4,6.5,3,0,0,Sim
6170,Engenharia de Software,8,Hibrida,Manha,10.3,49.0,95.2,5.1,10,0,60,Nao
5294,Enfermagem,4,Presencial,Noite,9.1,74.8,67.1,8.2,4,20,15,Sim
6875,Engenharia de Software,5,Hibrida,Manha,3.1,96.3,100,4.9,5,20,120,Sim
6968,Engenharia Civil,1,EAD,Noite,1.5,96.4,58.7,3.9,2,30,0,Nao
7905,Administracao,3,Presencial,Noite,11.5,67.7,84.9,5.4,13,0,90,Nao
2175,Enfermagem,6,Hibrida,Manha,0.2,68.2,73.0,4.0,0,0,120,Nao
7381,Engenharia Civil,5,Hibrida,Manha,12.4,75.8,100,4.0,7,0,10,Nao
3532,Enfermagem,6,Presencial,Noite,9.1,82.0,60.0,8.3,2,0,30,Nao
8557,Enfermagem,4,Hibrida,Manha,7.4,87.7,86.3,5.3,7,30,10,Sim
6424,Engenharia Civil,5,EAD,Noite,3.5,76.9,65.3,7.7,1,0,0,Sim
2995,Engenharia Civil,5,EAD,Noite,6.8,78.3,,3.4,9,30,0,Nao
8178,Enfermagem,2,Hibrida,Manha,11.5,76.5,93.7,8.1,13,40,90,Sim
6460,Engenharia de Software,2,Presencial,Noite,13.3,73.0,77.4,8.3,9,0,90,Sim
4801,Administracao,5,Presencial,Noite,7.5,82.1,83.7,4.2,4,40,45,Nao
8009,Engenharia Civil,1,EAD,Noite,4.5,97.3,63.8,8.8,0,20,0,Sim
634,Engenharia Civil,7,Presencial,Manha,5.8,59.7,100,3.3,8,0,45,Sim
2000,Engenharia de Software,6,Presencial,Manha,8.8,73.2,100,7.4,2,0,60,Sim
252,Administracao,7,Presencial,Noite,3.3,62.5,47.1,3.5,4,44,10,Nao
8978,Administracao,6,Presencial,Manha,7.7,84.5,83.3,6.6,7,30,90,Sim
9747,Administracao,3,Presencial,Manha,11.4,93.7,64.4,7.1,12,44,15,Nao
8386,Administracao,3,EAD,Noite,,91.7,75.0,5.6,4,0,0,Nao
1060,Pedagogia,6,Presencial,Noite,5.1,68.1,61.6,4.5,1,30,120,Nao
9102,Engenharia de Software,7,Presencial,Manha,9.2,82.7,67.0,6.7,11,20,30,Nao
2252,Pedagogia,1,Hibrida,Manha,4.8,80.7,49.4,0,8,44,120,Nao
107,Pedagogia,2,EAD,Noite,12.5,81.6,78.9,7.2,3,20,0,Nao
5442,Pedagogia,1,Hibrida,Noite,,78.9,92.0,8.1,8,0,15,Nao
8289,Engenharia de Software,7,Presencial,Noite,5.0,92.0,75.5,4.3,7,44,20,Nao
8645,Engenharia Civil,8,Hibrida,Noite,9.1,90.8,57.1,7.2,11,0,20,Sim
5118,Engenharia Civil,3,Hibrida,Manha,5.3,74.9,,6.6,3,20,30,Nao
8302,Engenharia de Software,5,Presencial,Manha,7.8,79.4,66.2,3.4,7,44,60,Sim
6997,Administracao,8,Presencial,Manha,2.1,69.1,64.2,6.9,3,0,10,Nao
9765,Engenharia Civil,7,Hibrida,Noite,0.2,98.8,87.6,5.9,3,40,30,Sim
457,Administracao,4,Presencial,Noite,0.2,91.4,64.6,7.6,2,44,60,Nao
2786,Administracao,5,Hibrida,Manha,,76.8,100,7.3,5,0,120,Sim
7078,Engenharia de Software,8,Presencial,Manha,3.6,77.2,40.6,5.1,0,30,20,Nao
2262,Pedagogia,8,Hibrida,Manha,7.6,77.5,90.4,2.9,14,20,30,Nao
7145,Administracao,1,Hibrida,Noite,5.0,78.0,69.4,6.5,4,0,60,Nao
5395,Pedagogia,4,Presencial,Noite,9.3,87.6,98.4,6.0,7,20,90,Sim
1420,Engenharia Civil,6,Hibrida,Noite,8.8,93.9,38.0,6.6,10,0,20,Sim
1895,Enfermagem,3,Presencial,Noite,2.1,75.4,36.5,6.3,5,0,10,Nao
2132,Enfermagem,5,Presencial,Manha,11.6,85.5,76.9,6.1,7,0,120,Sim
8489,Administracao,5,Hibrida,Noite,8.8,68.9,78.0,6.9,10,0,60,Nao
4130,Pedagogia,8,Hibrida,Noite,5.2,91.0,88.0,7.0,7,44,120,Nao
4716,Enfermagem,5,EAD,Noite,6.1,84.9,78.9,3.9,7,20,0,Sim
2476,Enfermagem,2,Presencial,Noite,3.3,86.2,64.4,4.2,7,40,30,Nao
9325,Engenharia Civil,3,Presencial,Manha,3.8,82.8,86.7,3.9,5,44,120,Nao
3491,Engenharia de Software,2,Presencial,Noite,11.8,79.4,88.6,7.8,8,20,120,Sim
3247,Engenharia Civil,2,Hibrida,Manha,4.7,71.3,69.0,9.3,0,30,30,Nao
9077,Enfermagem,3,Presencial,Manha,6.1,80.4,96.4,2.1,7,44,30,Nao
3854,Engenharia Civil,6,Presencial,Noite,6.6,100,77.8,2.6,3,0,10,Nao
9611,Administracao,4,Hibrida,Noite,10.4,100,100,3.6,4,30,30,Sim
1889,Engenharia Civil,3,Hibrida,Noite,8.0,67.6,63.6,4.8,5,20,60,Sim
7313,Engenharia Civil,5,Presencial,Noite,9.4,87.5,87.5,6.0,19,0,15,Sim
1989,Pedagogia,6,Presencial,Noite,1.8,94.8,68.8,6.6,5,0,20,Nao
4354,Enfermagem,1,EAD,Noite,4.1,100,88.7,6.0,3,0,0,Sim
1427,Enfermagem,5,Presencial,Manha,9.8,96.9,68.9,3.4,4,0,30,Nao
5845,Engenharia de Software,8,Presencial,Noite,8.4,86.7,65.8,6.2,6,30,45,Sim
9442,Pedagogia,4,Presencial,Manha,5.3,82.2,83.4,6.5,2,0,15,Sim
3915,Engenharia de Software,2,EAD,Noite,8.6,85.8,70.2,9.1,1,30,0,Sim
9313,Engenharia de Software,3,Presencial,Manha,4.7,60.9,56.1,4.8,3,40,30,Nao
9667,Engenharia de Software,3,Presencial,Noite,12.4,50.5,100,9.6,11,40,15,Sim
3534,Engenharia Civil,1,Presencial,Manha,5.7,75.9,93.7,4.3,2,44,45,Nao
4929,Engenharia de Software,2,Presencial,Manha,8.3,59.7,100,6.9,,20,90,Sim
3635,Enfermagem,3,EAD,Noite,9.3,92.0,90.5,6.4,6,0,0,Nao
4701,Administracao,2,Presencial,Manha,8.5,92.4,87.1,2.6,6,20,30,Sim
7178,Pedagogia,4,Presencial,Noite,8.1,85.7,100,5.8,7,20,20,Sim
4912,Pedagogia,3,Hibrida,Noite,5.9,89.9,86.8,5.4,5,20,60,Sim
5030,Administracao,3,Presencial,Noite,5.1,80.2,56.6,5.3,9,0,120,Nao
6856,Engenharia Civil,7,Presencial,Manha,12.3,86.0,100,5.4,9,0,30,Sim
8355,Administracao,8,Presencial,Noite,4.4,78.2,40.7,10,0,0,120,Nao
4286,Engenharia de Software,5,Presencial,Manha,9.6,96.7,44.1,3.9,11,0,30,Nao
3449,Engenharia Civil,6,Presencial,Noite,10.2,98.8,97.2,5.9,8,0,15,Sim
4801,Administracao,5,Presencial,Noite,7.5,82.1,83.7,4.2,4,40,45,Nao
7738,Engenharia Civil,1,Hibrida,Noite,4.9,80.4,65.6,6.5,3,0,45,Nao
7213,Administracao,6,Presencial,Noite,4.7,80.2,61.5,6.0,8,0,,Sim
8447,Administracao,4,Hibrida,Manha,9.7,81.4,93.2,8.7,4,40,,Sim
2206,Pedagogia,1,Hibrida,Noite,11.9,100,96.9,4.6,8,0,90,Sim
9217,Pedagogia,8,Hibrida,Noite,3.1,94.3,43.1,7.0,5,40,120,Nao
3866,Engenharia de Software,6,Hibrida,Manha,15.5,68.8,88.7,5.8,4,30,20,Nao
1836,Administracao,8,EAD,Manha,0.2,100,66.9,6.5,3,40,0,Nao
5924,Enfermagem,3,Presencial,Noite,9.1,70.7,100,4.3,8,30,90,Nao
7701,Pedagogia,5,Hibrida,Noite,5.0,67.4,28.1,6.5,1,44,15,Nao
9137,Pedagogia,3,Hibrida,Noite,0.2,86.2,39.4,4.7,2,44,90,Nao
3515,Engenharia Civil,6,EAD,Manha,6.3,77.4,45.6,4.9,9,40,0,Nao
4645,Engenharia Civil,3,Hibrida,Manha,7.1,98.8,97.9,1.5,7,0,60,Nao
3251,Engenharia Civil,1,Presencial,Manha,11.6,94.3,68.3,5.9,10,30,10,Nao
181,Enfermagem,2,EAD,Noite,1.1,84.7,81.8,4.4,4,30,0,Sim
7981,Engenharia Civil,2,Presencial,Noite,8.0,60.3,60.3,5.5,7,30,10,Nao
1110,Administracao,2,Presencial,Noite,10.8,72.1,70.1,6.6,10,30,20,Sim
5224,Enfermagem,3,Presencial,Manha,7.1,97.7,76.3,8.1,8,0,60,Nao
4465,Pedagogia,5,Hibrida,Noite,12.0,74.2,100,8.5,10,0,60,Sim
5419,Pedagogia,8,Presencial,Manha,9.4,84.8,80.5,6.7,9,0,45,Nao
1818,Administracao,1,Hibrida,Manha,9.1,88.8,86.1,7.4,7,30,120,Nao
5397,Engenharia de Software,4,Presencial,Manha,6.6,100,90.0,3.9,6,20,15,Sim
24,Pedagogia,8,Presencial,Noite,2.5,80.4,69.1,5.4,2,40,120,Sim
9763,Enfermagem,5,EAD,Manha,4.2,92.6,72.6,5.4,5,0,0,Sim
5078,Administracao,4,Presencial,Manha,5.9,79.8,100,5.9,3,44,15,Sim
1501,Administracao,8,Hibrida,Noite,6.2,87.2,78.7,5.5,8,20,120,Nao
211,Pedagogia,2,Hibrida,Manha,4.8,80.0,100,5.0,0,40,90,Sim
5333,Enfermagem,7,Presencial,Noite,,82.4,83.4,10,7,40,30,Nao
346,Engenharia de Software,1,Presencial,Manha,10.4,62.0,74.0,6.4,6,44,10,Nao
2334,Enfermagem,7,Presencial,Manha,7.4,79.9,56.5,8.3,11,44,60,Sim
1265,Engenharia Civil,5,Hibrida,Noite,8.5,62.9,88.7,5.3,7,40,10,Nao
6803,Administracao,1,Presencial,Noite,11.0,87.7,86.6,6.3,9,20,60,Sim
3299,Pedagogia,8,Presencial,Noite,11.5,85.7,80.6,7.5,5,0,15,Sim
8203,Administracao,4,Presencial,Manha,7.4,76.5,100,9.2,0,30,90,Sim
9294,Enfermagem,5,Presencial,Manha,3.7,94.8,100,5.2,5,30,90,Sim
9314,Administracao,7,EAD,Manha,5.6,89.0,37.8,2.2,5,0,0,Nao
4140,Engenharia de Software,7,Presencial,Noite,7.1,100,76.4,4.9,5,0,90,Nao
7418,Pedagogia,6,Presencial,Manha,14.2,82.6,99.0,6.1,8,30,120,Sim
3332,Pedagogia,7,Presencial,Noite,8.2,91.8,76.8,5.1,2,0,20,Nao
8146,Engenharia de Software,5,Hibrida,Manha,1.1,75.5,33.7,8.7,4,40,120,Nao
268,Administracao,1,Hibrida,Manha,12.3,72.2,87.8,7.7,7,44,15,Sim
8920,Engenharia de Software,3,Hibrida,Manha,,93.5,60.7,6.4,4,40,15,Nao
5262,Engenharia Civil,3,Hibrida,Noite,4.8,72.3,80.7,5.0,0,20,90,Nao
2812,Pedagogia,5,Presencial,Manha,5.6,100,53.0,,7,40,10,Sim
3898,Engenharia de Software,5,Presencial,Manha,6.4,84.6,72.4,3.8,6,0,15,Nao
26,Engenharia de Software,6,Presencial,Noite,0.2,88.2,90.1,6.8,5,30,45,Nao
7320,Engenharia de Software,6,Hibrida,Manha,12.4,71.8,100,7.4,9,20,90,Sim
1261,Engenharia de Software,7,EAD,Noite,8.0,86.7,72.4,7.2,,0,0,Sim
5309,Engenharia Civil,4,Hibrida,Noite,6.9,84.0,96.9,8.1,3,44,,Sim
5401,Pedagogia,8,Presencial,Noite,0.2,78.9,48.9,7.8,6,40,45,Nao
1571,Engenharia de Software,3,Presencial,Manha,9.1,90.5,73.5,6.8,5,0,60,Sim
7493,Pedagogia,7,Presencial,Manha,6.2,77.7,55.4,8.7,6,44,90,Sim
9126,Engenharia Civil,8,Presencial,Noite,4.6,100,88.3,3.8,8,30,120,Nao
3067,Pedagogia,2,Presencial,Noite,7.9,88.6,74.0,5.4,4,44,15,Nao
1161,Engenharia Civil,1,EAD,Noite,9.7,98.5,59.9,4.5,7,0,0,Nao
5467,Administracao,5,Hibrida,Noite,1.1,77.3,31.0,4.1,8,44,10,Nao
2114,Engenharia Civil,3,Hibrida,Noite,4.2,100,42.8,5.8,11,40,60,Sim
9223,Pedagogia,6,Hibrida,Manha,4.5,73.2,73.8,8.0,8,0,10,Sim
5766,Engenharia de Software,4,EAD,Noite,4.0,100,70.0,5.0,9,0,0,Nao
3362,Administracao,3,Presencial,Manha,3.4,95.3,77.0,4.4,0,30,120,Nao
4667,Engenharia de Software,4,Presencial,Noite,7.2,100,100,9.1,5,30,30,Sim
4184,Engenharia Civil,1,Hibrida,Manha,,78.6,68.7,4.2,9,44,30,Sim
7715,Enfermagem,1,Hibrida,Noite,16.5,97.1,100,5.6,10,0,10,Sim
7577,Engenharia Civil,4,Presencial,Noite,8.1,90.3,92.0,6.7,4,40,120,Sim
4493,Administracao,2,Hibrida,Manha,7.9,78.8,75.9,5.7,6,40,90,Sim
9833,Pedagogia,3,Presencial,Noite,3.5,100,62.0,1.5,3,0,120,Nao
9350,Engenharia Civil,3,Hibrida,Manha,6.2,82.9,100,8.3,3,0,15,Sim
4116,Enfermagem,6,Presencial,Noite,,83.2,40.1,6.5,2,30,15,Nao
819,Engenharia de Software,3,Presencial,Manha,6.0,59.4,72.0,6.2,7,40,30,Nao
882,Engenharia de Software,3,Hibrida,Manha,10.4,74.8,100,6.5,8,0,30,Nao
5484,Engenharia de Software,3,Hibrida,Manha,11.0,88.6,100,2.0,2,20,120,Nao
9928,Pedagogia,5,Presencial,Noite,4.9,84.6,46.8,3.1,2,20,30,Nao
4941,Engenharia de Software,2,Hibrida,Manha,6.7,84.6,75.9,8.0,8,0,30,Sim
1023,Engenharia de Software,2,Presencial,Noite,5.7,72.3,76.3,4.8,2,44,30,Nao
3657,Engenharia Civil,5,Hibrida,Manha,1.8,100,61.9,5.1,0,20,45,Nao
8086,Enfermagem,5,EAD,Noite,0.8,91.9,79.7,8.8,7,44,0,Sim
9300,Administracao,4,Presencial,Manha,13.8,78.6,64.9,8.3,8,0,30,Nao
3749,Enfermagem,7,Presencial,Manha,6.7,83.7,86.0,6.5,6,0,60,Sim
753,Engenharia Civil,3,Hibrida,Manha,4.9,80.7,79.4,3.4,8,44,120,Nao
4855,Engenharia de Software,2,EAD,Manha,0.2,77.0,39.1,5.5,3,30,0,Nao
6094,Pedagogia,7,Presencial,Noite,11.1,87.6,100,3.4,9,0,10,Nao
1256,Engenharia de Software,7,Hibrida,Noite,5.7,58.0,96.3,2.7,10,20,60,Nao
8101,Engenharia de Software,7,Hibrida,Noite,7.2,95.9,76.2,3.6,5,20,30,Nao
4637,Pedagogia,7,Hibrida,Manha,11.2,74.7,78.0,6.8,7,0,120,Sim
4848,Administracao,2,Presencial,Manha,6.4,70.9,71.5,6.0,5,20,60,Sim
4526,Enfermagem,3,Presencial,Manha,8.7,93.1,63.2,7.2,8,0,120,Sim
2390,Engenharia Civil,5,Presencial,Noite,0.2,87.0,40.3,7.6,7,44,30,Sim
4603,Engenharia Civil,6,Hibrida,Noite,5.0,83.5,74.5,6.7,2,30,45,Sim
6768,Engenharia de Software,1,Presencial,Noite,3.5,75.7,80.7,2.3,0,20,30,Nao
5010,Enfermagem,4,Presencial,Manha,6.9,100,64.9,5.4,4,0,20,Sim
5658,Engenharia Civil,2,Presencial,Manha,3.4,74.5,22.4,8.1,1,20,90,Nao
5992,Engenharia de Software,4,Presencial,Noite,9.9,89.9,64.9,9.2,8,0,90,Sim
7655,Enfermagem,3,EAD,Noite,8.1,100,89.6,8.5,8,0,0,Sim
9198,Administracao,3,Presencial,Noite,1.6,75.8,58.4,3.8,7,30,60,Nao
9154,Engenharia de Software,1,Presencial,Noite,6.9,100,98.6,4.0,8,0,20,Sim
4561,Pedagogia,1,Presencial,Manha,7.7,78.5,97.7,5.4,4,20,10,Nao
7419,Administracao,1,Presencial,Manha,10.1,70.4,80.0,2.5,8,44,120,Nao
4998,Engenharia Civil,1,Presencial,Noite,,100,79.9,6.3,12,20,15,Nao
7802,Engenharia de Software,2,Presencial,Manha,,75.1,60.7,6.7,1,0,120,Nao
2574,Administracao,7,Hibrida,Manha,0.9,69.0,74.1,5.0,2,44,20,Nao
1301,Engenharia de Software,6,Hibrida,Noite,0.8,98.3,82.3,4.7,0,44,120,Nao
5727,Enfermagem,7,Presencial,Manha,6.4,100,75.6,8.3,4,0,90,Sim
7693,Enfermagem,2,Hibrida,Noite,8.6,78.8,81.5,8.1,9,0,45,Sim
1801,Engenharia de Software,3,Presencial,Noite,11.1,90.6,100,6.6,11,40,45,Sim
8506,Engenharia Civil,6,Hibrida,Noite,8.8,87.7,74.1,6.4,7,40,120,Sim
294,Enfermagem,8,EAD,Noite,5.7,85.9,95.2,6.0,4,40,0,Sim
6689,Engenharia de Software,8,Presencial,Manha,3.0,93.1,86.3,2.8,6,0,10,Sim
2545,Administracao,1,Presencial,Noite,6.1,74.8,99.1,6.0,9,40,15,Nao
4119,Engenharia Civil,2,Presencial,Manha,10.7,78.5,77.3,8.2,9,30,90,Sim
3788,Administracao,7,Hibrida,Manha,9.9,84.9,48.8,3.1,6,0,30,Nao
1009,Enfermagem,1,EAD,Manha,4.2,93.6,75.2,8.2,6,30,0,Sim
4026,Engenharia de Software,2,Hibrida,Noite,8.2,84.6,81.2,4.2,7,30,30,Sim
140,Administracao,4,Presencial,Noite,10.3,80.8,79.9,8.8,10,30,120,Sim
3124,Enfermagem,5,Hibrida,Manha,5.8,76.6,100,6.1,6,0,15,Sim
9731,Administracao,5,Presencial,Manha,7.6,79.9,65.6,6.9,8,30,20,Nao
935,Pedagogia,8,Presencial,Noite,7.5,80.4,57.3,8.2,6,40,15,Sim
4756,Pedagogia,6,Hibrida,Manha,2.7,77.1,64.4,,5,0,60,Nao
7277,Engenharia Civil,7,Presencial,Noite,9.7,80.9,78.3,5.3,,30,90,Sim
8829,Engenharia de Software,4,EAD,Noite,5.0,58.6,78.4,5.3,9,40,,Sim
3068,Pedagogia,4,Presencial,Noite,7.7,77.8,63.4,5.6,6,40,45,Nao
8036,Pedagogia,6,Presencial,Manha,5.1,63.3,84.0,7.3,2,40,60,Nao
4696,Administracao,3,Presencial,Noite,8.8,84.9,99.4,7.4,13,0,20,Sim
9585,Administracao,6,Hibrida,Manha,,97.3,72.0,2.2,10,0,15,Sim
1088,Pedagogia,2,Hibrida,Manha,0.2,83.5,54.8,5.3,5,20,45,Nao
4784,Administracao,7,EAD,Noite,12.0,89.4,93.4,8.4,4,0,0,Sim
7136,Engenharia de Software,4,Presencial,Noite,6.4,99.5,86.8,5.2,4,30,60,Nao
4916,Pedagogia,2,Presencial,Noite,6.1,73.9,70.1,7.1,10,20,30,Sim
2013,Administracao,1,Presencial,Manha,0.2,59.7,62.2,6.2,3,40,60,Nao
5439,Pedagogia,1,EAD,Noite,9.2,80.6,99.9,9.0,8,0,0,Sim
5942,Engenharia Civil,3,Presencial,Noite,11.3,85.1,79.4,,12,0,15,Sim
5425,Administracao,3,Hibrida,Manha,6.9,100,75.4,3.1,4,44,10,Nao
6934,Engenharia de Software,1,Presencial,Manha,12.5,79.6,94.4,3.8,7,0,20,Nao
7439,Pedagogia,7,Presencial,Manha,6.8,57.1,86.3,7.2,8,44,10,Nao
1395,Administracao,1,Presencial,Manha,11.0,71.1,98.5,4.9,5,0,120,Sim
3970,Administracao,7,EAD,Noite,14.8,73.6,88.3,6.5,12,0,0,Nao
4542,Administracao,2,Presencial,Noite,4.6,100,83.6,5.4,8,44,60,Nao
5367,Engenharia Civil,4,Hibrida,Noite,3.9,92.9,94.0,5.5,3,30,30,Sim
1473,Administracao,3,Hibrida,Noite,0.2,87.1,61.3,5.3,6,20,45,Nao
54,Administracao,1,Hibrida,Manha,7.5,90.1,45.7,6.4,6,0,,Sim
9309,Pedagogia,7,Hibrida,Noite,6.4,100,67.3,7.5,7,20,120,Nao
79,Engenharia Civil,2,Hibrida,Noite,6.6,100,65.4,7.9,4,44,20,Sim
7452,Engenharia de Software,5,EAD,Noite,12.5,87.1,80.4,8.5,11,0,0,Sim
3385,Pedagogia,8,Hibrida,Manha,,89.5,98.9,6.4,4,40,120,Sim
9802,Engenharia de Software,3,Presencial,Manha,10.3,69.6,86.6,6.3,10,0,15,Sim
9660,Engenharia de Software,4,Presencial,Noite,9.4,97.6,54.0,7.6,1,0,60,Sim
1245,Engenharia de Software,4,Presencial,Noite,6.6,77.4,61.5,5.9,6,0,10,Nao
2270,Engenharia de Software,3,Presencial,Manha,11.8,100,80.6,7.8,5,0,30,Nao
776,Pedagogia,8,Presencial,Manha,7.1,72.8,75.8,6.7,4,20,45,Sim
5554,Pedagogia,7,Hibrida,Noite,9.9,85.1,73.5,4.0,4,40,15,Nao
210,Enfermagem,3,Presencial,Manha,8.1,69.6,67.4,,4,40,90,Sim
3290,Pedagogia,7,Hibrida,Noite,8.3,74.0,84.7,,8,20,10,Sim
1254,Administracao,2,Presencial,Noite,7.9,86.7,91.8,5.4,5,40,45,Nao
5131,Engenharia Civil,7,Presencial,Manha,6.8,72.5,81.7,7.8,10,44,120,Nao
6560,Engenharia Civil,2,Hibrida,Manha,1.3,72.6,65.0,4.5,7,44,90,Nao
2500,Pedagogia,3,Presencial,Manha,5.8,100,72.5,9.0,4,0,45,Sim
421,Administracao,4,Presencial,Noite,1.1,77.4,62.5,7.8,9,40,90,Nao
9399,Enfermagem,6,Presencial,Manha,9.1,73.7,64.9,3.4,11,0,60,Nao
5296,Enfermagem,2,Hibrida,Noite,5.7,83.9,86.9,5.2,4,44,90,Nao
982,Pedagogia,1,Presencial,Noite,11.0,82.9,100,4.3,7,20,15,Sim
3398,Administracao,3,Presencial,Noite,10.5,76.1,81.4,3.7,13,44,30,Nao
9349,Pedagogia,8,Presencial,Manha,7.0,84.5,,7.4,6,44,120,Nao
9432,Engenharia de Software,1,EAD,Noite,7.7,68.0,77.9,6.1,6,0,0,Sim
2603,Engenharia de Software,1,Hibrida,Manha,7.8,94.2,61.9,7.7,6,40,15,Sim
2371,Pedagogia,3,Presencial,Noite,5.4,91.8,63.4,6.2,5,30,15,Nao
6769,Engenharia Civil,1,Presencial,Manha,11.1,88.7,100,6.2,10,20,20,Sim
4729,Engenharia Civil,5,Presencial,Noite,9.2,65.3,100,4.7,6,0,10,Sim
2823,Engenharia de Software,4,Presencial,Manha,6.2,84.3,64.0,8.2,1,0,60,Nao
6501,Engenharia Civil,8,Presencial,Noite,8.1,80.0,94.6,6.4,5,0,60,Sim
7090,Administracao,3,Presencial,Manha,6.7,77.7,66.1,6.8,0,44,30,Nao
8510,Pedagogia,7,Hibrida,Noite,7.6,82.3,100,7.2,8,40,30,Sim
897,Administracao,8,Presencial,Manha,5.0,82.9,62.8,5.5,3,40,90,Nao
6151,Pedagogia,8,Presencial,Manha,9.6,81.1,72.9,4.8,6,0,30,Nao
1115,Enfermagem,1,Hibrida,Noite,8.2,62.7,83.9,6.5,6,20,60,Sim
4213,Engenharia Civil,7,Hibrida,Noite,5.3,84.7,97.5,7.4,8,44,15,Sim
8229,Enfermagem,2,Presencial,Noite,4.8,92.4,83.6,6.5,9,0,20,Sim
2231,Administracao,3,Hibrida,Manha,7.3,98.2,63.9,5.1,14,0,30,Nao
8107,Pedagogia,3,EAD,Manha,8.1,83.6,58.0,8.1,7,30,0,Nao
5409,Pedagogia,5,Presencial,Manha,4.2,77.8,56.5,9.1,6,0,10,Nao
1259,Pedagogia,6,Presencial,Manha,7.2,80.2,89.2,6.1,5,40,45,Nao
5070,Pedagogia,1,Presencial,Noite,0.2,93.2,56.4,7.7,1,30,10,Nao
4482,Enfermagem,5,EAD,Manha,11.8,75.0,100,5.3,10,30,0,Nao
1234,Administracao,6,Presencial,Manha,6.1,89.1,84.1,4.2,6,20,20,Sim
6161,Engenharia Civil,3,Presencial,Noite,8.7,74.3,100,8.8,6,44,20,Sim
8793,Engenharia Civil,3,Presencial,Manha,9.9,82.4,31.0,3.9,6,0,120,Nao
2740,Pedagogia,2,Hibrida,Manha,7.7,93.5,84.0,3.9,5,20,90,Sim
1382,Pedagogia,4,EAD,Noite,2.6,84.0,74.6,6.6,2,44,0,Sim
6088,Engenharia Civil,8,EAD,Noite,5.8,76.9,56.1,10,7,44,0,Nao
3690,Pedagogia,5,Presencial,Noite,3.3,75.4,59.8,7.0,4,0,15,Nao
9930,Engenharia de Software,6,Hibrida,Manha,10.1,96.2,56.7,7.5,9,30,15,Sim
6531,Pedagogia,5,Presencial,Noite,7.9,74.4,45.7,7.4,3,40,45,Nao
7954,Engenharia Civil,4,Presencial,Noite,2.9,82.8,54.2,2.6,5,30,15,Nao
1158,Engenharia de Software,1,Hibrida,Manha,5.7,88.7,84.0,6.2,6,20,,Sim
7792,Enfermagem,1,Presencial,Manha,12.7,90.4,100,5.0,14,40,10,Sim
2038,Engenharia Civil,3,EAD,Noite,9.6,85.1,75.4,5.4,9,0,0,Nao
7199,Engenharia Civil,1,Hibrida,Manha,11.6,76.8,59.5,7.4,6,0,60,Sim
437,Administracao,8,Hibrida,Noite,8.7,66.2,78.9,7.1,8,20,45,Sim
8639,Engenharia Civil,4,Presencial,Manha,1.7,76.0,57.3,3.2,5,44,20,Nao
794,Administracao,2,Hibrida,Manha,6.6,76.6,34.2,4.7,7,0,,Nao
2143,Engenharia de Software,6,Presencial,Noite,0.6,75.3,65.0,8.8,1,0,20,Nao
3592,Administracao,5,Presencial,Manha,5.4,95.4,49.7,5.5,14,44,15,Sim
3025,Enfermagem,3,EAD,Noite,0.2,71.9,86.2,8.7,5,44,0,Nao
1547,Enfermagem,3,Presencial,Noite,0.3,88.6,64.7,4.3,7,44,60,Nao
5741,Administracao,6,Presencial,Noite,4.4,91.9,81.9,5.5,4,30,90,Nao
5898,Enfermagem,4,Presencial,Noite,8.4,85.3,96.5,7.5,3,30,60,Sim
9304,Administracao,5,Presencial,Noite,5.8,93.1,80.0,5.8,4,0,45,Sim
9164,Engenharia Civil,8,Presencial,Noite,5.0,85.2,69.3,5.3,5,30,15,Nao
6737,Administracao,4,Presencial,Manha,9.4,89.3,70.3,7.2,4,40,45,Sim
2256,Administracao,3,Presencial,Noite,8.0,85.5,,7.4,5,0,90,Nao
4164,Engenharia de Software,4,Presencial,Manha,5.8,88.3,84.0,7.6,8,0,90,Sim
1169,Administracao,4,EAD,Noite,3.9,68.4,80.3,3.9,7,40,0,Sim
7022,Engenharia Civil,2,Presencial,Noite,6.5,81.1,77.7,7.3,9,40,90,Nao
9293,Administracao,8,Presencial,Noite,7.4,87.4,76.1,7.4,5,20,45,Nao
2190,Engenharia de Software,8,Presencial,Noite,12.3,84.9,80.2,6.9,5,30,120,Nao
781,Engenharia Civil,7,Hibrida,Manha,12.1,77.0,82.6,2.5,7,0,120,Sim
5203,Engenharia de Software,5,EAD,Manha,6.3,86.5,52.5,2.3,10,30,0,Nao
291,Enfermagem,2,Hibrida,Manha,0.8,90.0,51.3,4.7,4,44,30,Nao
6889,Enfermagem,2,Hibrida,Noite,5.3,81.8,89.3,7.5,6,30,20,Nao
6710,Enfermagem,1,Hibrida,Manha,8.0,96.6,80.4,7.2,8,30,45,Sim
518,Administracao,6,Presencial,Manha,3.0,83.4,36.3,2.2,4,40,90,Nao
1902,Enfermagem,2,Hibrida,Noite,4.9,85.8,54.2,5.2,2,30,90,Nao
5022,Pedagogia,8,Hibrida,Noite,7.4,76.2,85.9,6.8,5,44,60,Sim
70,Enfermagem,4,Hibrida,Manha,8.6,100,73.5,5.6,11,0,120,Sim
3470,Administracao,3,Presencial,Noite,4.3,77.2,79.2,7.1,2,20,20,Nao
8434,Enfermagem,1,Presencial,Noite,2.8,75.4,86.9,,,20,60,Nao
3040,Enfermagem,5,EAD,Manha,12.7,72.4,74.3,7.1,10,0,0,Sim
6772,Enfermagem,2,Presencial,Noite,8.2,61.9,75.9,2.3,7,0,45,Nao
4459,Administracao,3,Presencial,Manha,16.1,97.9,97.9,5.0,11,20,15,Sim
578,Pedagogia,7,Hibrida,Manha,7.4,65.0,57.1,5.4,10,0,90,Nao
4661,Engenharia de Software,3,EAD,Manha,7.9,62.9,56.2,6.7,3,44,0,Nao
8854,Administracao,8,Hibrida,Noite,4.8,96.7,51.7,9.6,8,20,10,Sim
1609,Engenharia Civil,6,Presencial,Manha,6.9,79.6,81.5,6.6,7,0,45,Nao
1655,Administracao,8,Hibrida,Manha,6.3,80.0,95.1,3.8,11,0,15,Nao
3046,Engenharia de Software,8,Hibrida,Manha,10.8,92.0,92.6,4.4,9,0,30,Sim
4033,Enfermagem,2,Presencial,Manha,4.9,82.6,69.1,3.0,7,0,20,Nao
3603,Enfermagem,6,Presencial,Manha,0.8,86.9,41.7,8.5,7,20,15,Sim
5300,Enfermagem,2,Presencial,Manha,7.5,77.1,60.4,5.0,6,0,120,Nao
5098,Pedagogia,6,Presencial,Noite,0.3,82.6,37.9,3.6,3,0,120,Nao
5711,Engenharia Civil,7,EAD,Manha,4.1,84.9,49.1,6.6,5,30,0,Nao
6368,Pedagogia,5,Presencial,Manha,6.8,66.0,79.7,3.6,2,30,45,Nao
2116,Engenharia Civil,4,EAD,Manha,4.7,84.3,100,4.8,7,30,0,Sim
8204,Enfermagem,8,Presencial,Noite,6.6,76.5,62.3,7.8,4,40,30,Nao
7146,Enfermagem,7,Presencial,Noite,1.3,70.4,47.3,7.8,0,0,45,Nao
9544,Pedagogia,8,Presencial,Noite,9.0,88.0,99.6,3.6,6,0,60,Sim
8514,Pedagogia,3,EAD,Manha,12.0,93.0,71.2,4.5,8,0,0,Sim
7818,Engenharia de Software,1,Presencial,Noite,5.8,68.2,89.1,7.7,7,44,120,Sim
5698,Pedagogia,7,Hibrida,Manha,2.7,77.1,73.4,5.7,4,0,45,Nao
3951,Pedagogia,7,Presencial,Manha,5.2,92.2,70.9,7.8,4,44,90,Nao
4295,Pedagogia,4,Presencial,Manha,6.7,83.9,58.3,7.0,5,20,60,Nao
615,Enfermagem,2,Hibrida,Noite,4.3,73.5,90.9,7.2,8,40,45,Sim
4013,Engenharia Civil,2,Presencial,Noite,5.8,86.1,92.5,6.8,0,30,60,Sim
1511,Administracao,5,Hibrida,Noite,3.1,82.5,55.8,7.6,0,20,90,Nao
9501,Engenharia de Software,8,Presencial,Noite,8.4,79.2,65.1,3.3,13,20,45,Nao
4406,Administracao,2,EAD,Noite,3.0,79.2,53.3,4.7,7,40,0,Nao
9468,Enfermagem,8,Hibrida,Manha,2.8,67.3,75.8,6.4,1,44,120,Nao
4017,Enfermagem,4,Hibrida,Manha,11.3,92.4,92.8,2.7,7,20,15,Nao
3475,Engenharia Civil,2,Presencial,Manha,7.6,87.1,86.7,3.3,7,0,120,Nao
8375,Enfermagem,1,Presencial,Noite,5.8,81.7,67.0,5.2,4,0,45,Sim
1073,Administracao,6,Presencial,Noite,12.0,92.1,74.2,5.7,9,0,120,Nao
4979,Engenharia de Software,3,EAD,Noite,13.9,95.0,93.6,5.9,9,0,0,Sim
8696,Engenharia Civil,2,Presencial,Noite,9.0,78.9,78.8,3.9,8,0,120,Nao
7589,Engenharia Civil,5,Hibrida,Noite,6.3,80.1,82.5,7.1,4,20,30,Sim
9697,Engenharia Civil,8,Hibrida,Manha,9.2,77.2,97.0,5.2,12,44,120,Sim
903,Administracao,8,Presencial,Noite,10.0,74.2,98.2,4.8,9,40,15,Sim
8822,Engenharia Civil,4,Presencial,Noite,3.6,74.0,68.7,8.2,8,20,90,Nao
8893,Enfermagem,7,Presencial,Noite,5.5,100,69.4,8.0,8,44,15,Sim
2189,Pedagogia,4,Presencial,Noite,2.4,83.1,56.9,4.8,6,40,15,Nao
8075,Pedagogia,5,EAD,Manha,9.0,93.6,70.6,5.2,12,30,0,Nao
5096,Engenharia Civil,5,Presencial,Noite,6.4,70.0,58.2,,1,30,120,Nao
440,Pedagogia,3,Presencial,Noite,5.5,78.0,70.0,5.2,6,44,15,Nao
489,Engenharia Civil,6,Presencial,Noite,3.8,66.7,74.1,5.6,9,0,20,Sim
9590,Administracao,5,Hibrida,Noite,6.5,82.6,78.1,6.9,8,44,15,Sim
1201,Engenharia de Software,5,Hibrida,Manha,5.3,73.9,63.6,5.5,6,0,60,Nao
5430,Engenharia de Software,6,Presencial,Noite,5.4,96.7,66.2,5.4,0,20,30,Sim
3211,Administracao,2,Hibrida,Manha,4.6,100,62.8,6.4,6,40,120,Nao
4999,Enfermagem,2,Hibrida,Manha,7.6,75.0,69.9,9.5,6,0,45,Nao
3064,Enfermagem,2,Hibrida,Manha,5.6,95.5,48.7,4.0,8,20,20,Nao
4796,Pedagogia,7,Presencial,Manha,8.8,80.4,52.5,4.4,7,20,60,Nao
2471,Administracao,4,EAD,Noite,2.6,88.5,60.8,7.0,0,0,0,Sim
4717,Pedagogia,3,Presencial,Noite,,66.1,96.9,6.8,5,0,60,Sim
4068,Pedagogia,4,EAD,Manha,6.2,76.8,71.3,5.4,7,40,0,Nao
5846,Engenharia de Software,8,Presencial,Manha,13.0,79.8,59.4,6.5,6,30,30,Nao
6930,Engenharia de Software,5,Presencial,Manha,5.6,82.0,81.9,5.6,8,0,15,Nao
9425,Engenharia Civil,8,Presencial,Noite,7.4,79.3,78.8,2.9,9,40,10,Nao
1926,Pedagogia,1,EAD,Manha,7.2,79.2,81.2,4.1,8,44,0,Nao
3370,Engenharia Civil,6,Hibrida,Noite,11.0,88.1,41.2,6.2,10,0,15,Sim
4868,Administracao,6,Presencial,Manha,3.9,96.3,48.9,6.6,7,30,15,Sim
237,Engenharia Civil,4,Presencial,Noite,11.0,88.6,56.3,7.0,2,0,45,Sim
5982,Enfermagem,6,EAD,Manha,11.3,82.2,65.7,8.3,7,0,0,Sim
3923,Pedagogia,1,EAD,Manha,12.0,83.7,78.9,4.8,12,44,0,Sim
2370,Engenharia de Software,7,EAD,Noite,0.5,92.3,50.7,4.7,2,30,0,Nao
8458,Engenharia de Software,1,Hibrida,Noite,6.2,80.8,75.5,7.0,3,30,15,Nao
4388,Enfermagem,1,Presencial,Manha,0.6,92.0,44.9,4.5,1,40,20,Nao
7854,Enfermagem,5,Hibrida,Noite,4.5,77.7,79.2,4.4,4,40,15,Nao
8265,Engenharia de Software,2,Hibrida,Noite,2.2,67.3,74.7,5.0,2,44,60,Nao
6923,Administracao,1,Hibrida,Manha,1.4,80.8,75.2,8.2,6,44,20,Nao
9107,Administracao,3,Presencial,Manha,1.2,67.5,80.6,5.3,4,44,45,Nao
5726,Enfermagem,7,Hibrida,Manha,9.3,67.2,100,8.4,5,20,15,Sim
7095,Engenharia Civil,3,Hibrida,Manha,12.2,72.2,91.6,7.1,5,0,20,Sim
809,Administracao,6,Presencial,Noite,6.6,100,96.7,8.4,9,0,45,Nao
4614,Enfermagem,6,EAD,Manha,10.4,93.6,93.1,9.3,6,40,0,Sim
1878,Enfermagem,1,Hibrida,Manha,4.7,74.5,79.7,7.9,5,30,30,Nao
2930,Pedagogia,3,Presencial,Noite,8.1,96.3,80.0,7.6,10,0,30,Sim
6134,Engenharia de Software,4,Hibrida,Noite,9.5,84.5,77.3,5.1,1,0,30,Sim
2703,Engenharia de Software,3,EAD,Noite,8.6,90.9,90.0,4.5,4,0,0,Sim
5529,Enfermagem,4,Presencial,Noite,13.9,76.6,62.2,4.6,15,0,45,Sim
6843,Engenharia de Software,2,EAD,Noite,9.0,89.3,67.6,6.7,5,40,0,Sim
9231,Pedagogia,4,Presencial,Noite,8.6,87.5,83.1,7.7,9,40,10,Sim
5564,Enfermagem,4,Hibrida,Manha,8.4,91.3,81.7,3.4,8,40,90,Sim
8042,Pedagogia,4,Presencial,Noite,3.3,95.9,44.0,6.4,5,44,15,Nao
9434,Engenharia de Software,4,EAD,Noite,0.5,92.2,23.2,6.1,1,20,0,Sim
2272,Engenharia Civil,6,Hibrida,Noite,10.2,63.3,83.1,6.5,7,20,45,Nao
3344,Administracao,4,Hibrida,Noite,6.4,84.0,75.6,6.7,0,44,20,Sim
2945,Engenharia Civil,1,EAD,Manha,8.1,77.5,59.8,4.3,5,30,0,Nao
8566,Engenharia Civil,7,Presencial,Manha,12.3,80.7,70.3,5.3,12,0,15,Nao
7071,Engenharia Civil,7,Presencial,Manha,12.1,69.6,72.7,5.7,8,20,10,Sim
3002,Administracao,1,Hibrida,Noite,9.1,86.2,58.0,4.4,4,40,15,Sim
4972,Engenharia Civil,7,Presencial,Noite,7.5,100,80.0,6.3,3,30,45,Sim
8399,Pedagogia,7,Hibrida,Manha,5.5,60.8,66.5,5.6,2,20,90,Nao
9867,Engenharia de Software,6,Presencial,Noite,8.6,84.7,65.1,7.4,8,0,90,Sim
3226,Engenharia de Software,5,Hibrida,Noite,6.6,76.1,82.8,9.5,13,30,120,Sim
2306,Engenharia de Software,1,Presencial,Manha,0.2,73.4,68.0,3.3,2,40,15,Nao
2973,Pedagogia,7,Hibrida,Manha,9.1,83.4,,5.0,4,0,45,Nao
7304,Engenharia Civil,4,Presencial,Manha,12.3,93.3,72.9,5.3,4,20,120,Sim
7812,Pedagogia,8,EAD,Noite,15.0,80.0,96.2,4.3,13,40,0,Sim
711,Engenharia Civil,6,Presencial,Noite,8.1,91.7,100,6.5,7,0,90,Sim
117,Administracao,5,Presencial,Manha,2.6,88.9,82.3,5.4,3,30,120,Sim
9481,Engenharia Civil,7,Hibrida,Manha,6.2,93.5,93.9,6.8,9,44,90,Sim
5759,Engenharia de Software,4,Hibrida,Noite,6.8,100,56.1,4.6,3,30,20,Nao
6129,Engenharia Civil,6,Presencial,Manha,7.7,100,73.2,5.0,3,40,90,Sim
2265,Administracao,4,Presencial,Manha,10.6,79.9,100,4.0,6,0,30,Nao
4737,Administracao,8,EAD,Noite,8.4,100,100,3.4,1,44,0,Sim
8544,Pedagogia,5,Presencial,Noite,6.0,86.3,46.8,6.2,6,44,45,Nao
6617,Engenharia Civil,6,Hibrida,Manha,0.2,77.1,54.6,5.7,2,40,15,Nao
2605,Pedagogia,8,Presencial,Manha,0.2,79.7,32.2,7.7,2,30,45,Nao
7921,Engenharia Civil,2,Presencial,Noite,9.7,80.9,79.5,,8,44,90,Sim
653,Enfermagem,2,Presencial,Manha,0.2,65.9,44.3,3.9,1,30,15,Nao
7471,Administracao,4,Hibrida,Manha,7.0,74.7,100,7.4,3,0,120,Sim
716,Pedagogia,4,Hibrida,Manha,12.7,61.8,78.3,5.7,12,44,60,Sim
1961,Pedagogia,8,Presencial,Manha,8.0,95.5,90.2,9.3,7,0,20,Sim
5220,Enfermagem,2,Presencial,Noite,1.3,91.2,58.3,6.6,5,20,60,Nao
9457,Engenharia Civil,4,Presencial,Manha,5.5,79.2,94.9,5.7,3,0,60,Nao
7753,Engenharia Civil,2,Presencial,Noite,4.7,99.6,50.3,7.5,1,0,45,Nao
1610,Engenharia Civil,4,Hibrida,Manha,5.8,85.7,62.6,9.1,0,44,30,Nao
3045,Pedagogia,3,Hibrida,Noite,9.7,90.5,65.1,5.8,3,30,30,Sim
9836,Pedagogia,6,EAD,Manha,2.5,89.0,38.6,8.0,3,40,0,Nao
636,Pedagogia,6,Presencial,Noite,0.5,73.9,21.7,9.8,2,30,,Nao
7960,Administracao,7,Presencial,Manha,9.5,83.9,40.0,5.9,10,20,30,Nao
1003,Enfermagem,5,Presencial,Noite,5.3,77.2,80.6,,3,20,15,Nao
2209,Engenharia Civil,4,Presencial,Manha,8.6,92.7,100,7.3,9,40,120,Nao
1835,Engenharia Civil,3,Presencial,Manha,4.2,89.3,83.8,6.0,9,44,120,Sim
4583,Enfermagem,8,Presencial,Noite,6.7,96.4,85.3,6.5,4,0,90,Sim
3627,Engenharia Civil,2,Presencial,Noite,8.5,92.8,66.4,4.0,9,0,45,Nao
3448,Engenharia Civil,3,Presencial,Manha,1.4,55.0,62.4,7.2,1,40,,Nao
8847,Enfermagem,8,Presencial,Noite,1.7,87.3,66.2,6.0,8,44,90,Nao
7877,Administracao,2,Hibrida,Manha,6.2,76.5,71.0,4.7,4,0,10,Sim
9295,Enfermagem,5,Hibrida,Noite,14.2,79.6,64.3,6.8,4,30,10,Sim
7329,Administracao,3,Presencial,Manha,15.5,74.4,91.7,6.5,10,0,45,Nao
1231,Enfermagem,4,Hibrida,Manha,7.3,88.3,100,6.0,6,20,30,Sim
6438,Engenharia de Software,4,Presencial,Manha,9.7,89.9,100,7.0,8,30,30,Sim
9606,Administracao,8,Presencial,Noite,8.7,68.1,65.1,6.0,4,30,45,Nao
4168,Pedagogia,2,Presencial,Manha,9.9,83.7,84.4,9.3,5,0,60,Nao
8821,Engenharia de Software,2,Hibrida,Noite,0.5,79.4,54.7,3.5,4,40,45,Nao
9210,Administracao,4,Presencial,Manha,7.1,84.5,66.9,8.5,6,44,15,Sim
4270,Engenharia Civil,2,Presencial,Noite,12.7,80.3,70.6,6.4,12,20,45,Sim
7861,Enfermagem,6,Presencial,Manha,7.5,79.9,83.2,4.7,8,0,30,Nao
5034,Administracao,8,Hibrida,Noite,12.3,72.4,100,3.8,7,44,120,Sim
9561,Administracao,7,EAD,Manha,8.9,86.5,78.0,4.9,15,44,0,Sim
323,Engenharia Civil,1,Presencial,Manha,4.4,90.4,64.1,5.0,6,40,30,Sim
3443,Administracao,6,EAD,Manha,0.2,75.0,48.2,,5,0,0,Nao
8547,Administracao,2,Hibrida,Noite,8.5,86.6,86.1,4.1,10,40,45,Sim
5482,Engenharia de Software,4,Presencial,Noite,2.5,87.0,100,8.2,8,40,10,Nao
8651,Engenharia de Software,2,Hibrida,Noite,1.3,62.5,75.3,3.9,3,44,15,Nao
1406,Engenharia Civil,6,Presencial,Manha,12.1,79.6,77.8,10,16,20,15,Sim
6780,Pedagogia,4,Hibrida,Noite,8.7,74.0,79.1,6.6,5,40,20,Sim
7282,Engenharia de Software,4,Presencial,Manha,4.5,70.1,77.8,4.6,3,40,45,Nao
4532,Enfermagem,8,Presencial,Manha,4.9,92.0,54.1,2.9,8,44,120,Nao
9699,Engenharia Civil,3,Hibrida,Noite,8.4,90.1,97.9,5.7,7,44,120,Sim
3924,Engenharia Civil,7,Presencial,Manha,6.6,87.3,68.1,7.9,4,30,120,Sim
4573,Enfermagem,4,Presencial,Noite,7.5,87.5,95.3,3.2,3,0,45,Nao
3905,Enfermagem,4,EAD,Manha,14.8,67.0,97.8,6.0,11,0,0,Nao
8688,Enfermagem,1,Presencial,Noite,10.0,73.0,60.3,5.7,10,0,15,Nao
7061,Enfermagem,8,EAD,Manha,6.6,100,45.6,1.0,3,0,0,Nao
3355,Pedagogia,5,Presencial,Manha,0.2,82.5,38.8,4.8,7,40,15,Nao
7335,Engenharia Civil,7,EAD,Manha,5.6,74.9,45.7,5.9,1,30,0,Sim
3847,Pedagogia,6,Presencial,Manha,1.2,82.6,80.8,5.1,0,30,30,Nao
669,Pedagogia,4,Hibrida,Noite,8.7,99.7,94.7,3.9,6,0,45,Sim
5666,Engenharia Civil,6,Presencial,Noite,10.3,86.3,97.3,4.0,9,40,15,Sim
7804,Engenharia de Software,4,Presencial,Manha,8.0,82.6,83.5,7.5,9,20,10,Sim
3641,Enfermagem,1,Hibrida,Manha,10.6,76.5,51.4,5.5,7,0,20,Nao
8282,Engenharia de Software,3,Hibrida,Manha,2.9,92.4,74.8,7.1,7,40,90,Sim
6319,Enfermagem,1,Hibrida,Noite,4.1,73.0,47.1,7.3,5,44,60,Nao
2195,Pedagogia,8,Hibrida,Manha,4.8,77.6,85.3,5.4,11,0,60,Sim
1962,Pedagogia,8,Hibrida,Manha,10.3,72.0,,6.2,1,20,90,Sim
6048,Enfermagem,4,Presencial,Manha,5.9,81.9,64.4,7.0,1,0,45,Sim
9413,Engenharia de Software,1,Hibrida,Manha,11.4,79.8,76.9,5.8,9,40,60,Sim
2495,Engenharia de Software,2,Hibrida,Noite,8.7,93.8,73.2,5.7,9,30,30,Sim
8783,Pedagogia,6,Presencial,Manha,9.0,100,62.0,7.0,10,0,90,Sim
9760,Engenharia de Software,6,Presencial,Manha,8.5,72.7,44.7,9.8,1,44,60,Nao
3265,Engenharia Civil,6,Presencial,Noite,4.0,83.5,96.0,6.3,7,40,15,Sim
6385,Engenharia de Software,1,Presencial,Noite,8.6,73.4,100,3.0,6,30,120,Nao
1306,Engenharia de Software,5,Presencial,Noite,2.9,84.5,65.8,4.5,1,0,90,Sim
8911,Engenharia Civil,8,Presencial,Manha,7.2,77.9,100,7.2,10,0,90,Sim
7091,Enfermagem,4,Hibrida,Noite,11.6,89.9,67.5,,6,20,90,Nao
8155,Administracao,1,Presencial,Manha,0.2,80.2,55.5,8.0,6,30,120,Nao
278,Engenharia de Software,2,Presencial,Noite,9.6,97.9,94.6,4.6,7,0,10,Sim
4640,Engenharia de Software,2,Presencial,Noite,9.0,77.4,89.3,9.7,13,20,20,Sim
3172,Engenharia Civil,1,Presencial,Noite,9.9,100,52.7,3.8,5,0,10,Nao
7600,Engenharia Civil,3,Presencial,Noite,7.8,71.6,77.4,5.2,12,0,10,Sim
9043,Administracao,6,Presencial,Noite,4.2,63.9,57.0,3.3,6,0,60,Nao
3540,Engenharia de Software,1,Presencial,Noite,0.8,75.8,59.7,10,3,30,45,Nao
3789,Administracao,8,EAD,Noite,2.1,87.3,96.1,8.3,3,40,0,Sim
9012,Pedagogia,5,Presencial,Noite,0.2,99.0,47.8,7.5,6,20,10,Nao
9401,Engenharia Civil,4,EAD,Noite,6.5,83.9,69.3,7.8,5,0,0,Nao
3020,Engenharia de Software,3,Presencial,Manha,9.5,79.3,69.3,6.5,10,20,20,Sim
2148,Enfermagem,8,Presencial,Manha,5.0,67.5,51.0,9.1,0,44,,Nao
2311,Pedagogia,7,Presencial,Noite,11.1,88.0,94.4,7.7,10,44,120,Sim
8753,Administracao,4,Presencial,Manha,3.2,74.5,100,5.1,5,0,120,Nao
3180,Pedagogia,2,Presencial,Noite,7.2,75.4,96.6,2.1,0,30,60,Nao
5827,Pedagogia,6,Hibrida,Noite,3.0,92.0,83.9,6.7,3,0,120,Sim
8697,Enfermagem,5,Hibrida,Manha,5.2,89.2,44.7,8.0,7,30,15,Sim
5162,Engenharia Civil,6,Presencial,Manha,1.9,71.1,34.5,6.3,0,30,15,Nao
8859,Engenharia Civil,1,Presencial,Noite,0.2,100,72.8,4.7,4,40,45,Nao
9666,Engenharia de Software,2,Hibrida,Manha,3.6,82.7,100,7.1,0,20,30,Nao
8353,Engenharia Civil,8,Hibrida,Noite,7.9,94.1,86.6,7.8,9,30,60,Sim
8280,Enfermagem,4,Hibrida,Noite,9.5,88.8,93.8,8.7,13,0,15,Sim
5348,Administracao,6,Presencial,Noite,12.6,100,85.5,6.8,4,20,90,Nao
4181,Engenharia de Software,4,Hibrida,Noite,4.1,80.4,100,7.2,3,20,60,Sim
7298,Engenharia de Software,8,Hibrida,Noite,10.0,96.2,79.8,7.4,11,30,90,Sim
9023,Administracao,2,Presencial,Manha,7.3,90.0,100,9.3,4,20,90,Sim
5907,Engenharia de Software,4,Hibrida,Noite,7.5,83.0,97.6,7.4,8,44,15,Sim
5411,Pedagogia,6,Presencial,Manha,5.7,75.7,100,6.0,3,0,15,Nao
7670,Engenharia de Software,2,Presencial,Manha,9.3,84.8,78.3,5.5,6,44,15,Nao
1465,Pedagogia,7,Presencial,Manha,9.2,100,91.4,6.0,6,40,45,Nao
3283,Engenharia Civil,6,Presencial,Manha,7.8,84.9,53.7,6.7,10,0,10,Nao
5980,Engenharia de Software,1,Hibrida,Noite,8.6,91.0,96.2,5.6,9,20,60,Sim
9629,Administracao,8,Hibrida,Noite,10.0,74.6,86.2,7.1,8,30,20,Sim
5330,Administracao,6,Presencial,Noite,8.9,88.9,71.3,6.6,5,40,45,Sim
3856,Pedagogia,7,Presencial,Noite,6.5,85.0,47.3,6.9,6,20,10,Sim
6225,Pedagogia,3,Hibrida,Noite,0.2,78.6,64.6,1.9,6,0,60,Nao
5886,Pedagogia,4,Presencial,Manha,6.4,77.3,52.4,5.8,7,0,15,Nao
5049,Engenharia de Software,1,Hibrida,Noite,12.9,86.9,72.6,2.0,9,20,45,Sim
1982,Engenharia Civil,5,EAD,Noite,10.5,94.5,75.0,2.9,9,20,0,Nao
7970,Engenharia Civil,6,Presencial,Manha,8.5,100,75.1,7.8,8,0,90,Sim
240,Enfermagem,6,EAD,Noite,3.6,82.8,50.3,3.9,2,0,,Nao
6052,Pedagogia,7,Hibrida,Manha,7.5,89.2,63.2,5.7,3,30,120,Nao
6731,Pedagogia,4,Hibrida,Manha,4.8,93.5,100,5.0,5,20,30,Sim
2071,Enfermagem,7,EAD,Manha,5.4,57.0,83.0,6.2,5,44,0,Sim
9894,Enfermagem,7,Presencial,Manha,1.6,83.2,80.3,6.7,1,40,30,Nao
3939,Administracao,6,Presencial,Noite,4.8,83.4,75.4,3.7,0,40,15,Nao
3955,Administracao,3,Presencial,Noite,9.5,73.8,63.8,5.7,7,30,15,Nao
1778,Enfermagem,4,Hibrida,Manha,,81.9,87.0,4.6,1,40,60,Nao
6286,Administracao,3,Presencial,Noite,3.2,80.8,,6.3,3,40,30,Nao
4303,Enfermagem,1,Hibrida,Noite,6.0,89.0,55.8,9.2,9,44,90,Nao
3564,Enfermagem,5,Presencial,Noite,0.2,84.7,46.8,8.5,0,44,10,Sim
2683,Enfermagem,4,Presencial,Manha,7.6,100,100,5.1,2,20,30,Sim
2072,Pedagogia,7,EAD,Manha,11.1,89.4,100,7.7,10,0,0,Sim
6224,Engenharia de Software,3,Presencial,Noite,5.7,93.0,73.5,5.0,1,40,20,Sim
6044,Engenharia de Software,7,Presencial,Noite,5.9,66.9,73.3,,7,30,15,Nao
4727,Administracao,8,EAD,Manha,7.8,70.9,98.9,1.1,8,0,0,Nao
7587,Administracao,2,Presencial,Manha,4.0,67.5,92.4,3.7,10,20,10,Nao
244,Administracao,1,Presencial,Noite,9.6,72.1,71.9,4.4,8,0,15,Nao
6862,Engenharia Civil,7,Presencial,Noite,7.3,87.8,80.9,8.0,11,0,120,Sim
501,Engenharia Civil,4,Presencial,Manha,3.9,72.3,45.6,7.2,6,44,45,Nao
6635,Pedagogia,8,Presencial,Manha,14.8,79.0,97.6,4.9,12,0,120,Sim
7735,Engenharia de Software,2,Hibrida,Noite,0.3,93.5,79.7,7.3,2,44,60,Nao
4901,Engenharia Civil,8,Presencial,Manha,14.9,76.4,69.1,5.1,9,0,30,Nao
8939,Enfermagem,6,Hibrida,Manha,5.1,83.6,75.1,7.7,4,30,30,Nao
6231,Enfermagem,8,Presencial,Noite,11.3,65.3,77.6,6.8,4,44,15,Sim
2133,Enfermagem,8,Presencial,Noite,5.0,78.8,60.4,5.7,1,40,30,Nao
9013,Enfermagem,7,Presencial,Manha,9.5,90.7,71.8,5.5,3,0,30,Sim
3198,Engenharia Civil,8,Presencial,Noite,3.4,78.3,69.9,3.6,10,30,90,Sim
4228,Engenharia Civil,8,EAD,Manha,9.0,90.3,100,6.0,2,0,0,Sim
7868,Engenharia Civil,2,EAD,Manha,4.3,100,56.2,,6,30,0,Nao
1526,Enfermagem,3,Presencial,Manha,8.1,80.5,70.9,9.6,7,30,15,Nao
6734,Enfermagem,1,Presencial,Noite,8.1,67.0,100,6.2,10,0,90,Sim
5797,Engenharia Civil,3,Hibrida,Manha,1.9,98.8,58.5,8.3,4,44,90,Sim
6924,Enfermagem,8,Hibrida,Noite,13.6,83.8,68.5,3.4,8,20,15,Nao
8531,Pedagogia,4,Presencial,Noite,5.0,86.3,81.8,6.5,5,0,45,Nao
7929,Enfermagem,5,EAD,Noite,0.2,96.7,65.3,3.5,5,0,0,Nao
4338,Engenharia de Software,8,EAD,Noite,5.7,77.8,89.3,4.4,0,40,0,Sim
8726,Administracao,8,Hibrida,Noite,1.4,75.9,48.9,7.0,3,20,45,Nao
135,Administracao,5,EAD,Manha,14.8,100,88.9,2.7,5,20,0,Sim
9326,Engenharia Civil,6,EAD,Noite,9.0,97.6,84.1,5.2,7,0,0,Nao
5107,Engenharia de Software,1,Presencial,Manha,2.6,95.7,,6.7,1,30,45,Nao
7286,Enfermagem,4,Presencial,Noite,4.0,79.0,64.6,5.9,3,44,90,Sim
8395,Pedagogia,4,Presencial,Manha,8.1,80.7,,5.8,9,44,60,Nao
8930,Pedagogia,6,Hibrida,Noite,4.4,85.1,83.6,6.8,3,0,45,Sim
2713,Engenharia Civil,2,Hibrida,Manha,2.4,55.9,72.8,4.9,4,0,120,Nao
2646,Engenharia de Software,4,Presencial,Noite,7.1,64.9,95.4,7.0,7,44,90,Nao
2575,Engenharia de Software,3,Hibrida,Noite,2.1,92.1,61.3,5.4,6,40,15,Nao
3307,Administracao,5,Presencial,Manha,7.1,78.7,69.5,4.9,9,0,45,Sim
7294,Pedagogia,7,EAD,Manha,4.3,86.3,57.3,4.8,6,30,0,Nao
7828,Enfermagem,8,EAD,Manha,3.3,100,61.8,4.1,5,20,0,Sim
2236,Administracao,4,EAD,Noite,2.2,72.4,64.3,4.1,1,30,0,Nao
5308,Administracao,2,Hibrida,Noite,10.9,94.9,81.0,5.9,4,30,120,Sim
7781,Engenharia de Software,4,Presencial,Manha,7.2,92.9,57.5,3.3,5,30,120,Nao
6636,Administracao,4,Hibrida,Manha,3.5,72.0,100,5.6,5,20,10,Nao
2413,Administracao,4,Presencial,Manha,5.7,100,79.7,3.8,7,40,45,Nao
9583,Engenharia Civil,6,EAD,Manha,5.8,79.5,100,9.1,4,40,0,Sim
5832,Administracao,5,Hibrida,Manha,9.2,91.1,100,5.0,7,20,20,Nao
523,Engenharia Civil,1,Hibrida,Manha,5.2,82.8,64.8,6.0,6,44,30,Nao
9512,Enfermagem,3,Presencial,Noite,4.1,89.0,89.5,6.5,5,44,,Nao
6221,Enfermagem,7,Presencial,Manha,10.7,71.8,78.1,6.0,11,40,90,Nao
7340,Enfermagem,6,Presencial,Noite,7.2,96.5,94.8,6.7,9,0,120,Sim
8413,Engenharia Civil,5,Presencial,Noite,1.5,92.3,58.7,5.2,0,0,15,Nao
5508,Engenharia de Software,3,Presencial,Noite,11.2,82.8,81.1,5.7,9,0,90,Nao
7163,Administracao,2,EAD,Manha,4.6,81.4,70.9,2.6,9,0,0,Nao
3520,Engenharia de Software,1,EAD,Noite,,100,59.5,7.6,11,30,0,Sim
9064,Enfermagem,7,EAD,Manha,7.9,100,84.0,4.4,6,0,0,Nao
6730,Engenharia de Software,1,Presencial,Noite,7.7,90.4,90.6,8.0,10,20,30,Sim
2560,Administracao,5,Hibrida,Manha,8.7,94.9,59.7,6.2,5,44,60,Sim
7222,Engenharia de Software,3,Hibrida,Noite,7.3,92.1,85.4,6.6,3,30,60,Sim
2246,Engenharia de Software,1,Hibrida,Noite,7.2,82.4,,9.0,6,40,20,Sim
8868,Engenharia Civil,6,Hibrida,Manha,7.1,68.1,68.8,7.7,5,0,90,Sim
5790,Enfermagem,8,Presencial,Manha,4.4,67.7,79.5,10,6,0,45,Sim
5168,Engenharia de Software,6,EAD,Manha,11.3,66.4,78.5,6.4,12,44,0,Nao
8596,Enfermagem,6,Presencial,Noite,10.2,79.0,92.9,6.4,8,0,30,Nao
7208,Pedagogia,1,Presencial,Noite,10.2,86.5,,3.7,8,0,10,Nao
2804,Enfermagem,1,Presencial,Manha,11.6,64.1,80.2,5.5,8,0,60,Nao
4398,Engenharia Civil,8,EAD,Noite,2.9,66.5,71.4,5.4,4,40,0,Nao
5510,Engenharia de Software,3,Presencial,Noite,10.7,82.5,100,5.1,10,20,45,Sim
2948,Administracao,8,Hibrida,Noite,2.5,84.8,68.1,5.2,1,30,45,Nao
1736,Pedagogia,3,Presencial,Noite,7.7,59.0,88.5,8.7,7,20,10,Sim
914,Engenharia Civil,6,Hibrida,Noite,3.1,65.6,59.1,5.4,8,20,60,Nao
6762,Administracao,6,Hibrida,Manha,11.0,100,62.5,5.6,6,0,15,Nao
3754,Engenharia Civil,6,Hibrida,Noite,8.1,74.5,59.5,6.7,6,44,60,Sim
509,Engenharia de Software,7,EAD,Noite,6.9,93.1,65.8,2.4,10,0,0,Nao
3378,Enfermagem,5,Presencial,Manha,10.1,98.1,67.5,3.8,9,20,90,Nao
226,Enfermagem,2,Hibrida,Manha,10.5,96.4,88.7,7.1,7,0,60,Sim
7008,Engenharia Civil,8,EAD,Noite,6.7,86.9,77.2,5.9,7,44,0,Sim
1674,Enfermagem,1,Presencial,Noite,10.8,96.6,88.3,8.7,10,0,120,Sim
1288,Enfermagem,8,Presencial,Noite,4.5,81.7,70.2,5.6,4,0,120,Sim
1463,Engenharia de Software,5,Hibrida,Manha,1.8,88.4,45.8,4.2,6,44,90,Nao
3669,Enfermagem,2,Presencial,Noite,12.5,91.1,91.0,3.3,6,0,20,Sim
2511,Administracao,7,Presencial,Noite,3.6,96.1,58.3,6.7,1,30,45,Nao
8548,Pedagogia,2,Presencial,Noite,0.6,89.4,59.8,5.2,2,30,60,Nao
9754,Administracao,5,Hibrida,Noite,9.9,83.0,41.2,5.3,5,0,90,Nao
3113,Pedagogia,6,Hibrida,Manha,12.2,71.0,89.6,6.7,9,0,120,Sim
2866,Pedagogia,7,Presencial,Manha,5.2,72.2,34.8,4.4,8,44,90,Nao
8853,Engenharia Civil,4,Hibrida,Noite,4.0,56.0,28.6,6.5,4,40,20,Nao
7978,Pedagogia,5,Presencial,Manha,6.3,79.0,91.2,7.2,3,44,20,Sim
6337,Enfermagem,5,EAD,Noite,4.7,78.2,69.9,6.0,6,0,0,Nao
404,Pedagogia,3,EAD,Manha,0.2,75.2,68.4,7.4,1,20,0,Nao
7482,Enfermagem,2,Hibrida,Noite,7.9,79.5,86.4,6.2,10,0,30,Nao
3927,Engenharia de Software,4,Presencial,Noite,5.1,68.8,83.2,4.7,0,30,30,Nao
3405,Engenharia de Software,7,Presencial,Manha,4.6,99.3,56.8,3.4,6,30,,Nao
8967,Engenharia de Software,5,Presencial,Noite,12.4,69.7,68.9,4.5,12,0,30,Sim
1933,Pedagogia,3,Presencial,Manha,,87.0,74.9,6.4,5,30,120,Nao
5516,Pedagogia,5,Presencial,Noite,8.5,90.7,81.2,6.1,2,0,45,Sim
6732,Pedagogia,8,Hibrida,Noite,8.4,61.0,48.3,8.4,7,0,120,Nao
6810,Administracao,4,Presencial,Noite,11.3,92.9,98.8,5.2,14,0,60,Sim
8159,Pedagogia,2,Hibrida,Manha,9.6,94.9,87.1,5.2,8,20,90,Nao
8551,Engenharia de Software,4,Presencial,Manha,4.2,75.9,62.3,5.8,3,30,10,Nao
3420,Enfermagem,5,Presencial,Manha,9.4,75.0,53.7,5.6,9,0,15,Sim
4084,Pedagogia,1,Hibrida,Manha,3.3,89.3,80.9,4.6,6,0,45,Nao
199,Administracao,4,Presencial,Manha,11.1,83.2,70.2,5.9,2,44,15,Sim
6203,Administracao,2,Hibrida,Manha,10.4,100,77.5,8.8,10,44,,Sim
3058,Engenharia Civil,1,EAD,Noite,1.7,74.2,48.8,9.7,4,20,0,Nao
4827,Enfermagem,8,EAD,Manha,4.3,80.3,52.8,7.1,6,20,0,Sim
4510,Engenharia de Software,7,Hibrida,Manha,6.8,69.0,60.9,6.7,4,40,20,Nao
5219,Pedagogia,6,Presencial,Manha,3.6,80.4,76.5,5.8,2,30,10,Nao
3061,Engenharia Civil,8,Hibrida,Manha,9.2,72.0,59.1,4.4,10,44,10,Nao
3820,Engenharia Civil,1,EAD,Noite,5.6,86.9,71.7,4.5,6,44,0,Nao
4356,Engenharia Civil,3,Presencial,Manha,8.1,98.5,52.2,7.1,6,0,30,Sim
9712,Engenharia Civil,1,Presencial,Manha,2.9,76.7,83.5,5.9,6,44,15,Sim
6752,Engenharia de Software,2,Presencial,Noite,7.4,83.4,67.4,4.8,7,20,30,Nao
9752,Administracao,7,Hibrida,Manha,5.9,90.4,76.9,9.1,4,30,20,Nao
5662,Pedagogia,3,EAD,Manha,0.2,85.2,48.4,5.3,2,20,0,Nao
9257,Engenharia Civil,2,Hibrida,Manha,0.5,78.6,34.6,5.2,1,20,30,Nao
3361,Engenharia de Software,2,Presencial,Noite,6.4,87.1,85.9,5.5,8,20,15,Sim
8226,Enfermagem,6,Hibrida,Manha,,66.6,100,5.8,8,0,120,Nao
5087,Enfermagem,6,EAD,Noite,6.4,97.7,75.0,5.9,0,20,0,Sim
4947,Enfermagem,8,EAD,Noite,2.9,88.7,36.3,3.9,6,40,0,Sim
9714,Enfermagem,5,Presencial,Noite,0.2,89.3,40.1,4.5,1,44,60,Nao
811,Engenharia de Software,6,Hibrida,Noite,14.8,62.2,63.4,5.8,8,44,60,Nao
915,Engenharia Civil,6,Hibrida,Noite,8.1,91.3,67.5,5.7,13,20,30,Sim
7712,Engenharia de Software,8,Presencial,Manha,5.4,75.1,62.5,6.6,6,44,20,Sim
6708,Enfermagem,8,Presencial,Noite,8.1,91.3,96.1,4.0,6,30,15,Sim
8430,Administracao,8,Presencial,Noite,7.5,81.4,100,6.6,8,30,15,Nao
1885,Engenharia de Software,1,Presencial,Manha,2.0,88.3,54.3,5.4,,30,60,Nao
8481,Administracao,3,Hibrida,Noite,8.2,91.8,71.8,6.4,10,30,20,Nao
2896,Administracao,3,Presencial,Noite,3.6,69.8,63.5,4.6,2,30,30,Nao
4863,Engenharia de Software,6,Presencial,Noite,15.9,73.9,83.0,3.9,7,0,90,Nao
8166,Enfermagem,6,Hibrida,Noite,2.2,76.8,59.2,6.8,9,0,15,Nao
4512,Pedagogia,6,Hibrida,Manha,4.1,93.4,100,4.5,3,20,60,Sim
3034,Administracao,5,Hibrida,Noite,7.3,71.0,80.0,4.2,7,20,30,Sim
4877,Enfermagem,4,Presencial,Manha,3.9,100,87.3,3.3,8,44,15,Sim
4183,Pedagogia,5,Presencial,Noite,2.4,75.7,67.8,8.1,4,44,120,Nao
4771,Administracao,1,Hibrida,Manha,4.1,70.5,65.5,8.8,9,44,15,Sim
6512,Pedagogia,6,Presencial,Noite,13.8,85.8,100,4.1,2,0,60,Sim
8886,Engenharia de Software,7,Presencial,Noite,8.8,84.5,90.5,8.4,8,30,20,Sim
1448,Enfermagem,3,Presencial,Noite,0.9,79.9,57.2,8.3,6,40,20,Nao
5502,Engenharia de Software,8,Hibrida,Noite,10.5,78.3,71.2,6.1,6,0,120,Nao
8053,Engenharia de Software,8,Hibrida,Noite,7.9,74.1,62.4,5.8,2,44,120,Nao
1735,Pedagogia,2,Presencial,Manha,2.4,83.8,,8.9,8,40,90,Nao
2125,Engenharia de Software,1,Presencial,Manha,9.3,87.0,95.4,6.2,4,44,60,Sim
1408,Administracao,6,Presencial,Noite,5.8,75.3,67.5,8.0,8,20,20,Nao
4574,Engenharia de Software,3,Presencial,Manha,8.0,92.6,61.7,5.6,10,0,30,Nao
5639,Engenharia de Software,5,EAD,Noite,9.5,100,79.7,3.4,4,20,0,Sim
9737,Enfermagem,6,Hibrida,Noite,6.5,59.2,100,3.8,,30,60,Nao
50,Engenharia Civil,3,Presencial,Noite,0.6,91.9,56.8,5.4,4,20,60,Nao
4950,Engenharia Civil,1,Presencial,Noite,5.3,69.8,66.8,7.3,7,44,15,Sim
2704,Enfermagem,3,Presencial,Manha,4.7,73.2,100,5.4,1,20,120,Sim
8189,Administracao,5,Presencial,Manha,11.3,100,75.9,8.5,9,30,45,Sim
5303,Engenharia Civil,2,Presencial,Noite,7.9,94.2,51.8,4.9,5,0,20,Sim
8703,Administracao,3,Presencial,Noite,7.8,83.1,47.2,7.9,6,0,30,Sim
16,Engenharia de Software,8,Hibrida,Manha,6.3,79.2,100,5.2,5,40,120,Nao
4023,Administracao,6,Presencial,Noite,5.3,80.5,57.3,4.5,8,20,90,Nao
5335,Enfermagem,1,Hibrida,Manha,7.9,85.8,79.6,6.7,6,20,120,Nao
4649,Engenharia Civil,6,Presencial,Manha,13.0,78.5,100,,13,30,15,Sim
9508,Engenharia Civil,5,Presencial,Manha,8.4,88.1,100,8.3,4,0,30,Sim
2960,Administracao,4,Presencial,Manha,3.0,96.3,98.2,5.0,1,40,15,Sim
2685,Administracao,8,EAD,Noite,14.6,86.3,93.2,8.8,5,40,0,Sim
1063,Engenharia de Software,8,Presencial,Noite,9.0,69.0,100,5.0,9,44,10,Sim
2080,Administracao,4,Presencial,Manha,1.7,83.1,66.3,5.6,5,0,60,Nao
8894,Enfermagem,5,Presencial,Noite,10.8,87.8,79.8,5.4,10,30,60,Sim
768,Pedagogia,7,Hibrida,Manha,4.7,77.7,51.6,5.9,0,0,10,Nao
2217,Engenharia Civil,3,Presencial,Noite,9.0,98.9,64.2,3.7,8,44,60,Nao
7166,Engenharia de Software,3,EAD,Noite,10.6,89.3,87.2,5.1,7,44,0,Nao
4673,Pedagogia,5,Presencial,Manha,11.6,84.9,100,2.2,11,40,20,Nao
7886,Pedagogia,1,Presencial,Manha,5.9,72.4,61.2,6.0,0,30,30,Nao
5155,Engenharia Civil,5,Presencial,Noite,13.1,94.2,95.9,6.8,11,0,30,Sim
9059,Engenharia Civil,2,Hibrida,Manha,3.1,51.4,97.9,3.8,4,20,90,Nao
1530,Administracao,8,Presencial,Noite,8.6,66.3,84.7,2.6,4,20,45,Sim
4777,Pedagogia,4,Hibrida,Noite,8.2,83.0,82.2,7.0,5,0,15,Sim
2489,Engenharia Civil,1,Hibrida,Manha,5.1,70.1,78.6,4.5,4,20,15,Nao
8406,Engenharia Civil,8,Presencial,Noite,4.7,77.0,60.0,6.5,3,20,90,Nao
1957,Pedagogia,5,Hibrida,Manha,10.1,95.4,97.8,4.8,8,20,10,Sim
7271,Administracao,2,Hibrida,Noite,4.1,82.7,78.8,6.1,3,0,30,Sim
8877,Engenharia Civil,7,Presencial,Noite,0.2,61.3,49.9,6.0,1,44,20,Nao
7832,Administracao,4,Hibrida,Noite,6.3,90.2,87.0,2.2,2,0,15,Nao
558,Pedagogia,4,Presencial,Noite,6.8,90.7,85.3,5.0,5,0,120,Sim
4828,Pedagogia,4,Presencial,Noite,14.9,85.0,86.0,4.4,11,30,10,Sim
3352,Enfermagem,3,Hibrida,Manha,4.5,93.0,71.6,4.9,8,30,20,Sim
3386,Enfermagem,5,Presencial,Manha,8.3,89.9,68.1,5.1,7,0,30,Sim
2177,Pedagogia,4,Hibrida,Manha,9.7,83.9,78.7,8.3,12,0,10,Sim
4112,Engenharia Civil,1,Hibrida,Manha,12.4,95.0,84.1,3.2,7,0,90,Sim
8462,Engenharia Civil,4,EAD,Manha,1.9,76.8,56.9,5.9,1,30,0,Nao
2641,Pedagogia,5,Presencial,Noite,11.4,69.1,70.5,6.1,8,44,45,Nao
6084,Pedagogia,3,EAD,Manha,2.6,93.9,68.5,5.3,3,30,0,Nao
1072,Administracao,7,Hibrida,Noite,10.4,99.3,48.3,6.4,6,20,90,Nao
1230,Engenharia de Software,1,Hibrida,Noite,9.5,94.7,76.6,3.8,9,30,90,Sim
3217,Enfermagem,6,Hibrida,Manha,9.7,90.5,61.8,7.1,8,30,20,Sim
6725,Administracao,1,Presencial,Noite,6.8,79.1,74.0,,1,40,30,Nao
7933,Enfermagem,5,Hibrida,Manha,10.8,100,100,7.3,8,40,10,Sim
2396,Engenharia Civil,2,Presencial,Noite,,78.6,84.5,9.4,7,40,15,Sim
4257,Enfermagem,1,Presencial,Noite,2.9,88.4,60.8,6.4,10,40,45,Nao
8306,Engenharia de Software,2,Presencial,Manha,13.8,97.8,,4.8,8,0,90,Sim
4774,Engenharia Civil,7,Presencial,Noite,2.8,93.6,53.8,7.3,10,44,90,Nao
5726,Enfermagem,7,Hibrida,Manha,9.3,67.2,100,8.4,5,20,15,Sim
9115,Enfermagem,6,Hibrida,Noite,8.6,93.9,81.0,3.1,8,0,90,Sim
4199,Engenharia Civil,3,Hibrida,Noite,8.7,75.2,74.9,5.7,4,40,30,Nao
4463,Engenharia Civil,7,Presencial,Noite,,72.8,100,5.5,2,0,60,Sim
475,Engenharia de Software,5,Presencial,Manha,2.3,73.1,68.9,5.6,0,0,10,Nao
3029,Engenharia Civil,5,Presencial,Manha,8.0,88.8,78.2,4.6,6,44,60,Nao
7032,Administracao,2,Presencial,Manha,12.6,94.9,85.0,6.2,9,20,60,Nao
9428,Pedagogia,6,Presencial,Manha,9.7,77.0,53.8,6.8,2,40,10,Nao
2808,Pedagogia,6,Presencial,Manha,10.6,88.7,100,3.9,9,0,120,Sim
2566,Administracao,3,Hibrida,Manha,1.0,90.3,68.6,6.7,0,40,90,Nao
397,Enfermagem,5,EAD,Manha,4.1,89.9,58.5,7.0,4,20,0,Sim
353,Engenharia de Software,1,Presencial,Noite,6.7,84.3,94.6,3.1,4,30,45,Nao
4258,Engenharia Civil,2,Hibrida,Manha,8.3,100,65.8,4.9,7,40,10,Nao
1714,Engenharia Civil,8,Presencial,Manha,8.1,91.3,100,6.0,10,30,15,Sim
7727,Administracao,5,Presencial,Noite,2.7,85.7,78.4,7.9,1,0,30,Nao
60,Enfermagem,8,Presencial,Noite,2.0,73.0,59.2,2.5,,0,30,Nao
6691,Engenharia de Software,4,Hibrida,Noite,8.1,93.0,82.9,4.3,2,30,45,Sim
1219,Engenharia de Software,3,Presencial,Noite,1.7,89.2,39.2,5.4,0,40,15,Nao
3954,Engenharia Civil,3,EAD,Noite,6.7,83.1,64.9,3.3,6,30,0,Nao
3711,Pedagogia,8,Hibrida,Noite,9.3,94.9,74.5,8.7,10,0,10,Sim
2212,Pedagogia,8,Presencial,Manha,12.0,100,68.0,5.6,2,0,45,Sim
4978,Administracao,6,Presencial,Noite,5.6,80.0,58.6,8.7,7,40,45,Sim
6742,Engenharia Civil,1,Presencial,Noite,6.0,79.7,81.3,2.8,6,20,10,Nao
5217,Enfermagem,2,Hibrida,Noite,5.7,80.4,71.6,7.0,7,44,45,Nao
3073,Administracao,3,Presencial,Noite,8.0,91.6,70.8,5.6,0,0,10,Nao
1695,Enfermagem,7,Presencial,Noite,9.3,78.3,73.9,3.4,6,30,15,Sim
4839,Engenharia de Software,8,Presencial,Manha,0.2,70.8,40.1,8.1,1,20,20,Nao
6692,Enfermagem,7,EAD,Noite,7.3,92.2,88.6,9.8,6,20,0,Sim
2250,Administracao,3,EAD,Manha,0.2,67.0,71.7,5.4,5,44,0,Nao
1360,Engenharia Civil,5,Hibrida,Manha,5.1,68.8,77.3,9.4,6,44,120,Nao
7808,Administracao,7,Presencial,Noite,2.1,58.1,77.9,5.8,8,40,15,Nao
5272,Administracao,7,EAD,Noite,3.2,79.3,91.8,4.1,1,40,0,Nao
3216,Engenharia Civil,3,Presencial,Manha,5.9,98.1,81.1,3.9,10,0,30,Nao
159,Pedagogia,6,EAD,Noite,4.4,90.0,100,6.5,8,44,0,Sim
7797,Engenharia de Software,1,EAD,Noite,5.7,98.6,62.3,5.7,5,0,0,Nao
4805,Administracao,3,EAD,Manha,5.8,73.5,63.3,4.0,6,0,0,Nao
7863,Enfermagem,2,Presencial,Noite,15.4,79.9,95.9,5.4,10,0,90,Sim
834,Enfermagem,6,EAD,Noite,0.2,56.7,65.4,7.1,3,20,0,Nao
3381,Enfermagem,5,EAD,Noite,4.9,75.6,74.3,8.6,7,40,0,Sim
4744,Engenharia de Software,4,Hibrida,Noite,6.0,96.9,76.2,7.8,7,0,20,Nao
2041,Engenharia de Software,6,Presencial,Manha,1.4,63.6,64.7,5.2,1,0,120,Nao
5973,Engenharia de Software,5,Presencial,Noite,11.9,77.2,66.4,4.3,11,0,90,Nao
1258,Engenharia de Software,5,EAD,Noite,4.9,75.9,,6.5,2,30,0,Nao
4246,Engenharia de Software,6,EAD,Manha,8.8,81.7,93.5,6.3,10,0,0,Nao
5575,Pedagogia,4,Hibrida,Manha,6.5,67.6,89.7,6.1,6,40,120,Nao
5921,Engenharia de Software,8,EAD,Manha,4.7,86.9,87.3,5.9,5,40,0,Sim
6541,Engenharia Civil,4,EAD,Noite,10.4,94.8,95.6,6.7,8,0,0,Sim
5965,Pedagogia,6,Presencial,Manha,9.4,73.6,97.7,4.6,10,40,60,Nao
7827,Pedagogia,5,Presencial,Noite,4.7,100,58.5,2.0,12,40,15,Nao
7570,Engenharia de Software,6,Hibrida,Noite,9.8,99.1,73.5,5.9,6,0,30,Sim
1292,Engenharia de Software,6,Presencial,Noite,6.6,70.8,57.6,6.1,8,44,120,Nao
3757,Enfermagem,8,Presencial,Noite,9.2,91.8,75.3,4.5,2,0,90,Sim
2494,Pedagogia,2,Presencial,Manha,2.0,83.9,61.8,7.6,0,44,120,Nao
7911,Pedagogia,3,Hibrida,Noite,2.7,92.1,77.6,4.3,4,40,45,Nao
8115,Engenharia Civil,1,Hibrida,Noite,3.9,99.1,51.5,6.8,4,44,45,Nao
4500,Pedagogia,2,Hibrida,Noite,6.4,72.9,66.9,9.4,9,40,20,Nao
9841,Engenharia Civil,3,EAD,Noite,3.2,100,85.2,7.6,0,0,0,Sim
8671,Engenharia Civil,4,Hibrida,Manha,12.0,62.0,99.0,2.6,14,0,30,Sim
9548,Engenharia Civil,2,Presencial,Manha,9.4,84.9,65.1,5.1,13,0,15,Nao
5913,Engenharia Civil,4,Hibrida,Manha,6.7,80.5,71.5,5.9,11,0,90,Sim
1097,Engenharia Civil,2,EAD,Manha,14.5,63.6,70.7,5.1,7,30,0,Nao
7596,Administracao,2,Hibrida,Manha,10.9,89.5,76.8,,10,0,10,Sim
6623,Engenharia de Software,4,Presencial,Noite,2.8,87.6,63.5,9.7,0,0,120,Nao
7281,Administracao,2,Presencial,Manha,10.2,96.3,91.9,6.4,9,20,90,Sim
9143,Administracao,3,Presencial,Noite,6.8,89.9,66.5,4.9,7,0,,Sim
7376,Engenharia de Software,1,Presencial,Noite,14.7,67.0,70.9,7.3,11,0,60,Nao
747,Engenharia de Software,3,Presencial,Noite,8.4,72.6,72.3,7.2,1,0,15,Sim
8210,Engenharia de Software,2,Hibrida,Noite,8.7,92.4,99.6,9.0,3,0,60,Sim
2146,Engenharia de Software,1,Presencial,Manha,8.8,97.4,61.5,3.3,9,30,120,Sim
8024,Engenharia Civil,7,Presencial,Noite,3.9,94.4,78.2,9.0,0,0,15,Sim
9577,Enfermagem,4,Presencial,Noite,3.1,70.5,55.6,4.0,1,40,90,Nao
3577,Engenharia de Software,4,Presencial,Manha,10.6,88.8,85.3,6.8,4,0,10,Sim
5830,Administracao,7,Presencial,Noite,8.6,59.3,95.4,6.3,7,0,20,Sim
4273,Pedagogia,5,Hibrida,Noite,4.9,100,61.9,2.8,4,30,45,Nao
9380,Administracao,5,EAD,Noite,8.3,83.4,84.4,5.2,7,30,0,Sim
7479,Engenharia Civil,5,Presencial,Noite,4.5,94.3,93.8,6.7,6,30,120,Sim
1429,Engenharia de Software,5,Presencial,Noite,9.6,78.8,89.7,7.1,8,0,120,Nao
5326,Engenharia Civil,1,Presencial,Noite,6.6,86.0,100,6.8,1,0,20,Nao
7378,Administracao,7,Presencial,Noite,4.4,83.9,100,8.4,7,30,120,Nao
8599,Pedagogia,7,Presencial,Manha,6.2,92.8,44.9,7.1,4,0,10,Sim
7363,Enfermagem,6,Hibrida,Manha,8.8,76.8,100,,12,20,45,Sim
2169,Engenharia de Software,5,Hibrida,Manha,5.3,74.4,56.1,6.9,4,40,10,Nao
4136,Engenharia Civil,6,Presencial,Noite,11.0,79.8,,6.1,8,20,20,Sim
4489,Engenharia de Software,7,Hibrida,Noite,5.0,100,100.0,7.9,10,0,60,Sim
1629,Administracao,4,Presencial,Noite,14.8,74.7,100,4.8,11,44,20,Nao
5111,Administracao,4,Hibrida,Noite,4.3,82.7,49.5,7.9,1,44,90,Nao
2426,Enfermagem,3,Presencial,Manha,8.5,67.2,82.5,7.5,6,44,45,Sim
3364,Enfermagem,1,Presencial,Manha,8.4,78.0,76.9,7.6,1,30,,Sim
25,Enfermagem,1,Presencial,Manha,6.6,100,78.3,5.7,6,44,90,Nao
7188,Engenharia Civil,7,EAD,Noite,0.2,97.3,48.1,8.3,5,30,0,Nao
5190,Engenharia de Software,6,Presencial,Noite,11.6,83.7,100,8.2,7,30,15,Sim
2982,Engenharia Civil,5,Presencial,Noite,2.5,81.2,56.4,5.8,3,20,90,Nao
1854,Administracao,1,Hibrida,Manha,2.2,98.9,76.4,5.2,8,44,120,Nao
2016,Pedagogia,6,Presencial,Manha,5.3,81.5,95.8,5.7,0,30,45,Nao
1938,Enfermagem,4,Presencial,Noite,12.7,73.0,80.4,6.0,7,0,120,Sim
799,Engenharia de Software,6,EAD,Noite,3.1,84.8,80.3,6.3,6,0,0,Nao
3813,Engenharia Civil,1,Presencial,Noite,10.1,80.8,94.3,8.4,4,0,20,Sim
6922,Administracao,6,Presencial,Manha,9.9,84.3,70.9,8.4,13,40,45,Sim
7961,Pedagogia,5,Presencial,Noite,8.1,99.1,74.3,6.8,9,0,10,Sim
1480,Enfermagem,4,Hibrida,Noite,11.2,82.5,76.0,6.4,7,0,10,Sim
3661,Engenharia de Software,5,Presencial,Manha,6.3,96.5,67.0,7.0,9,20,90,Nao
9690,Pedagogia,6,Presencial,Noite,2.6,58.8,75.3,5.1,3,44,20,Nao
1362,Engenharia de Software,3,Hibrida,Manha,5.7,92.4,56.5,9.5,5,44,10,Sim
1565,Engenharia de Software,7,Hibrida,Manha,7.2,84.6,100,5.7,8,20,20,Sim
7956,Engenharia Civil,4,Presencial,Manha,7.2,85.9,80.7,6.1,11,0,10,Nao
7969,Enfermagem,4,Hibrida,Manha,6.3,98.0,71.0,3.7,3,0,120,Nao
4577,Engenharia de Software,6,Hibrida,Manha,8.0,86.4,84.3,8.4,1,44,90,Nao
3080,Pedagogia,3,Presencial,Manha,6.0,64.8,87.6,5.0,6,0,120,Nao
7311,Engenharia Civil,6,Hibrida,Noite,6.8,93.8,88.6,8.4,1,40,120,Sim
3524,Engenharia de Software,8,EAD,Noite,0.4,82.4,53.3,2.6,,0,0,Nao
5086,Pedagogia,1,EAD,Noite,6.9,67.9,75.4,8.8,8,44,0,Nao
3105,Engenharia Civil,7,Presencial,Manha,9.1,86.6,86.1,7.1,7,40,60,Sim
3890,Pedagogia,2,EAD,Manha,2.6,71.7,70.5,4.0,5,30,0,Nao
8902,Engenharia Civil,8,Presencial,Noite,0.2,100,75.9,7.5,5,44,60,Sim
7409,Enfermagem,5,Presencial,Manha,7.8,74.5,76.1,7.0,8,20,30,Sim
9908,Engenharia de Software,5,Hibrida,Manha,0.2,91.6,,8.1,3,44,120,Nao
177,Enfermagem,1,EAD,Noite,8.5,72.8,59.3,5.3,6,0,0,Nao
9245,Engenharia Civil,5,Presencial,Noite,1.3,90.1,55.5,4.6,0,20,90,Nao
4961,Engenharia Civil,1,Presencial,Manha,11.8,60.0,96.8,2.5,10,30,60,Sim
4425,Enfermagem,2,Presencial,Manha,3.5,86.8,95.0,6.7,11,30,90,Nao
1468,Engenharia Civil,2,EAD,Noite,8.2,88.0,87.0,3.8,9,20,0,Nao
8792,Engenharia Civil,4,Presencial,Noite,5.7,82.3,84.8,6.7,10,44,90,Sim
6327,Engenharia Civil,6,EAD,Noite,11.3,87.7,88.9,8.2,16,0,0,Sim
4918,Engenharia Civil,3,Presencial,Manha,11.6,88.6,56.3,3.2,7,44,90,Nao
6983,Engenharia Civil,8,Hibrida,Noite,11.0,88.5,75.9,4.0,7,0,15,Nao
2674,Pedagogia,7,EAD,Manha,8.4,81.6,72.7,6.6,7,20,0,Sim
8652,Administracao,1,Presencial,Manha,3.5,75.2,87.2,2.9,3,44,10,Nao
8120,Pedagogia,6,EAD,Noite,1.6,75.1,77.2,5.7,0,40,0,Nao
6057,Engenharia de Software,6,EAD,Noite,14.6,83.0,79.4,5.1,8,40,0,Sim
6418,Administracao,1,Hibrida,Manha,5.7,63.9,70.7,7.2,3,0,45,Sim
6012,Administracao,7,EAD,Noite,9.6,74.9,74.5,6.4,5,20,0,Sim
8411,Administracao,3,Presencial,Manha,13.1,65.6,100,7.9,6,40,15,Nao
8257,Engenharia de Software,3,Presencial,Manha,8.4,80.6,82.8,6.2,5,20,15,Nao
5704,Administracao,3,Presencial,Manha,7.5,63.7,81.9,4.1,9,44,20,Nao
3646,Engenharia de Software,5,Presencial,Noite,9.0,71.6,41.3,7.0,5,0,30,Nao
4456,Administracao,5,Hibrida,Noite,4.0,86.9,100,6.4,5,44,,Sim
8769,Engenharia de Software,4,Hibrida,Noite,8.8,90.8,77.5,6.0,8,40,90,Sim
8063,Administracao,1,Presencial,Noite,2.9,87.0,100,6.0,1,0,30,Sim
2346,Pedagogia,5,Presencial,Noite,9.0,80.6,95.2,5.1,10,20,90,Nao
8949,Enfermagem,2,Hibrida,Manha,6.4,81.1,87.1,5.9,3,40,90,Nao
1168,Engenharia Civil,6,Hibrida,Noite,8.6,88.4,80.8,5.0,,40,45,Sim
1183,Engenharia Civil,4,Hibrida,Noite,7.9,85.2,,2.3,10,0,15,Nao
5360,Pedagogia,7,Presencial,Manha,7.5,81.6,100,6.5,4,0,15,Nao
7354,Engenharia de Software,3,Hibrida,Noite,4.1,89.4,68.9,3.9,9,44,30,Nao
6387,Engenharia Civil,4,Hibrida,Manha,9.9,75.0,89.2,6.5,8,30,90,Nao
2191,Administracao,3,Presencial,Manha,8.2,84.1,73.8,6.1,8,0,20,Nao
4989,Engenharia Civil,2,Hibrida,Manha,7.2,67.7,79.9,7.1,5,20,20,Sim
632,Pedagogia,3,Hibrida,Manha,5.6,96.7,89.5,7.0,0,0,45,Nao
8858,Engenharia Civil,6,Presencial,Noite,12.7,67.1,100,3.7,8,0,10,Nao
2182,Pedagogia,6,Presencial,Manha,7.3,89.3,,,8,44,45,Nao
4401,Pedagogia,7,Presencial,Manha,6.7,58.6,67.0,9.3,2,0,45,Nao
3920,Enfermagem,3,Presencial,Manha,8.5,86.8,75.9,4.9,9,44,120,Sim
8608,Administracao,4,Hibrida,Noite,4.0,68.5,74.3,6.3,6,44,60,Nao
9099,Enfermagem,4,Hibrida,Noite,1.6,66.4,88.1,5.4,4,40,15,Nao
8152,Engenharia de Software,5,Presencial,Manha,10.4,77.8,72.0,7.7,10,0,90,Nao
4484,Enfermagem,3,Hibrida,Noite,6.2,56.6,51.7,4.9,6,0,20,Nao
6098,Pedagogia,3,EAD,Manha,10.8,89.5,91.1,,6,20,0,Sim
7775,Administracao,7,Presencial,Manha,6.7,92.4,34.6,6.5,3,20,120,Sim
6441,Engenharia Civil,4,Presencial,Manha,4.5,79.0,85.2,5.2,6,0,120,Nao
2283,Engenharia Civil,3,Presencial,Manha,11.0,77.4,74.5,7.0,10,0,90,Sim
4723,Pedagogia,5,Hibrida,Noite,12.2,88.3,83.5,5.1,6,0,30,Sim
4369,Pedagogia,8,Hibrida,Noite,8.6,69.5,98.0,7.4,6,20,15,Sim
2340,Administracao,7,Presencial,Manha,7.1,100,95.8,7.7,10,0,45,Sim
6133,Enfermagem,7,Presencial,Manha,6.9,90.9,84.5,7.4,2,0,60,Sim
5376,Engenharia de Software,2,EAD,Noite,5.3,78.2,25.7,6.6,3,0,0,Nao
5093,Engenharia Civil,7,Hibrida,Noite,9.5,75.6,72.4,5.6,8,30,30,Sim
9792,Enfermagem,6,Hibrida,Noite,6.0,85.3,83.6,7.0,9,20,15,Sim
1664,Administracao,7,EAD,Noite,9.8,83.9,84.0,7.8,4,20,0,Sim
1611,Enfermagem,3,Presencial,Noite,13.2,83.0,100,3.8,9,40,,Sim
354,Engenharia de Software,6,Hibrida,Manha,3.2,86.5,57.9,9.9,5,0,90,Sim
4852,Engenharia Civil,3,Hibrida,Manha,9.0,76.4,89.5,6.4,9,40,45,Nao
5762,Engenharia de Software,4,Hibrida,Noite,8.9,75.4,85.7,7.4,6,30,60,Nao
2362,Enfermagem,3,Presencial,Noite,3.9,100,55.8,5.2,4,30,15,Nao
9110,Enfermagem,3,Presencial,Noite,5.6,81.4,82.4,8.4,9,0,120,Sim
8580,Enfermagem,1,Presencial,Manha,,97.5,100,8.2,5,0,10,Sim
8707,Engenharia Civil,4,Presencial,Manha,5.3,82.7,76.1,3.9,5,0,45,Nao
3511,Engenharia Civil,6,Presencial,Noite,7.7,86.5,76.8,4.5,7,0,20,Sim
9426,Engenharia Civil,1,Hibrida,Manha,8.4,87.4,13.7,4.4,10,30,10,Nao
2860,Administracao,8,Hibrida,Manha,10.6,98.7,100,6.3,11,30,10,Sim
5764,Engenharia Civil,1,Presencial,Manha,0.4,76.5,71.4,5.4,3,40,120,Nao
8624,Engenharia de Software,8,Presencial,Noite,15.3,90.5,69.0,7.1,9,0,15,Sim
8670,Administracao,6,Presencial,Noite,13.5,88.7,75.8,2.3,11,0,45,Sim
6568,Pedagogia,2,Presencial,Manha,5.8,85.8,83.1,6.5,7,0,,Sim
7266,Engenharia de Software,6,Hibrida,Noite,11.4,88.5,95.4,5.1,2,0,60,Sim
9403,Engenharia de Software,3,Presencial,Manha,4.8,81.7,78.2,5.2,7,20,30,Nao
4390,Enfermagem,7,EAD,Manha,4.3,66.5,40.9,6.0,4,0,0,Nao
6601,Engenharia Civil,3,Hibrida,Noite,5.7,100,55.9,7.7,5,0,60,Sim
6598,Engenharia de Software,4,Hibrida,Manha,0.2,80.7,46.0,6.0,4,44,90,Nao
618,Administracao,8,Hibrida,Manha,3.3,70.9,85.3,9.1,4,20,15,Sim
9672,Engenharia de Software,3,Presencial,Noite,2.9,75.9,95.5,6.4,0,44,90,Sim
7488,Enfermagem,2,Hibrida,Noite,9.2,93.7,65.4,8.0,11,20,45,Sim
2693,Enfermagem,2,EAD,Manha,3.8,68.8,87.6,6.0,8,40,0,Sim
3753,Pedagogia,3,Presencial,Manha,10.8,69.1,94.6,4.9,12,0,120,Nao
5972,Engenharia de Software,1,Presencial,Noite,11.6,73.1,100,5.1,9,0,60,Sim
8579,Pedagogia,1,Presencial,Noite,5.2,90.4,49.7,4.0,4,40,90,Nao
7466,Enfermagem,4,Presencial,Noite,7.2,81.5,71.5,4.9,12,0,20,Nao
1271,Engenharia de Software,3,Hibrida,Noite,6.8,78.7,92.9,10,6,0,10,Sim
530,Administracao,7,Presencial,Noite,,96.4,75.3,8.8,5,0,90,Sim
1393,Engenharia de Software,3,Presencial,Noite,5.0,77.1,50.9,4.3,4,44,20,Sim
6415,Enfermagem,8,Hibrida,Noite,6.3,93.6,49.8,6.0,6,40,10,Nao
3193,Enfermagem,6,Presencial,Manha,4.4,59.7,62.6,7.5,7,44,120,Nao
8733,Enfermagem,8,Presencial,Manha,0.9,70.6,84.1,6.1,0,30,60,Nao
7742,Enfermagem,6,EAD,Noite,7.3,85.3,100,5.2,8,40,0,Nao
4730,Engenharia de Software,8,EAD,Noite,4.2,83.0,47.8,6.2,6,0,0,Sim
4834,Administracao,3,Hibrida,Manha,8.1,81.1,79.5,5.5,5,40,120,Sim
7860,Engenharia Civil,5,Presencial,Noite,4.4,75.8,89.1,7.0,6,0,30,Sim
3219,Pedagogia,8,EAD,Noite,0.2,86.9,23.5,5.9,8,44,0,Nao
7253,Administracao,6,Hibrida,Noite,6.1,83.0,100,3.1,5,20,20,Nao
9670,Enfermagem,3,Presencial,Manha,14.8,83.0,62.6,6.0,12,0,60,Sim
4763,Engenharia de Software,5,Presencial,Noite,,96.2,50.2,9.0,0,20,120,Nao
565,Engenharia de Software,3,Hibrida,Noite,1.4,98.1,78.3,4.9,0,44,60,Nao
6584,Engenharia Civil,5,Hibrida,Manha,2.0,100,98.5,5.6,2,30,10,Nao
1900,Enfermagem,4,EAD,Manha,7.7,96.7,87.8,7.8,1,40,0,Nao
6091,Enfermagem,8,Hibrida,Manha,5.3,74.6,97.4,4.0,4,44,90,Nao
6589,Engenharia Civil,6,Hibrida,Noite,7.6,83.7,59.8,4.3,3,20,45,Sim
4085,Engenharia Civil,4,Presencial,Manha,6.4,81.9,62.3,4.7,1,20,15,Nao
4149,Administracao,4,Hibrida,Noite,6.7,61.7,86.3,7.6,1,0,20,Nao
5755,Engenharia de Software,1,EAD,Manha,1.7,81.8,60.3,5.5,2,0,0,Nao
4990,Engenharia de Software,4,Presencial,Manha,4.4,84.1,46.2,4.6,10,44,30,Nao
6893,Engenharia de Software,5,Hibrida,Noite,,75.1,100,6.1,8,20,10,Nao
8241,Engenharia de Software,3,Hibrida,Noite,,71.5,68.6,6.4,6,40,15,Nao
4930,Pedagogia,3,Presencial,Manha,5.8,93.1,100,5.3,8,44,60,Sim
306,Administracao,4,Presencial,Noite,5.5,87.4,84.8,5.0,5,0,45,Nao
4375,Administracao,4,Hibrida,Noite,1.3,80.5,79.2,5.4,8,40,45,Nao
3676,Engenharia de Software,6,Hibrida,Manha,1.0,77.9,79.8,7.4,4,40,45,Nao
1656,Pedagogia,2,Presencial,Noite,3.8,90.3,79.8,5.4,2,44,10,Nao
9379,Enfermagem,8,Hibrida,Manha,6.3,73.1,61.2,5.5,1,40,20,Nao
4005,Administracao,7,Presencial,Noite,5.2,64.5,68.1,7.2,6,0,60,Nao
2140,Administracao,7,Presencial,Noite,12.5,84.9,75.8,7.3,8,44,15,Sim
1842,Engenharia Civil,2,Presencial,Noite,9.7,76.5,,5.6,8,44,20,Sim
6015,Engenharia Civil,3,EAD,Noite,8.7,66.5,77.5,9.4,4,0,0,Nao
5195,Engenharia de Software,8,Presencial,Manha,8.3,68.4,80.8,6.3,8,40,120,Nao
2854,Engenharia de Software,3,Hibrida,Manha,5.7,97.8,63.9,3.7,8,44,10,Nao
6590,Enfermagem,7,Hibrida,Noite,4.2,76.5,51.1,7.9,7,30,10,Nao
1378,Administracao,6,Presencial,Noite,6.1,78.4,88.8,3.5,9,0,30,Sim
4676,Engenharia Civil,5,Hibrida,Manha,1.2,85.6,58.2,7.4,4,44,120,Nao
8471,Engenharia de Software,3,Presencial,Noite,8.6,81.7,81.2,7.7,3,30,120,Sim
9416,Enfermagem,8,Presencial,Noite,2.4,93.2,77.4,6.7,4,0,20,Nao
2294,Enfermagem,3,EAD,Manha,3.7,78.5,48.9,7.2,3,30,0,Nao
5355,Administracao,5,Hibrida,Manha,9.5,90.5,66.1,3.9,10,30,90,Nao
1776,Pedagogia,3,Presencial,Noite,4.1,73.3,70.2,5.1,1,30,90,Nao
8846,Engenharia Civil,5,EAD,Noite,4.9,91.6,71.0,6.8,,44,0,Sim
219,Engenharia Civil,2,Presencial,Manha,7.2,83.5,78.3,4.8,8,44,60,Nao
5893,Administracao,7,Hibrida,Noite,5.5,93.2,67.0,5.5,5,0,15,Sim
2454,Engenharia Civil,5,Presencial,Noite,6.6,87.3,90.4,5.5,3,30,20,Nao
4618,Engenharia de Software,8,Presencial,Noite,8.7,99.0,89.4,4.3,8,20,10,Nao
1856,Pedagogia,5,Presencial,Manha,5.3,79.9,92.1,5.5,3,20,15,Nao
6664,Administracao,5,Presencial,Manha,5.7,100,77.6,5.6,5,40,20,Sim
6095,Administracao,5,EAD,Noite,6.1,78.4,88.6,7.7,4,0,0,Sim
1928,Pedagogia,5,EAD,Noite,1.8,82.2,65.6,5.7,,40,0,Nao
4346,Engenharia de Software,4,Presencial,Manha,11.1,75.0,100,6.9,16,0,20,Sim
8816,Engenharia de Software,7,Presencial,Manha,10.8,83.0,65.4,5.1,9,40,30,Nao
5436,Pedagogia,5,Hibrida,Noite,10.0,79.6,87.7,6.7,0,0,30,Sim
6127,Pedagogia,6,Presencial,Manha,7.3,74.9,75.7,8.5,2,40,30,Nao
9626,Administracao,7,EAD,Noite,8.7,74.8,100,8.3,6,0,0,Sim
5338,Engenharia de Software,1,Presencial,Manha,11.1,93.4,95.5,6.2,8,20,15,Sim
3191,Pedagogia,1,Presencial,Manha,0.5,87.6,49.6,6.5,2,40,15,Nao
848,Engenharia de Software,3,Presencial,Manha,6.6,61.0,75.7,5.0,9,30,15,Nao
3156,Engenharia de Software,2,Hibrida,Manha,3.3,96.7,53.8,6.4,1,40,10,Sim
7355,Engenharia Civil,8,Hibrida,Noite,7.9,97.3,73.6,5.7,4,0,10,Sim
6363,Pedagogia,4,EAD,Manha,10.2,75.3,92.0,7.2,11,0,0,Sim
6533,Engenharia de Software,5,Presencial,Manha,6.1,100,44.5,7.6,5,44,90,Nao
344,Engenharia de Software,2,EAD,Noite,6.3,85.8,56.6,8.2,0,0,0,Sim
5814,Administracao,7,Hibrida,Manha,8.3,85.6,53.4,7.5,9,0,20,Sim
7309,Pedagogia,1,Presencial,Noite,12.2,64.4,100,2.2,18,0,90,Nao
7396,Engenharia Civil,1,Hibrida,Manha,4.5,93.8,64.9,8.9,5,44,60,Nao
6538,Enfermagem,1,Presencial,Manha,11.0,68.7,87.1,5.8,3,40,20,Nao
6001,Pedagogia,5,Presencial,Manha,13.4,100,100,6.4,11,0,120,Sim
6310,Administracao,6,EAD,Manha,8.6,91.2,80.5,4.4,1,30,,Sim
4906,Pedagogia,2,Presencial,Manha,7.3,66.6,98.4,8.2,4,30,45,Sim
7004,Engenharia Civil,4,Presencial,Noite,5.2,86.4,49.7,6.3,,40,10,Nao
381,Administracao,5,Presencial,Manha,7.0,100,90.0,5.4,4,20,30,Sim
7615,Engenharia de Software,1,Presencial,Manha,4.9,76.7,55.2,8.0,2,0,45,Nao
7504,Engenharia Civil,6,Hibrida,Noite,5.5,89.7,84.9,7.7,0,0,15,Sim
6130,Pedagogia,5,Presencial,Noite,1.4,87.0,45.6,5.6,2,40,20,Nao
7130,Engenharia de Software,8,Hibrida,Manha,7.7,93.3,57.5,7.4,6,20,20,Nao
1997,Engenharia de Software,8,Hibrida,Noite,12.7,91.0,83.3,3.8,11,40,60,Nao
1755,Engenharia Civil,8,Presencial,Noite,1.3,79.3,68.9,6.1,5,44,90,Nao
9523,Pedagogia,2,EAD,Noite,3.0,75.2,30.0,8.6,2,30,0,Nao
9285,Engenharia de Software,3,Presencial,Manha,8.7,71.4,61.5,3.1,10,30,15,Nao
1748,Enfermagem,4,EAD,Noite,3.3,100,88.2,4.3,5,44,0,Sim
5201,Engenharia de Software,3,Presencial,Noite,3.7,80.8,69.5,4.0,1,44,30,Nao
9166,Engenharia de Software,5,Hibrida,Manha,10.2,92.1,93.6,5.0,6,30,90,Sim
3509,Pedagogia,5,Presencial,Noite,11.0,86.1,94.0,7.2,8,0,20,Sim
2425,Administracao,5,Hibrida,Noite,6.6,82.1,53.5,8.1,6,0,30,Sim
5880,Engenharia de Software,1,Hibrida,Noite,17.5,76.3,100,5.7,10,30,,Sim
8701,Engenharia de Software,2,Hibrida,Noite,11.6,99.8,85.8,7.5,7,0,30,Sim
1745,Pedagogia,3,Hibrida,Noite,3.8,78.9,65.4,5.7,3,0,45,Sim
5393,Enfermagem,7,Presencial,Manha,7.5,72.2,78.5,2.6,13,44,120,Sim
6333,Pedagogia,5,EAD,Manha,6.3,75.5,65.7,9.2,5,30,0,Sim
7092,Engenharia Civil,3,Presencial,Noite,6.6,83.2,59.8,6.3,8,20,20,Nao
4300,Enfermagem,2,Hibrida,Manha,4.8,88.2,60.7,6.1,6,44,120,Nao
4439,Pedagogia,8,Presencial,Manha,10.0,73.3,62.8,3.0,8,44,60,Nao
8380,Administracao,3,Presencial,Manha,8.5,78.3,100,5.7,10,40,60,Sim
4917,Administracao,6,EAD,Noite,0.3,75.6,57.8,2.5,0,40,0,Nao
5849,Engenharia Civil,5,EAD,Noite,4.8,78.0,72.1,5.0,2,20,0,Nao
1001,Pedagogia,4,EAD,Noite,10.7,91.1,95.5,4.6,6,30,0,Nao
5872,Pedagogia,1,Presencial,Manha,6.2,87.1,78.4,7.3,4,44,20,Nao
9046,Engenharia de Software,6,Hibrida,Manha,7.2,82.1,61.1,3.7,9,44,20,Nao
7603,Engenharia de Software,3,Presencial,Noite,12.4,76.7,82.6,7.3,7,20,10,Nao
6885,Administracao,6,Presencial,Manha,6.9,80.2,72.0,,6,20,15,Nao
9701,Enfermagem,6,Presencial,Noite,7.6,95.7,73.4,6.4,4,0,10,Sim
5989,Enfermagem,4,Presencial,Manha,6.8,76.8,68.2,6.9,4,44,10,Sim
7723,Pedagogia,2,Hibrida,Noite,9.1,90.5,77.5,6.1,8,30,90,Sim
4348,Engenharia de Software,6,EAD,Noite,6.0,85.4,91.9,7.1,5,44,0,Nao
1672,Engenharia de Software,4,Presencial,Noite,6.5,86.7,48.7,5.0,4,40,45,Nao
5584,Engenharia de Software,3,EAD,Manha,1.7,64.1,66.3,5.3,2,44,0,Nao
7097,Engenharia Civil,1,Presencial,Manha,7.1,90.0,78.8,8.6,7,30,120,Nao
7637,Pedagogia,2,Hibrida,Noite,5.5,54.8,70.1,5.6,4,30,120,Nao
1911,Enfermagem,4,Presencial,Noite,9.0,92.6,76.7,6.9,9,20,120,Sim
9345,Engenharia de Software,3,EAD,Noite,6.9,87.3,70.4,7.4,7,0,0,Sim
2625,Engenharia de Software,7,EAD,Noite,5.9,87.4,78.0,,4,30,0,Nao
5039,Enfermagem,8,EAD,Noite,6.4,81.2,77.1,4.3,12,20,0,Nao
4967,Engenharia de Software,1,EAD,Manha,6.4,84.4,85.9,6.7,5,0,0,Sim
197,Engenharia de Software,5,Presencial,Manha,,96.9,43.5,7.7,0,0,90,Sim
9187,Administracao,7,Presencial,Noite,8.3,70.3,65.8,6.0,10,0,30,Sim
7749,Engenharia de Software,8,Presencial,Noite,6.2,77.8,50.3,3.5,9,40,30,Nao
5714,Administracao,1,Presencial,Manha,10.2,83.3,71.7,8.4,9,30,10,Sim
1338,Administracao,3,EAD,Noite,5.9,83.5,45.5,,6,0,0,Sim
6068,Enfermagem,3,Hibrida,Noite,7.8,77.0,93.0,7.1,8,0,120,Sim
2818,Administracao,6,Presencial,Manha,0.2,83.1,66.0,6.5,0,40,10,Nao
6667,Administracao,7,Hibrida,Manha,9.9,94.9,82.1,6.9,10,30,120,Sim
9424,Engenharia de Software,6,Hibrida,Manha,8.1,72.9,88.1,5.0,13,0,10,Sim
5278,Pedagogia,3,Presencial,Manha,3.5,85.5,77.3,5.5,2,30,10,Nao
2696,Enfermagem,4,Presencial,Manha,8.3,77.7,70.3,2.3,8,0,30,Nao
6074,Administracao,5,Hibrida,Noite,8.2,88.4,73.1,4.6,1,20,15,Nao
959,Administracao,5,Presencial,Manha,4.7,89.7,63.5,2.4,6,0,90,Nao
671,Engenharia de Software,8,Presencial,Noite,7.3,92.0,71.2,5.2,7,30,120,Nao
5632,Engenharia de Software,4,Presencial,Noite,2.6,100,91.0,1.5,1,40,30,Nao
7647,Enfermagem,1,Hibrida,Manha,1.2,77.4,61.4,3.5,4,44,30,Nao
2060,Engenharia Civil,6,Presencial,Manha,4.4,77.8,99.9,6.3,6,40,90,Nao
5332,Engenharia Civil,3,Hibrida,Noite,9.0,93.1,67.8,6.2,0,0,10,Nao
1155,Administracao,7,Presencial,Manha,3.5,79.8,47.4,,0,30,10,Nao
413,Engenharia Civil,7,Presencial,Manha,7.2,100,68.8,6.1,10,0,120,Sim
2595,Engenharia Civil,2,Presencial,Manha,10.7,80.1,67.8,3.9,8,0,30,Sim
7958,Engenharia de Software,2,Hibrida,Manha,7.0,92.3,43.0,7.9,0,0,20,Nao
4230,Enfermagem,5,Presencial,Manha,10.1,97.5,99.8,5.4,6,30,120,Sim
1401,Pedagogia,4,Hibrida,Manha,1.8,84.3,43.4,5.2,1,20,10,Nao
3601,Enfermagem,1,Presencial,Noite,9.2,57.2,79.5,8.2,5,30,15,Sim
5660,Engenharia Civil,3,Presencial,Noite,10.5,59.1,85.5,4.4,8,30,45,Sim
2571,Engenharia de Software,3,Hibrida,Manha,7.7,77.9,57.4,6.2,1,20,120,Nao
1153,Pedagogia,2,Presencial,Manha,7.9,100,59.5,2.8,5,40,120,Nao
5668,Pedagogia,4,Presencial,Manha,1.5,76.3,64.8,9.4,2,20,30,Nao
7302,Administracao,2,Hibrida,Manha,12.4,100,90.3,5.4,6,0,45,Sim
6448,Pedagogia,5,EAD,Manha,8.5,86.6,98.6,5.8,1,40,0,Sim
5975,Engenharia de Software,4,Presencial,Manha,6.3,79.0,67.1,5.2,5,44,120,Nao
8998,Administracao,4,Presencial,Noite,0.2,70.3,48.7,5.4,7,30,20,Nao
7873,Engenharia Civil,7,Presencial,Noite,6.0,74.1,93.2,4.7,9,30,120,Nao
5025,Enfermagem,8,EAD,Noite,0.3,85.3,68.4,5.0,3,30,0,Nao
6649,Engenharia Civil,8,Presencial,Noite,5.2,70.7,75.0,7.1,7,40,45,Sim
7549,Administracao,6,Presencial,Manha,6.3,83.7,83.9,6.9,6,0,45,Sim
1317,Engenharia Civil,3,Hibrida,Noite,4.0,84.7,46.3,6.8,7,0,30,Sim
2617,Engenharia de Software,3,Presencial,Manha,4.6,99.8,74.1,5.2,8,0,20,Sim
3262,Pedagogia,8,Presencial,Manha,0.2,91.5,50.6,5.9,1,44,90,Nao
1349,Pedagogia,6,Presencial,Noite,2.9,83.5,58.3,5.0,1,44,15,Nao
7258,Engenharia Civil,5,EAD,Noite,6.3,83.4,100,6.1,4,40,0,Sim
1598,Administracao,7,Hibrida,Manha,7.3,71.2,91.2,7.2,7,30,90,Sim
7260,Engenharia Civil,1,Hibrida,Manha,5.7,78.0,82.3,6.0,4,40,45,Nao
3719,Engenharia Civil,4,Hibrida,Noite,,77.4,85.0,5.2,7,44,90,Nao
8801,Enfermagem,8,Presencial,Noite,7.3,87.1,71.0,10,9,30,10,Nao
2666,Engenharia Civil,1,Presencial,Manha,3.7,83.4,45.3,,9,44,30,Sim
974,Enfermagem,3,Presencial,Noite,6.3,92.6,76.8,3.7,8,44,15,Nao
7944,Administracao,5,Hibrida,Manha,7.7,96.1,65.7,2.4,7,44,20,Sim
9407,Enfermagem,3,Presencial,Noite,5.2,74.8,68.7,5.6,4,44,45,Nao
9045,Engenharia Civil,7,Presencial,Noite,8.6,87.0,88.5,8.5,1,0,120,Nao
151,Administracao,1,Presencial,Noite,4.6,81.1,86.3,9.1,4,30,30,Nao
2008,Administracao,4,EAD,Noite,5.1,93.2,73.7,5.6,5,20,0,Nao
1104,Pedagogia,3,Presencial,Noite,6.4,78.5,77.0,6.6,6,0,20,Nao
4781,Engenharia Civil,2,Presencial,Noite,9.3,83.1,,6.2,9,0,20,Nao
7838,Engenharia Civil,7,Hibrida,Noite,7.0,87.1,84.6,3.2,4,30,45,Nao
8394,Engenharia de Software,6,EAD,Manha,8.3,79.4,50.8,3.5,6,20,0,Nao
9030,Engenharia Civil,4,Hibrida,Noite,8.1,82.5,70.0,2.4,2,0,120,Nao
5633,Engenharia Civil,7,Hibrida,Noite,10.5,96.3,77.6,4.8,2,0,10,Nao
4610,Enfermagem,1,Hibrida,Noite,0.2,100,49.5,7.7,1,30,120,Nao
7805,Engenharia de Software,7,EAD,Manha,11.4,84.1,100,8.9,7,0,0,Sim
7448,Engenharia de Software,4,Presencial,Noite,7.0,78.6,80.3,7.9,4,40,90,Sim
8831,Pedagogia,4,Hibrida,Noite,10.4,71.3,100,7.2,12,0,120,Sim
1333,Engenharia Civil,7,Presencial,Manha,5.0,71.0,76.0,3.9,9,30,30,Nao
760,Engenharia Civil,8,Presencial,Manha,3.5,65.6,65.2,5.8,3,30,60,Nao
6729,Administracao,1,Presencial,Noite,0.2,75.0,91.5,3.3,0,40,90,Nao
8195,Engenharia de Software,1,Presencial,Noite,14.3,74.2,95.2,5.5,10,0,20,Nao
2767,Engenharia de Software,8,EAD,Manha,7.7,71.6,83.4,10,9,0,0,Sim
8175,Engenharia de Software,3,Hibrida,Noite,9.6,75.5,66.5,4.1,6,0,120,Nao
5509,Enfermagem,3,Hibrida,Manha,0.6,62.2,61.3,3.0,3,0,45,Nao
6218,Enfermagem,6,EAD,Noite,6.8,76.2,80.5,8.4,5,0,0,Nao
3539,Pedagogia,1,Presencial,Manha,7.6,89.9,83.5,6.7,6,0,20,Sim
4363,Pedagogia,3,EAD,Noite,10.5,78.5,94.6,5.4,8,40,0,Nao
8716,Engenharia de Software,2,Hibrida,Noite,10.5,77.4,86.5,6.2,6,20,60,Nao
7707,Engenharia Civil,6,Presencial,Manha,3.7,82.5,97.5,6.9,6,0,10,Nao
2293,Administracao,6,EAD,Manha,9.9,83.7,74.7,5.4,4,20,0,Sim
2260,Engenharia Civil,2,Presencial,Manha,3.2,75.3,55.3,5.8,7,30,60,Sim
8741,Engenharia de Software,4,Presencial,Noite,0.2,70.4,62.7,6.6,0,44,10,Sim
2826,Engenharia Civil,8,Presencial,Manha,11.5,100,100,3.9,10,0,10,Sim
47,Engenharia de Software,5,Presencial,Noite,6.3,78.5,69.2,5.8,8,0,20,Nao
3938,Enfermagem,5,Presencial,Noite,9.8,72.6,38.4,4.9,12,20,20,Nao
7664,Enfermagem,7,EAD,Manha,3.4,70.7,66.7,6.7,5,30,0,Nao
7001,Administracao,6,Hibrida,Noite,12.7,90.3,100,5.1,12,0,20,Sim
7762,Administracao,1,Presencial,Manha,4.8,81.8,76.1,8.1,6,20,10,Nao
7689,Engenharia de Software,7,EAD,Manha,12.1,94.7,88.9,5.9,11,44,0,Sim
6066,Administracao,1,Presencial,Noite,7.4,87.5,30.4,6.7,6,0,60,Nao
6016,Enfermagem,5,Presencial,Manha,3.6,79.5,60.4,6.8,3,30,60,Nao
8196,Administracao,2,Presencial,Manha,12.7,82.2,100,4.1,10,30,20,Nao
4715,Pedagogia,2,Hibrida,Manha,3.2,66.3,58.6,6.0,5,20,60,Nao
5850,Pedagogia,8,EAD,Noite,7.9,100,83.3,5.8,6,20,0,Sim
5374,Engenharia de Software,4,EAD,Manha,0.8,56.1,66.1,5.6,2,44,0,Sim
2986,Engenharia de Software,8,Presencial,Noite,9.0,84.0,75.2,4.7,6,20,120,Nao
6846,Engenharia Civil,4,Hibrida,Noite,11.9,81.2,88.3,6.3,13,44,45,Sim
4746,Engenharia de Software,6,Presencial,Manha,1.9,64.7,82.8,2.7,4,30,120,Nao
6220,Engenharia Civil,7,Hibrida,Noite,3.2,72.3,54.0,2.0,10,30,15,Nao
1436,Administracao,8,Presencial,Manha,8.3,84.9,92.6,6.2,8,20,90,Sim
3869,Pedagogia,2,Presencial,Manha,5.8,71.7,81.2,9.8,10,44,,Nao
5115,Engenharia de Software,8,Presencial,Noite,,71.0,,5.2,8,0,20,Nao
9338,Administracao,7,EAD,Noite,6.9,100,57.5,4.8,11,0,0,Nao
5114,Engenharia Civil,8,Presencial,Manha,3.3,65.0,57.9,4.4,7,40,90,Nao
499,Administracao,1,Presencial,Noite,12.7,79.9,79.4,6.7,11,20,45,Sim
7678,Engenharia Civil,1,Hibrida,Manha,8.5,89.3,77.9,2.9,9,0,120,Nao
8809,Pedagogia,3,EAD,Noite,7.4,89.1,71.6,2.9,7,30,0,Nao
6031,Enfermagem,1,Presencial,Noite,3.5,77.8,48.0,7.1,10,20,10,Sim
423,Pedagogia,8,Hibrida,Manha,,73.4,69.5,6.5,7,30,30,Nao
6719,Administracao,6,Presencial,Manha,9.4,79.5,,7.2,5,30,90,Sim
7767,Administracao,4,Presencial,Manha,4.8,85.8,100,10,2,0,90,Sim
9450,Pedagogia,8,Presencial,Manha,8.6,100,92.1,6.9,8,20,20,Sim
906,Pedagogia,3,Presencial,Manha,2.2,73.5,54.5,5.6,2,44,20,Nao
2784,Enfermagem,5,Presencial,Noite,7.3,78.2,100,5.9,6,30,45,Sim
744,Administracao,6,Presencial,Noite,7.5,70.7,81.0,4.3,6,44,15,Sim
3141,Pedagogia,3,Presencial,Manha,4.5,81.5,87.6,6.0,3,0,120,Sim
2588,Pedagogia,5,Presencial,Noite,2.6,90.0,81.3,6.0,,40,15,Sim
983,Administracao,4,Presencial,Noite,3.0,84.4,72.8,7.2,2,44,90,Sim
4565,Engenharia Civil,5,Presencial,Manha,4.4,81.2,87.1,4.5,6,0,30,Nao
3961,Pedagogia,2,Hibrida,Manha,11.6,96.8,92.3,5.1,3,0,10,Sim
7325,Administracao,1,Presencial,Noite,1.5,69.7,74.5,6.9,5,40,120,Nao
1953,Administracao,4,Hibrida,Noite,6.3,74.6,91.0,5.7,10,40,120,Nao
176,Enfermagem,7,Hibrida,Manha,8.6,75.6,100,8.2,6,20,45,Nao
7273,Engenharia Civil,2,Hibrida,Manha,4.8,89.8,89.8,7.3,1,20,15,Sim
4093,Engenharia Civil,2,EAD,Noite,6.9,62.7,71.4,5.5,9,0,0,Sim
1941,Pedagogia,5,Presencial,Noite,1.0,80.2,94.5,4.1,0,30,60,Nao
9558,Pedagogia,7,Hibrida,Noite,,94.2,100,6.3,8,20,15,Sim
415,Engenharia de Software,8,Hibrida,Noite,5.5,72.3,100,5.6,3,40,90,Nao
1121,Enfermagem,8,Presencial,Noite,4.2,80.3,62.1,6.1,2,44,45,Nao
550,Engenharia de Software,4,Hibrida,Noite,6.1,100,74.3,5.4,6,20,30,Nao
2827,Pedagogia,3,Presencial,Noite,10.1,82.2,86.6,8.1,9,0,15,Sim
3844,Enfermagem,5,Presencial,Manha,4.1,85.0,53.2,4.1,6,20,120,Nao
7029,Engenharia Civil,3,EAD,Noite,7.6,93.3,88.4,5.5,7,20,0,Nao
5149,Administracao,8,Presencial,Manha,8.5,72.9,66.9,4.6,10,40,30,Nao
1027,Pedagogia,5,Presencial,Noite,5.4,79.9,80.3,6.9,9,0,15,Nao
4850,Pedagogia,8,Presencial,Noite,8.3,76.1,88.7,6.0,8,40,90,Sim
6943,Administracao,8,Presencial,Manha,12.1,70.2,83.1,3.5,8,0,30,Nao
6652,Engenharia Civil,7,Hibrida,Noite,12.7,98.1,86.7,6.8,6,20,10,Sim
7131,Administracao,6,Presencial,Manha,5.9,81.6,84.2,7.9,9,0,45,Sim
8460,Pedagogia,6,Hibrida,Manha,10.5,100,82.8,3.5,11,40,60,Nao
779,Engenharia Civil,8,Hibrida,Manha,5.6,91.7,53.3,7.0,2,40,60,Sim
6476,Engenharia Civil,6,Presencial,Manha,2.8,90.9,41.9,6.5,4,20,120,Sim
6340,Administracao,4,Presencial,Noite,6.2,100,59.4,4.0,5,0,60,Nao
3152,Engenharia de Software,8,Hibrida,Noite,1.4,95.4,45.2,6.3,1,30,120,Sim
2487,Administracao,8,Presencial,Manha,0.9,78.5,81.3,3.9,8,20,60,Nao
9190,Engenharia Civil,2,EAD,Manha,13.9,87.6,71.7,6.9,12,40,0,Nao
6895,Engenharia Civil,2,Hibrida,Manha,9.9,69.5,94.8,5.6,5,44,45,Nao
1437,Engenharia Civil,6,EAD,Noite,6.0,77.3,86.3,1.4,8,0,0,Nao
7225,Administracao,8,Presencial,Manha,2.8,68.9,84.5,5.6,8,44,60,Nao
7254,Engenharia de Software,2,Presencial,Manha,6.3,82.4,68.1,7.7,8,0,90,Sim
687,Engenharia de Software,7,EAD,Noite,10.1,72.5,100,5.0,6,0,0,Nao
7733,Pedagogia,5,Hibrida,Manha,4.2,86.2,30.8,6.5,6,30,60,Nao
3933,Pedagogia,8,Presencial,Noite,9.5,94.9,76.9,5.8,7,0,15,Nao
1039,Enfermagem,7,Hibrida,Noite,13.6,88.4,92.4,4.7,8,0,120,Nao
3583,Pedagogia,8,Presencial,Noite,9.8,86.0,73.4,3.4,2,20,120,Nao
5319,Engenharia de Software,2,Presencial,Noite,14.8,83.6,81.6,9.3,11,20,10,Sim
8197,Administracao,1,Presencial,Manha,11.2,89.1,92.7,8.7,9,20,10,Sim
9785,Pedagogia,4,Presencial,Manha,1.7,73.4,85.3,4.9,8,30,45,Sim
6432,Administracao,2,EAD,Noite,5.7,65.8,80.7,8.8,9,30,0,Sim
9859,Engenharia de Software,1,Presencial,Manha,4.6,90.0,97.5,9.0,6,0,,Sim
5058,Administracao,3,EAD,Noite,6.5,86.1,58.3,4.6,5,0,0,Nao
9675,Engenharia de Software,5,Presencial,Noite,10.6,70.6,99.4,,8,30,15,Sim
5765,Engenharia Civil,3,Hibrida,Noite,7.0,90.4,81.4,6.6,6,30,60,Sim
664,Engenharia Civil,1,EAD,Noite,8.8,91.7,90.3,6.5,7,0,0,Sim
3992,Engenharia de Software,6,Presencial,Manha,8.7,77.4,97.5,7.0,4,20,60,Sim
8634,Enfermagem,8,Presencial,Manha,0.5,89.6,51.5,8.0,4,0,20,Nao
5939,Engenharia de Software,2,EAD,Manha,,58.7,84.8,4.3,5,40,0,Nao
5026,Engenharia de Software,6,EAD,Manha,12.7,85.1,100,5.5,11,0,0,Sim
2629,Administracao,2,Presencial,Noite,0.2,82.5,94.0,5.0,0,44,45,Nao
6375,Enfermagem,6,Presencial,Manha,0.2,91.2,48.4,4.2,0,40,10,Nao
2755,Engenharia de Software,2,Hibrida,Manha,3.8,91.8,92.2,5.4,2,40,20,Nao
9377,Enfermagem,5,Presencial,Noite,12.1,74.0,96.3,5.1,8,44,30,Sim
1499,Pedagogia,7,Presencial,Manha,7.2,61.9,89.0,5.1,5,44,45,Sim
8782,Pedagogia,1,Hibrida,Noite,6.4,89.8,61.8,9.4,9,44,60,Nao
7967,Engenharia de Software,1,Presencial,Noite,11.4,58.4,100,6.3,8,0,60,Sim
2285,Engenharia Civil,5,Hibrida,Manha,2.1,85.2,69.4,5.2,0,44,30,Nao
4284,Pedagogia,5,Presencial,Noite,10.0,82.5,91.6,6.2,9,0,60,Sim
2678,Engenharia de Software,3,Presencial,Manha,0.7,79.2,72.9,4.9,0,40,10,Nao
7111,Enfermagem,7,Hibrida,Manha,3.1,77.4,100,8.2,9,0,60,Nao
9139,Pedagogia,2,Presencial,Noite,12.8,71.2,100,5.1,10,30,30,Sim
8883,Engenharia Civil,1,Presencial,Noite,7.1,87.6,53.9,7.5,4,20,90,Sim
6164,Administracao,5,Presencial,Manha,3.4,89.5,94.7,5.1,8,40,45,Nao
2322,Enfermagem,2,Hibrida,Noite,9.1,88.2,45.2,6.8,5,0,15,Nao
5786,Enfermagem,6,EAD,Noite,6.8,96.2,71.2,5.6,7,20,0,Sim
6307,Administracao,4,Hibrida,Noite,4.4,84.3,78.8,5.1,5,30,60,Nao
6838,Enfermagem,1,Presencial,Manha,2.5,63.2,84.2,10,7,30,120,Sim
7334,Pedagogia,7,Hibrida,Noite,5.4,87.2,68.3,,6,30,90,Sim
5150,Pedagogia,6,Presencial,Noite,6.3,98.9,100,6.7,9,30,120,Sim
9365,Enfermagem,3,Presencial,Noite,9.6,93.7,100,7.6,6,0,20,Sim
6546,Pedagogia,7,Presencial,Manha,9.8,100,60.9,4.9,0,0,30,Nao
8092,Engenharia Civil,7,EAD,Manha,5.0,80.1,71.8,8.7,4,0,0,Nao
6748,Pedagogia,5,Presencial,Manha,6.8,84.6,51.9,6.4,5,20,30,Nao
1388,Engenharia Civil,1,EAD,Noite,6.3,71.9,52.7,6.6,11,0,0,Sim
474,Enfermagem,7,Presencial,Noite,6.5,84.2,81.5,3.6,9,30,45,Nao
5361,Pedagogia,8,Presencial,Manha,0.7,85.1,62.6,4.5,5,0,10,Nao
348,Engenharia Civil,1,EAD,Manha,7.7,87.5,40.4,2.9,8,0,0,Sim
1649,Enfermagem,4,EAD,Manha,8.2,83.6,53.4,10,12,40,0,Nao
1045,Administracao,2,Hibrida,Manha,2.0,88.6,80.1,7.6,0,0,90,Sim
8059,Pedagogia,3,EAD,Manha,4.9,88.4,71.4,6.8,2,44,0,Nao
8299,Pedagogia,2,Presencial,Manha,1.9,95.8,82.1,8.4,5,30,30,Sim
3623,Administracao,4,EAD,Manha,10.0,80.4,,8.4,10,0,0,Sim
5959,Pedagogia,4,Presencial,Noite,5.8,75.5,79.3,4.5,3,44,15,Nao
1278,Engenharia de Software,5,Presencial,Manha,7.4,77.6,60.0,2.9,10,20,120,Nao
40,Enfermagem,5,Hibrida,Manha,7.8,65.5,55.6,5.9,3,30,90,Nao
5018,Enfermagem,1,Hibrida,Noite,7.3,91.3,55.1,8.9,9,20,60,Sim
6745,Engenharia Civil,4,Hibrida,Noite,5.9,95.5,84.8,3.4,8,40,120,Nao
5978,Pedagogia,6,Presencial,Manha,0.2,83.2,46.3,5.0,6,30,120,Nao
4142,Administracao,7,Presencial,Manha,9.0,85.4,74.7,10,9,20,15,Sim
7730,Pedagogia,4,Presencial,Noite,7.9,92.4,86.4,7.6,10,0,120,Sim
783,Pedagogia,3,EAD,Noite,5.8,83.4,64.3,5.9,6,0,0,Nao
6366,Pedagogia,6,EAD,Manha,2.7,50.4,52.0,7.4,0,44,0,Nao
3062,Engenharia Civil,5,Presencial,Manha,9.8,98.3,,,6,30,15,Sim
4842,Engenharia Civil,6,EAD,Noite,9.8,85.6,78.2,3.3,4,40,0,Sim
8493,Pedagogia,4,Presencial,Noite,0.2,87.4,52.3,6.5,0,30,120,Nao
2094,Engenharia Civil,6,Presencial,Noite,7.5,84.3,98.3,8.6,10,0,120,Sim
488,Engenharia de Software,5,Presencial,Noite,,73.3,69.3,4.7,7,0,90,Nao
6359,Enfermagem,5,Presencial,Noite,8.7,96.4,79.2,7.2,10,20,15,Sim
790,Engenharia de Software,7,Hibrida,Manha,3.3,72.1,100,5.1,6,0,120,Sim
6781,Administracao,8,Hibrida,Manha,9.7,88.4,67.0,7.2,8,44,10,Sim
6761,Engenharia de Software,7,Presencial,Manha,10.7,95.7,55.5,5.5,7,30,60,Sim
8787,Pedagogia,8,Presencial,Manha,5.1,65.8,70.3,4.9,11,20,15,Sim
7789,Engenharia Civil,1,Presencial,Manha,6.3,99.5,43.2,6.7,1,0,120,Nao
7458,Engenharia de Software,4,Presencial,Noite,10.0,89.1,62.1,7.2,7,40,20,Nao
5157,Enfermagem,7,Presencial,Manha,2.5,77.1,84.4,3.7,6,40,90,Nao
3272,Administracao,7,Presencial,Noite,3.1,75.6,59.3,5.9,5,44,30,Nao
1377,Pedagogia,5,Hibrida,Manha,12.0,93.0,100,6.2,14,0,45,Sim
9806,Enfermagem,6,Presencial,Manha,4.1,89.3,52.4,6.2,4,40,120,Nao
9729,Administracao,2,Presencial,Noite,2.2,90.3,59.8,5.3,5,40,60,Nao
7220,Enfermagem,3,Hibrida,Manha,3.1,78.8,60.6,6.6,7,44,10,Nao
9506,Engenharia de Software,7,Presencial,Manha,8.9,78.4,53.2,5.2,9,0,30,Sim
1716,Administracao,3,Presencial,Noite,4.3,87.8,70.6,5.8,3,20,45,Nao
8897,Engenharia de Software,3,Presencial,Noite,4.6,79.0,52.3,5.6,8,0,120,Nao
3035,Administracao,2,Presencial,Noite,7.1,83.3,53.8,5.1,5,20,90,Nao
4431,Enfermagem,7,Presencial,Manha,0.2,71.8,63.4,8.6,3,44,15,Nao
1260,Pedagogia,8,Presencial,Noite,10.7,81.7,72.2,3.4,10,0,10,Nao
1376,Engenharia Civil,7,Hibrida,Manha,6.1,79.6,74.5,4.3,3,44,15,Sim
1391,Pedagogia,3,Presencial,Noite,6.3,74.9,69.4,3.9,9,0,15,Sim
9162,Engenharia Civil,8,Presencial,Manha,5.8,76.5,79.0,7.8,9,40,60,Sim
8484,Engenharia de Software,8,Hibrida,Manha,12.4,98.7,74.7,5.3,3,30,30,Sim
9089,Engenharia de Software,6,Presencial,Manha,11.1,86.7,,4.4,8,30,15,Sim
7154,Pedagogia,8,Presencial,Noite,10.1,88.6,63.1,3.1,6,0,10,Nao
8953,Engenharia de Software,8,EAD,Manha,4.3,79.7,64.2,4.7,5,40,0,Nao
864,Pedagogia,6,Presencial,Noite,5.4,96.0,60.1,7.5,3,20,15,Nao
5229,Administracao,8,EAD,Noite,3.4,100,13.0,3.8,5,0,0,Nao
7910,Administracao,1,Presencial,Manha,2.7,78.8,54.5,6.7,6,40,10,Nao
6786,Enfermagem,5,EAD,Manha,5.4,98.3,79.7,6.8,0,40,0,Sim
7610,Pedagogia,2,Presencial,Noite,2.4,69.0,70.5,6.4,9,40,90,Nao
5069,Engenharia Civil,7,Hibrida,Noite,12.1,74.9,94.6,5.1,6,0,30,Nao
3643,Administracao,4,Hibrida,Noite,6.2,75.7,63.4,6.4,6,20,45,Sim
9821,Enfermagem,7,Presencial,Noite,8.7,83.0,100,7.0,8,30,60,Sim
6714,Enfermagem,4,Hibrida,Noite,10.3,74.4,79.6,5.2,8,40,15,Sim
1105,Engenharia de Software,1,Hibrida,Noite,6.2,63.8,53.4,5.3,5,30,45,Nao
8679,Administracao,6,Hibrida,Manha,4.3,74.8,96.3,8.2,3,20,10,Nao
3881,Administracao,4,Presencial,Noite,8.6,92.5,100,6.5,8,0,20,Sim
3884,Engenharia Civil,4,Presencial,Manha,12.2,98.1,100,6.5,11,0,120,Sim
8705,Engenharia Civil,1,Presencial,Manha,4.5,85.7,96.7,6.0,1,40,15,Nao
2421,Administracao,1,Presencial,Noite,8.2,80.5,41.3,4.9,5,0,20,Nao
4404,Engenharia de Software,7,Hibrida,Manha,3.5,69.7,60.8,3.1,5,44,10,Nao
1853,Engenharia Civil,3,Presencial,Manha,4.2,85.9,41.7,5.9,5,44,60,Nao
1496,Enfermagem,3,Presencial,Manha,15.4,90.8,94.2,7.8,15,40,45,Sim
6552,Administracao,1,Hibrida,Noite,12.7,95.6,,4.4,6,0,45,Nao
8199,Pedagogia,4,Presencial,Manha,,82.7,100,6.1,8,30,120,Sim
3786,Enfermagem,2,Hibrida,Noite,8.5,80.4,95.5,6.0,5,0,90,Sim
3772,Administracao,5,Hibrida,Manha,7.6,67.3,84.1,5.2,0,0,120,Nao
9602,Administracao,4,EAD,Manha,4.3,77.3,62.8,8.5,3,20,0,Nao
963,Administracao,4,EAD,Manha,0.4,100,55.8,5.5,1,0,0,Nao
223,Engenharia Civil,2,Hibrida,Noite,12.1,88.6,70.9,7.6,14,0,10,Sim
6721,Pedagogia,5,Presencial,Noite,8.0,72.5,76.1,4.2,10,0,30,Nao
2406,Enfermagem,1,Presencial,Manha,5.8,87.7,95.4,5.3,2,40,15,Sim
9244,Enfermagem,3,Presencial,Noite,10.9,92.6,84.2,6.7,10,0,30,Sim
5493,Enfermagem,1,Presencial,Manha,5.9,94.7,,5.6,6,0,120,Nao
8407,Enfermagem,2,Presencial,Noite,10.9,75.2,68.6,5.3,11,44,30,Sim
8415,Engenharia Civil,7,Hibrida,Noite,7.5,85.9,78.1,7.7,4,0,60,Sim
4878,Enfermagem,1,Presencial,Noite,4.4,100,91.7,6.5,7,0,15,Sim
6265,Administracao,2,EAD,Manha,11.2,72.9,,4.8,7,40,0,Nao
8011,Administracao,2,Hibrida,Noite,1.7,76.1,55.6,6.7,7,40,20,Nao
536,Engenharia de Software,5,Hibrida,Manha,1.6,59.7,62.4,2.7,5,44,,Sim
1543,Pedagogia,1,Presencial,Noite,8.4,100,100,5.4,9,44,30,Sim
1600,Enfermagem,2,Presencial,Manha,6.2,75.2,72.9,5.8,6,30,120,Nao
4234,Administracao,1,Presencial,Manha,11.4,66.4,100,8.2,11,44,120,Sim
8576,Enfermagem,4,Presencial,Manha,4.8,85.1,63.7,4.7,2,40,30,Nao
368,Engenharia de Software,4,Presencial,Manha,5.2,75.2,57.8,7.3,4,44,10,Nao
482,Pedagogia,1,Presencial,Noite,4.6,78.2,64.9,6.8,3,40,,Nao
6396,Administracao,5,Presencial,Noite,11.6,61.9,86.7,3.8,10,20,20,Sim
9873,Engenharia de Software,8,Presencial,Noite,4.6,97.6,63.8,6.5,6,40,30,Nao
4448,Engenharia de Software,5,Presencial,Manha,0.2,75.8,84.3,8.9,1,40,20,Nao
5879,Engenharia Civil,2,Presencial,Manha,10.2,87.4,62.0,3.9,4,20,30,Nao
5517,Administracao,3,Presencial,Noite,0.4,86.0,49.9,4.1,6,40,45,Nao
3575,Enfermagem,6,Presencial,Noite,9.8,88.3,100,6.0,9,30,45,Sim
3297,Engenharia Civil,8,Presencial,Noite,8.1,79.1,79.2,7.4,4,30,10,Nao
7464,Engenharia de Software,3,Presencial,Noite,3.9,69.6,66.4,7.5,7,44,20,Nao
9755,Engenharia de Software,6,EAD,Manha,,58.7,84.4,7.4,7,44,0,Nao
658,Administracao,8,Hibrida,Manha,12.5,93.7,100,4.6,12,0,90,Sim
5354,Engenharia Civil,7,Presencial,Noite,11.3,83.9,55.9,7.4,8,0,45,Sim
9239,Enfermagem,1,EAD,Noite,5.6,67.2,,3.6,5,44,0,Nao
7962,Enfermagem,2,Presencial,Noite,0.2,81.0,56.9,3.2,0,40,90,Nao
2938,Engenharia Civil,5,Hibrida,Noite,9.6,89.5,88.2,3.2,10,20,120,Nao
9208,Pedagogia,5,Presencial,Noite,0.5,69.1,54.4,1.7,3,44,15,Nao
8719,Enfermagem,2,Hibrida,Noite,9.9,79.7,86.6,6.2,4,30,20,Sim
3492,Administracao,4,Hibrida,Manha,2.4,77.3,66.6,5.4,6,44,120,Nao
7362,Enfermagem,4,Hibrida,Manha,5.5,83.7,61.3,7.1,5,44,90,Nao
2165,Pedagogia,2,Presencial,Manha,,100,49.8,7.1,9,0,30,Sim
3748,Engenharia de Software,3,EAD,Noite,7.2,79.3,100,6.0,9,20,0,Sim
6500,Engenharia Civil,8,Presencial,Manha,7.7,82.4,80.3,7.9,0,0,120,Sim
5041,Engenharia de Software,1,Presencial,Noite,4.5,92.1,33.4,6.4,2,0,15,Nao
7606,Enfermagem,7,EAD,Manha,1.4,83.9,66.5,6.6,1,0,0,Nao
7391,Engenharia de Software,6,Hibrida,Noite,8.9,63.9,55.9,6.7,2,30,90,Nao
9631,Engenharia de Software,5,Hibrida,Manha,10.3,74.3,92.2,7.2,8,20,15,Sim
3410,Engenharia de Software,8,Presencial,Manha,13.0,93.3,89.9,6.0,3,20,20,Sim
9759,Pedagogia,5,Presencial,Manha,14.3,83.2,100,5.0,14,0,10,Sim
5526,Engenharia Civil,8,Presencial,Manha,2.9,72.5,55.8,6.6,4,40,120,Nao
717,Engenharia de Software,7,Presencial,Manha,7.7,72.1,83.1,,7,20,120,Nao
8616,Engenharia Civil,1,Presencial,Manha,6.2,77.1,75.8,4.8,6,20,90,Nao
9927,Enfermagem,4,Presencial,Manha,7.3,82.6,47.6,4.3,7,0,30,Nao
6638,Pedagogia,3,Hibrida,Manha,4.2,76.5,70.5,6.3,6,44,60,Sim
5443,Enfermagem,3,Hibrida,Manha,8.2,84.0,77.9,4.7,7,30,90,Sim
9647,Engenharia Civil,3,Presencial,Manha,2.1,100,57.4,3.7,3,0,20,Nao
6104,Engenharia de Software,3,Presencial,Manha,11.6,100,76.0,4.9,11,0,30,Nao
2541,Engenharia de Software,5,Presencial,Noite,9.4,79.1,73.7,7.6,9,0,,Sim
3525,Enfermagem,3,Presencial,Noite,0.7,95.8,50.3,4.5,6,44,45,Nao
7275,Pedagogia,8,EAD,Manha,12.7,98.0,36.8,4.4,9,0,0,Nao
153,Administracao,8,Presencial,Noite,10.4,86.2,90.7,3.1,8,0,30,Nao
9814,Pedagogia,6,Hibrida,Noite,5.9,92.9,82.0,4.2,9,0,30,Sim
8988,Enfermagem,3,Hibrida,Noite,2.2,81.8,54.9,6.8,5,20,10,Nao
777,Administracao,4,Presencial,Noite,3.8,89.7,85.6,5.0,5,44,30,Nao
4494,Pedagogia,2,Presencial,Manha,6.3,86.6,57.7,6.5,12,20,60,Sim
587,Engenharia Civil,8,Hibrida,Manha,6.5,84.2,68.6,7.6,3,20,30,Nao
2962,Engenharia de Software,7,Presencial,Manha,2.7,84.8,72.3,7.4,0,40,15,Nao
3668,Engenharia Civil,2,EAD,Noite,10.0,84.4,74.1,7.5,2,20,0,Sim
46,Enfermagem,3,Hibrida,Noite,5.8,89.5,75.0,8.8,3,0,120,Sim
3494,Engenharia de Software,5,Presencial,Noite,3.0,95.5,40.0,3.5,1,0,30,Nao
9155,Pedagogia,4,Hibrida,Manha,8.5,90.0,43.9,6.0,9,40,30,Nao
8687,Engenharia Civil,3,EAD,Manha,10.2,89.7,98.1,5.2,5,20,0,Nao
5259,Engenharia Civil,7,Presencial,Manha,17.7,94.6,58.5,4.7,14,0,20,Sim
748,Administracao,2,EAD,Manha,9.5,100,43.1,4.0,10,0,,Nao
8304,Enfermagem,8,Presencial,Manha,11.9,98.2,100,5.6,12,0,45,Sim
3967,Pedagogia,8,Presencial,Noite,2.4,96.6,45.8,6.6,11,40,30,Nao
4350,Engenharia de Software,6,Presencial,Noite,13.0,100,83.5,4.7,14,0,90,Sim
1053,Enfermagem,4,Presencial,Manha,,86.9,75.7,6.6,3,20,45,Sim
2547,Administracao,6,EAD,Manha,4.7,79.7,55.6,6.0,2,44,0,Nao
2759,Enfermagem,3,Presencial,Manha,8.6,84.0,79.7,6.8,8,0,30,Nao
4321,Administracao,1,Hibrida,Manha,6.2,62.2,100,5.6,13,0,120,Nao
7882,Administracao,7,Presencial,Noite,3.3,84.3,52.7,6.0,1,44,90,Nao
9165,Engenharia Civil,8,Hibrida,Noite,8.9,78.3,59.1,6.1,7,44,90,Sim
9536,Administracao,8,EAD,Manha,5.8,76.5,49.9,5.6,12,30,0,Nao
6911,Administracao,7,EAD,Noite,4.1,100,76.2,3.9,8,0,,Sim
8198,Administracao,5,Hibrida,Manha,5.2,89.9,84.5,5.2,9,44,90,Sim
1751,Enfermagem,7,Hibrida,Manha,4.8,81.9,62.0,5.3,0,40,20,Nao
2853,Engenharia de Software,7,Presencial,Manha,7.3,84.9,82.2,7.8,11,44,45,Nao
3270,Administracao,3,Presencial,Manha,5.7,84.8,60.7,4.6,2,30,30,Nao
1476,Engenharia de Software,8,EAD,Manha,7.9,81.0,75.4,8.3,9,20,0,Sim
3972,Pedagogia,2,Presencial,Manha,4.4,76.7,57.2,3.6,3,30,120,Sim
329,Administracao,8,EAD,Noite,6.5,75.2,59.9,5.5,2,0,0,Nao
9682,Enfermagem,8,EAD,Noite,7.3,100,94.3,9.8,9,0,0,Sim
8033,Engenharia Civil,3,Hibrida,Noite,13.5,68.8,100,5.6,11,40,60,Sim
957,Engenharia de Software,3,Presencial,Manha,4.7,100,71.7,7.3,7,20,15,Sim
7494,Pedagogia,5,Presencial,Manha,1.8,93.9,49.1,4.9,2,44,30,Nao
543,Enfermagem,5,Presencial,Manha,4.6,71.5,98.6,5.5,8,0,120,Nao
1207,Administracao,5,EAD,Manha,8.9,77.2,53.4,7.7,9,0,0,Nao
8055,Engenharia Civil,3,Hibrida,Noite,6.5,84.2,73.3,3.7,1,30,10,Nao
5925,Engenharia Civil,3,Hibrida,Noite,11.0,88.1,52.0,6.5,7,0,20,Nao
2587,Administracao,4,Presencial,Manha,9.1,97.2,100,6.7,8,44,60,Nao
2519,Engenharia de Software,2,Presencial,Noite,4.3,88.0,63.4,6.3,2,0,20,Nao
5066,Administracao,4,Presencial,Noite,9.3,60.4,43.2,5.0,7,44,10,Nao
4174,Engenharia Civil,6,Presencial,Noite,11.1,76.6,80.7,6.4,8,20,90,Sim
4726,Pedagogia,1,Presencial,Noite,7.6,77.9,100,7.7,9,44,,Nao
8795,Engenharia Civil,6,Hibrida,Noite,0.9,93.5,94.1,7.8,8,40,120,Sim
8392,Pedagogia,2,Presencial,Manha,7.0,76.1,85.1,5.2,9,0,20,Nao
4251,Pedagogia,4,Hibrida,Noite,3.5,84.1,78.5,6.2,5,40,45,Nao
9121,Administracao,1,EAD,Noite,3.4,89.1,59.8,6.4,3,0,0,Nao
8663,Administracao,7,Hibrida,Noite,7.8,81.5,58.2,6.4,12,0,15,Sim
7015,Pedagogia,2,EAD,Noite,4.3,100,50.7,5.1,9,20,0,Nao
6991,Engenharia Civil,4,Presencial,Manha,7.0,100,84.7,8.5,13,0,120,Sim
5108,Enfermagem,4,Hibrida,Manha,5.1,63.7,98.0,4.3,7,44,10,Sim
6480,Administracao,5,Presencial,Manha,1.8,89.3,79.4,5.8,5,20,90,Sim
2600,Enfermagem,6,Hibrida,Manha,9.5,80.0,91.9,8.4,11,0,120,Sim
7428,Administracao,6,Presencial,Noite,4.3,88.4,92.3,4.4,8,44,120,Sim
614,Engenharia de Software,4,Presencial,Noite,4.3,87.8,79.7,5.6,4,40,20,Nao
4024,Pedagogia,1,EAD,Noite,6.2,73.4,56.4,7.5,6,30,0,Nao
230,Engenharia de Software,2,Hibrida,Noite,0.2,63.9,38.9,3.8,1,40,30,Nao
3608,Engenharia de Software,6,Presencial,Manha,7.8,79.7,75.7,6.3,3,44,90,Nao
6673,Engenharia de Software,7,EAD,Noite,2.6,80.4,47.4,7.3,3,44,0,Nao
4758,Administracao,5,Presencial,Noite,2.8,98.1,59.6,5.8,3,20,10,Nao
5205,Enfermagem,8,Presencial,Noite,3.3,78.6,89.1,7.0,2,40,60,Nao
4440,Enfermagem,6,Presencial,Manha,7.3,88.9,78.7,10,8,20,60,Sim
4804,Engenharia Civil,7,EAD,Manha,0.2,90.1,53.9,3.7,5,40,0,Nao
7287,Pedagogia,8,Presencial,Manha,2.8,68.4,90.1,3.6,1,30,45,Nao
7003,Pedagogia,4,Presencial,Manha,7.7,69.6,47.2,7.1,5,40,,Nao
9771,Pedagogia,8,Hibrida,Manha,3.3,91.5,82.3,3.8,4,0,15,Sim
220,Engenharia de Software,2,Presencial,Manha,6.6,66.6,91.2,8.6,6,44,90,Sim
4808,Engenharia de Software,2,Presencial,Manha,5.4,86.2,79.4,2.2,7,0,30,Sim
1422,Administracao,1,Presencial,Manha,6.1,95.8,77.7,3.2,3,30,10,Sim
9620,Engenharia de Software,3,Hibrida,Manha,8.6,75.2,68.9,4.5,2,44,30,Sim
3185,Engenharia de Software,2,Presencial,Noite,13.2,81.2,76.9,5.6,13,0,60,Sim
2714,Enfermagem,1,Presencial,Manha,4.5,78.6,75.9,4.5,6,20,10,Sim
6572,Engenharia Civil,4,Presencial,Manha,5.0,98.0,73.3,8.2,3,44,15,Nao
383,Enfermagem,7,Presencial,Noite,9.9,88.8,41.5,6.6,5,0,20,Nao
5556,Engenharia de Software,8,Presencial,Manha,7.8,67.0,84.8,8.2,9,0,30,Sim
9128,Enfermagem,1,Hibrida,Noite,6.3,77.2,60.6,5.5,5,20,20,Nao
5881,Engenharia de Software,5,Presencial,Noite,14.5,95.1,70.1,4.1,11,0,15,Sim
6488,Engenharia Civil,3,Hibrida,Manha,9.6,81.0,100,4.5,,40,60,Nao
7848,Engenharia de Software,4,EAD,Noite,6.9,78.1,82.4,7.1,7,40,0,Nao
2213,Pedagogia,2,Presencial,Manha,7.1,73.9,60.0,5.2,7,20,30,Nao
9781,Enfermagem,4,Presencial,Noite,6.7,78.3,90.2,5.3,2,0,30,Nao
9861,Administracao,8,Presencial,Noite,6.5,69.8,70.3,3.4,7,44,20,Nao
6390,Enfermagem,6,Presencial,Noite,7.2,70.4,85.7,5.3,9,40,90,Nao
1279,Administracao,1,Presencial,Manha,11.3,100,91.9,6.1,10,0,60,Sim
7026,Engenharia Civil,6,Presencial,Manha,5.0,92.9,70.1,3.6,5,20,90,Nao
7518,Engenharia Civil,7,Presencial,Manha,2.4,81.4,40.6,3.1,4,40,15,Nao
5637,Administracao,7,EAD,Manha,5.5,62.6,65.6,3.8,0,44,0,Nao
617,Engenharia Civil,7,Presencial,Manha,,94.4,100,7.4,5,20,120,Nao
5283,Enfermagem,1,Presencial,Noite,6.2,73.1,83.3,8.4,9,40,45,Sim
7377,Administracao,6,Hibrida,Manha,7.5,82.4,59.2,6.4,11,0,15,Sim
4627,Engenharia de Software,2,EAD,Noite,4.1,65.9,69.5,4.8,7,40,0,Nao
7342,Administracao,1,Presencial,Noite,5.6,92.3,66.5,7.9,7,0,10,Sim
641,Engenharia Civil,1,Hibrida,Noite,12.4,78.0,74.1,6.3,9,30,10,Nao
1149,Engenharia de Software,8,Hibrida,Manha,9.6,77.1,100,4.6,2,20,60,Nao
1057,Pedagogia,2,Presencial,Noite,9.8,93.0,78.1,4.0,10,40,60,Nao
584,Enfermagem,3,Presencial,Manha,0.6,94.7,54.2,8.3,4,0,60,Nao
9273,Engenharia de Software,3,Presencial,Noite,1.9,88.0,55.5,6.7,4,0,60,Nao
1373,Engenharia Civil,5,Presencial,Manha,4.2,82.4,82.2,7.5,7,20,60,Sim
6881,Engenharia de Software,5,Presencial,Noite,3.4,88.9,91.3,6.8,1,20,90,Nao
1626,Pedagogia,7,Presencial,Noite,4.2,94.2,60.2,6.0,6,44,90,Nao
7782,Administracao,6,Presencial,Manha,2.1,81.3,79.5,4.5,0,0,45,Nao
7186,Engenharia Civil,4,Presencial,Manha,6.8,95.7,64.5,5.5,5,30,45,Nao
8572,Engenharia de Software,8,Presencial,Noite,7.1,77.9,84.5,3.9,6,40,20,Sim
332,Engenharia Civil,2,Presencial,Manha,6.2,78.1,100,8.7,5,44,60,Sim
5139,Engenharia de Software,5,Hibrida,Noite,8.4,73.3,96.6,10,6,40,120,Sim
1783,Engenharia de Software,5,EAD,Noite,7.9,90.1,,4.4,7,20,0,Nao
4818,Enfermagem,1,Presencial,Noite,,77.7,,6.3,3,40,20,Sim
6106,Engenharia Civil,1,Hibrida,Noite,3.4,100,79.1,6.5,4,44,60,Sim
6172,Administracao,4,Presencial,Noite,3.1,80.9,65.6,3.8,0,44,45,Nao
4985,Engenharia Civil,2,Presencial,Manha,7.9,72.4,56.1,4.4,6,0,120,Nao
7251,Enfermagem,1,Hibrida,Noite,5.9,91.9,80.9,7.3,5,0,45,Nao
5099,Pedagogia,3,Presencial,Noite,2.8,97.6,67.3,7.7,5,40,20,Sim
8776,Enfermagem,1,Presencial,Noite,7.4,90.3,47.5,5.8,7,40,15,Nao
9575,Engenharia de Software,3,Hibrida,Manha,5.6,59.7,52.1,5.4,1,0,120,Nao
8343,Administracao,4,Presencial,Noite,3.3,69.1,48.8,6.6,6,0,30,Nao
9185,Pedagogia,6,Presencial,Noite,7.8,79.9,74.3,5.8,6,0,20,Sim
5381,Engenharia Civil,8,Hibrida,Manha,12.0,98.9,100,6.9,11,0,20,Sim
8157,Engenharia de Software,3,Hibrida,Manha,3.4,66.5,54.7,8.0,6,0,90,Nao
9333,Engenharia de Software,3,Hibrida,Noite,0.2,89.1,47.3,8.3,5,30,15,Nao
529,Engenharia de Software,4,Presencial,Noite,8.3,95.5,61.4,7.6,4,30,90,Sim
4684,Pedagogia,4,Presencial,Manha,3.5,93.0,80.1,4.6,7,20,120,Sim
2079,Enfermagem,5,Hibrida,Manha,9.8,96.7,92.6,4.9,9,30,20,Nao
8592,Engenharia de Software,3,Hibrida,Noite,2.9,87.8,80.5,7.4,4,40,45,Sim
5375,Administracao,1,Presencial,Noite,2.7,88.7,60.5,8.9,7,0,15,Sim
6787,Enfermagem,3,Hibrida,Manha,4.2,85.5,63.0,10,7,0,45,Sim
5697,Enfermagem,3,Hibrida,Manha,8.0,70.0,71.8,4.9,7,44,120,Nao
3337,Engenharia Civil,1,Hibrida,Manha,3.4,93.5,95.2,7.4,4,0,60,Sim
4571,Pedagogia,4,Presencial,Manha,5.4,85.6,86.4,9.7,6,0,60,Sim
2997,Engenharia de Software,7,Presencial,Noite,8.6,75.2,100,5.6,4,30,120,Nao
8835,Pedagogia,5,Hibrida,Manha,0.2,72.0,75.6,5.0,1,44,30,Nao
6033,Administracao,8,Hibrida,Manha,4.2,72.7,66.4,6.5,4,30,90,Sim
6596,Pedagogia,5,Presencial,Manha,5.5,81.6,69.8,5.5,2,44,10,Sim
1054,Engenharia Civil,8,Presencial,Noite,8.0,78.7,95.7,6.8,6,40,60,Sim
6779,Engenharia de Software,8,Presencial,Manha,5.1,78.4,79.5,3.2,2,0,90,Nao
4141,Enfermagem,2,Presencial,Noite,4.6,63.0,60.3,7.9,4,40,,Nao
3944,Enfermagem,2,Hibrida,Manha,4.7,76.4,48.1,5.1,4,30,120,Nao
9653,Engenharia de Software,5,EAD,Manha,6.2,100,53.1,3.3,3,0,0,Nao
1040,Administracao,4,EAD,Noite,9.4,73.8,56.4,5.3,10,30,0,Sim
7709,Engenharia de Software,8,Presencial,Noite,10.2,79.5,100,5.0,9,0,30,Nao
187,Engenharia de Software,8,EAD,Manha,4.6,75.2,88.6,4.7,5,40,0,Nao
6440,Engenharia Civil,5,Hibrida,Noite,,77.8,100,3.6,12,0,90,Sim
2846,Engenharia de Software,6,Presencial,Manha,9.2,83.2,81.3,10,7,0,90,Sim
349,Engenharia Civil,3,EAD,Noite,0.5,83.0,54.1,6.6,2,44,0,Nao
938,Administracao,5,EAD,Noite,9.2,91.2,75.8,4.4,7,20,0,Nao
3472,Pedagogia,7,Presencial,Noite,3.1,90.4,71.0,1.4,2,30,60,Nao
2052,Pedagogia,4,Presencial,Manha,,81.2,93.2,5.5,6,20,120,Sim
490,Pedagogia,8,Presencial,Noite,8.6,92.4,70.0,5.4,12,0,60,Sim
9656,Administracao,3,EAD,Noite,12.8,69.8,98.5,6.3,5,0,0,Sim
9744,Administracao,1,Presencial,Manha,9.9,50.5,73.0,5.5,9,30,15,Nao
443,Pedagogia,3,Presencial,Noite,3.5,88.0,51.1,5.6,8,0,30,Nao
9901,Pedagogia,6,Hibrida,Noite,6.6,90.0,66.7,4.9,3,0,20,Nao
5552,Enfermagem,8,Presencial,Noite,1.9,70.0,64.6,6.3,9,40,90,Nao
2993,Pedagogia,4,Presencial,Manha,9.0,70.4,59.6,5.9,8,40,120,Nao
262,Engenharia de Software,2,Hibrida,Manha,3.5,78.6,74.7,5.6,6,30,60,Sim
9565,Enfermagem,3,Presencial,Manha,3.0,86.0,53.7,6.4,6,30,90,Nao
1908,Administracao,7,Hibrida,Manha,7.3,75.8,94.3,4.7,2,40,15,Sim
3510,Engenharia Civil,8,EAD,Manha,6.5,95.8,62.1,4.4,4,40,0,Nao
2126,Engenharia de Software,6,Presencial,Manha,8.3,81.4,66.9,8.9,8,20,60,Sim
4307,Engenharia de Software,3,Presencial,Noite,11.6,79.1,59.2,4.9,9,44,,Nao
3182,Enfermagem,6,Presencial,Manha,7.4,92.8,73.1,3.7,8,0,10,Sim
1487,Engenharia de Software,2,Presencial,Noite,13.3,93.3,86.8,4.0,1,0,15,Sim
72,Administracao,7,Presencial,Manha,12.2,90.8,94.7,4.6,4,40,10,Sim
315,Administracao,8,EAD,Noite,11.3,80.4,89.2,7.9,9,0,0,Sim
2443,Enfermagem,3,Presencial,Manha,6.9,80.6,87.4,6.6,8,0,30,Nao
325,Engenharia de Software,3,Hibrida,Manha,14.2,94.8,100,7.1,10,0,60,Sim
8239,Administracao,3,Presencial,Manha,10.3,76.9,62.5,6.9,3,0,120,Nao
9562,Engenharia de Software,8,EAD,Noite,3.6,81.3,86.2,7.3,8,40,0,Sim
5491,Engenharia Civil,6,Hibrida,Noite,12.5,100,82.7,5.3,6,0,90,Sim
9098,Engenharia Civil,6,Presencial,Manha,7.5,78.6,53.9,5.9,9,44,120,Nao
9452,Engenharia Civil,7,Presencial,Manha,9.1,91.5,52.9,5.1,8,44,15,Sim
4965,Enfermagem,5,Presencial,Manha,0.2,65.8,65.2,6.3,3,40,10,Nao
4190,Enfermagem,7,EAD,Manha,8.0,78.6,55.0,4.0,2,20,0,Nao
4537,Engenharia de Software,3,EAD,Noite,6.0,82.6,60.7,5.5,9,44,0,Nao
4196,Administracao,1,Hibrida,Manha,7.4,65.3,49.9,5.8,8,0,120,Nao
1434,Engenharia Civil,4,Hibrida,Noite,2.3,93.2,83.6,6.1,0,30,10,Sim
5462,Engenharia de Software,6,Presencial,Noite,11.2,87.0,66.3,4.6,5,20,20,Nao
6287,Engenharia Civil,2,Presencial,Noite,10.8,74.2,53.4,5.3,9,0,60,Sim
2542,Administracao,1,Presencial,Manha,3.7,62.7,57.9,4.7,15,0,60,Nao
6059,Engenharia Civil,4,Presencial,Manha,5.3,80.2,68.7,10,6,30,10,Nao
8944,Administracao,5,EAD,Noite,4.1,80.3,80.8,4.7,3,40,0,Nao
7172,Engenharia de Software,4,EAD,Manha,7.1,100,100,3.8,3,44,0,Sim
18,Enfermagem,2,Hibrida,Noite,3.2,90.1,87.6,6.8,5,0,10,Nao
976,Pedagogia,7,Hibrida,Manha,6.1,84.6,64.9,9.3,5,40,15,Sim
9214,Engenharia de Software,7,Presencial,Manha,4.0,64.0,63.3,5.8,5,0,20,Nao
6061,Engenharia Civil,3,Hibrida,Manha,8.4,85.0,73.7,4.5,6,0,10,Nao
6516,Enfermagem,5,Presencial,Manha,5.7,82.6,71.9,6.6,5,0,90,Nao
49,Engenharia Civil,6,Presencial,Noite,7.6,91.6,82.9,7.1,9,0,15,Sim
9554,Enfermagem,1,EAD,Noite,13.0,96.5,75.2,5.6,11,0,0,Sim
2367,Engenharia de Software,3,Presencial,Manha,7.6,91.6,66.6,6.1,0,30,45,Nao
6328,Engenharia Civil,2,Presencial,Manha,2.4,80.5,47.9,5.8,5,44,120,Nao
4453,Engenharia Civil,8,Presencial,Noite,4.8,93.3,27.9,9.5,4,40,120,Nao
2166,Pedagogia,3,EAD,Manha,2.5,73.9,80.5,5.6,0,44,0,Nao
8322,Engenharia de Software,1,Hibrida,Noite,10.5,74.6,100,5.6,4,0,10,Nao
6251,Pedagogia,6,Presencial,Noite,7.9,77.5,74.3,3.9,5,0,30,Nao
918,Enfermagem,2,EAD,Noite,10.8,100,75.4,4.1,9,30,0,Sim
934,Engenharia de Software,1,Hibrida,Noite,7.3,99.2,100,6.9,7,0,15,Sim
8452,Engenharia de Software,1,Presencial,Manha,2.9,71.8,95.4,9.2,9,30,120,Sim
9188,Pedagogia,1,Presencial,Noite,3.9,84.5,65.2,6.8,3,40,30,Nao
990,Enfermagem,4,EAD,Manha,1.2,96.3,43.8,9.4,0,0,0,Nao
9797,Enfermagem,2,Hibrida,Manha,5.4,95.1,78.7,6.1,4,20,90,Sim
6117,Administracao,3,Hibrida,Manha,16.5,75.4,90.3,6.2,11,0,120,Sim
3311,Enfermagem,1,Presencial,Manha,12.2,96.5,85.8,4.9,9,40,30,Sim
3983,Enfermagem,5,EAD,Manha,5.1,100,50.8,4.1,6,0,0,Nao
4073,Administracao,8,Presencial,Noite,10.9,82.7,73.8,6.5,8,0,45,Sim
4802,Pedagogia,1,Hibrida,Manha,2.0,87.5,91.9,6.7,6,30,30,Sim
3892,Engenharia Civil,5,EAD,Noite,7.2,95.4,71.1,5.6,6,20,0,Sim
7103,Engenharia de Software,6,Hibrida,Manha,6.8,73.3,72.1,6.1,4,40,10,Nao
3306,Enfermagem,7,Presencial,Noite,2.1,79.7,52.4,8.8,1,40,90,Nao
4764,Engenharia Civil,8,Hibrida,Manha,5.4,80.0,48.0,6.7,6,40,15,Nao
3790,Pedagogia,3,Presencial,Manha,10.1,77.9,100,5.9,8,0,60,Nao
403,Enfermagem,2,Hibrida,Manha,11.4,83.3,54.4,5.0,6,0,,Sim
5716,Administracao,7,EAD,Manha,11.5,71.1,78.0,2.9,11,40,0,Nao
1343,Enfermagem,5,Hibrida,Noite,5.1,90.6,80.9,5.6,3,0,45,Sim
6933,Administracao,7,Hibrida,Noite,5.9,84.0,74.1,7.6,2,30,15,Sim
541,Engenharia de Software,2,Presencial,Manha,6.2,100,77.8,4.5,6,0,30,Sim
442,Pedagogia,1,Presencial,Manha,0.9,63.5,43.2,10,2,40,20,Nao
5916,Engenharia de Software,3,Hibrida,Manha,3.9,67.5,75.0,8.9,3,40,120,Nao
5569,Engenharia Civil,6,Presencial,Noite,5.5,78.9,74.1,4.3,4,30,120,Nao
3581,Pedagogia,7,EAD,Manha,3.8,70.0,100,4.9,3,20,0,Nao
5772,Administracao,5,Hibrida,Noite,6.6,80.8,77.6,8.0,3,0,120,Sim
8397,Enfermagem,3,Presencial,Manha,5.5,86.8,83.9,6.3,5,0,120,Nao
2234,Pedagogia,2,EAD,Noite,7.7,88.6,100,7.5,2,20,0,Sim
7744,Engenharia Civil,6,Presencial,Manha,4.3,77.7,77.5,10,3,30,90,Sim
3611,Engenharia Civil,8,EAD,Manha,9.6,83.3,70.0,5.2,1,40,0,Nao
7662,Administracao,6,Presencial,Noite,10.9,82.7,74.1,7.3,6,0,10,Sim
387,Engenharia Civil,6,Hibrida,Manha,2.3,74.1,85.2,6.6,6,30,20,Nao
2710,Engenharia Civil,1,Presencial,Manha,4.5,94.8,44.5,5.3,6,0,120,Sim
4373,Engenharia Civil,3,Presencial,Noite,7.4,91.9,89.2,4.6,9,0,10,Sim
3019,Enfermagem,1,Presencial,Noite,13.3,56.8,69.0,6.3,9,0,10,Nao
5167,Administracao,1,Presencial,Manha,8.8,100,64.7,7.4,7,20,90,Nao
5693,Pedagogia,1,EAD,Manha,6.6,89.5,87.7,7.0,10,40,0,Nao
3274,Administracao,1,Presencial,Noite,11.8,88.0,100,4.3,9,20,90,Sim
6479,Engenharia de Software,2,Hibrida,Manha,0.5,84.7,48.9,5.8,0,0,20,Nao
4816,Pedagogia,8,Presencial,Manha,9.1,80.7,88.6,6.6,7,40,30,Nao
7908,Administracao,3,Hibrida,Noite,4.8,62.0,82.9,6.7,5,20,90,Nao
3526,Engenharia de Software,6,Presencial,Manha,8.4,66.0,67.6,6.8,12,0,45,Sim
9514,Enfermagem,4,EAD,Manha,11.9,90.4,71.7,6.7,5,0,0,Sim
1458,Enfermagem,1,Hibrida,Noite,4.3,89.2,60.6,5.8,3,44,30,Nao
2455,Engenharia Civil,8,Presencial,Manha,10.0,71.8,92.6,4.0,9,0,10,Nao
1148,Engenharia Civil,5,Presencial,Noite,12.9,84.6,100,4.8,8,0,120,Sim
2309,Enfermagem,2,Presencial,Manha,10.4,74.9,81.0,5.6,4,0,45,Nao
4045,Enfermagem,3,Presencial,Noite,13.7,91.4,67.5,9.5,12,0,20,Sim
8518,Engenharia Civil,3,Presencial,Manha,9.0,91.3,95.8,4.0,8,0,120,Sim
2112,Enfermagem,8,Hibrida,Manha,0.2,84.5,93.5,4.6,1,44,20,Nao
9773,Pedagogia,8,Hibrida,Manha,6.1,85.3,100,6.6,7,0,90,Sim
5760,Enfermagem,7,Hibrida,Manha,7.9,100,70.0,6.4,8,44,,Nao
3615,Pedagogia,5,Hibrida,Noite,10.5,72.8,84.9,5.9,9,0,45,Nao
8003,Administracao,1,Presencial,Noite,0.3,76.6,24.2,5.0,2,44,45,Nao
1225,Administracao,6,Presencial,Manha,7.7,64.1,67.9,5.2,11,30,90,Nao
8482,Engenharia de Software,1,Presencial,Manha,8.2,77.6,83.8,3.1,6,44,45,Nao
8305,Pedagogia,5,EAD,Manha,6.0,59.1,,7.7,10,30,0,Nao
5809,Administracao,7,EAD,Noite,2.3,96.9,66.9,8.0,2,40,0,Nao
7706,Pedagogia,1,Presencial,Manha,8.2,85.7,65.2,6.5,11,30,90,Nao
849,Administracao,4,EAD,Noite,13.4,88.0,94.0,8.6,7,0,0,Sim
6463,Engenharia Civil,4,Hibrida,Noite,6.5,87.3,94.7,6.2,5,20,10,Nao
6034,Enfermagem,5,Presencial,Noite,12.9,88.7,82.3,8.1,6,0,90,Nao
6900,Administracao,8,Hibrida,Noite,13.3,94.0,89.9,2.8,7,0,60,Sim
63,Enfermagem,8,Presencial,Manha,7.8,95.4,100,6.5,3,20,90,Sim
9056,Engenharia Civil,5,Presencial,Manha,8.4,60.7,93.7,7.4,7,0,20,Sim
7557,Engenharia de Software,5,Hibrida,Noite,7.9,83.3,100.0,2.7,6,0,90,Sim
6858,Enfermagem,3,Presencial,Noite,,85.1,50.8,4.4,5,0,20,Nao
1156,Administracao,3,Hibrida,Noite,5.0,85.6,100,8.7,7,20,15,Sim
5164,Pedagogia,3,Presencial,Manha,10.1,89.1,84.9,5.2,6,0,45,Sim
1665,Enfermagem,2,EAD,Noite,6.8,72.5,82.5,9.4,9,30,0,Sim
1031,Enfermagem,7,EAD,Noite,1.8,98.3,62.3,5.4,3,30,0,Nao
4271,Engenharia Civil,2,Presencial,Noite,,84.4,71.3,5.7,4,40,10,Sim
1858,Administracao,4,Presencial,Noite,9.7,70.0,81.3,7.0,11,20,120,Sim
9351,Enfermagem,1,Presencial,Noite,7.9,97.0,100,6.2,7,40,120,Sim
7135,Enfermagem,3,Presencial,Noite,,85.4,73.4,5.0,7,30,30,Sim
8124,Administracao,5,Presencial,Noite,4.5,86.2,93.5,7.4,9,30,60,Sim
6323,Enfermagem,3,Presencial,Noite,6.2,94.4,40.5,5.4,11,0,20,Nao
1046,Engenharia Civil,4,Presencial,Noite,4.3,89.9,91.3,5.8,7,0,90,Sim
9872,Pedagogia,6,EAD,Noite,2.2,90.0,44.5,5.9,7,0,0,Nao
5475,Engenharia de Software,4,Presencial,Noite,9.1,67.4,77.1,5.8,8,40,90,Nao
6120,Administracao,7,Presencial,Manha,6.3,91.0,90.9,8.6,5,20,15,Sim
6422,Administracao,6,Presencial,Noite,11.7,78.6,95.3,7.2,7,0,90,Sim
5227,Administracao,7,Presencial,Manha,5.8,96.7,90.1,9.2,5,40,15,Sim
8211,Enfermagem,7,EAD,Noite,8.0,80.1,73.8,4.9,8,40,0,Nao
255,Engenharia Civil,1,Presencial,Noite,16.4,80.2,100,4.8,8,0,10,Sim
3223,Administracao,1,Hibrida,Noite,7.4,88.5,82.0,5.7,5,0,90,Sim
8246,Pedagogia,1,Presencial,Noite,5.9,77.4,71.9,4.6,6,44,60,Sim
8569,Enfermagem,8,Hibrida,Manha,16.2,93.5,91.0,5.7,8,0,60,Sim
6043,Engenharia Civil,2,Hibrida,Noite,3.2,98.6,38.4,7.3,,0,20,Sim
7814,Pedagogia,8,Presencial,Manha,3.5,83.4,66.5,3.8,2,44,90,Nao
5003,Enfermagem,1,Presencial,Noite,16.1,91.0,96.9,3.9,12,20,15,Nao
1033,Administracao,4,Hibrida,Manha,11.3,79.8,100,6.9,7,0,15,Sim
7490,Administracao,2,Presencial,Manha,11.0,81.4,88.7,5.3,11,20,10,Nao
3817,Engenharia Civil,6,EAD,Manha,4.3,99.7,74.2,8.5,6,30,0,Sim
8990,Administracao,5,Presencial,Manha,5.7,78.5,80.7,7.4,4,0,10,Nao
9739,Administracao,8,Hibrida,Manha,5.6,93.5,57.3,6.4,7,44,120,Sim
5979,Enfermagem,3,Presencial,Manha,5.1,93.5,75.9,5.1,6,0,10,Nao
7137,Engenharia de Software,4,EAD,Noite,7.8,73.7,100,8.4,5,30,,Sim
1215,Enfermagem,4,Presencial,Noite,5.8,63.9,49.6,8.4,8,44,10,Nao
5507,Administracao,1,Presencial,Manha,11.2,88.9,70.8,8.4,8,0,,Sim
1175,Engenharia de Software,5,EAD,Noite,12.7,70.8,96.7,7.2,13,20,0,Sim
9362,Administracao,4,EAD,Noite,4.5,77.6,40.4,5.2,4,0,0,Nao
1568,Engenharia de Software,2,EAD,Manha,4.5,77.4,77.1,4.5,6,20,0,Nao
8185,Pedagogia,4,Hibrida,Manha,10.4,95.9,95.7,5.2,6,20,20,Nao
8736,Engenharia de Software,1,Presencial,Manha,9.0,74.6,66.6,6.5,8,40,120,Sim
4843,Pedagogia,1,Presencial,Noite,13.9,70.6,98.9,6.6,8,30,20,Sim
3149,Pedagogia,7,Presencial,Manha,9.7,82.4,68.9,6.4,4,30,90,Nao
4376,Administracao,1,Hibrida,Noite,10.2,71.0,89.0,6.5,12,0,10,Sim
6011,Enfermagem,1,Presencial,Noite,3.0,95.5,70.8,5.4,4,30,60,Nao
8105,Enfermagem,4,Presencial,Noite,7.7,70.0,64.1,5.0,5,40,120,Sim
6101,Engenharia Civil,3,Presencial,Manha,6.4,100,98.6,2.0,4,44,90,Nao
165,Administracao,1,Hibrida,Manha,10.7,84.2,75.4,5.5,8,40,90,Sim
2609,Enfermagem,7,Hibrida,Noite,0.6,85.9,79.4,4.8,5,44,15,Sim
2688,Pedagogia,2,Presencial,Manha,3.5,68.2,50.0,7.4,7,20,60,Sim
8140,Engenharia de Software,7,Presencial,Noite,4.8,75.7,43.5,5.6,4,20,15,Nao
2651,Engenharia de Software,3,Presencial,Manha,5.4,76.0,82.9,7.0,4,40,10,Sim
3871,Engenharia Civil,7,Hibrida,Noite,3.0,56.2,30.5,9.4,3,44,15,Nao
7162,Administracao,2,Presencial,Manha,10.3,78.7,79.4,3.8,8,30,60,Nao
6180,Engenharia de Software,6,Presencial,Manha,7.2,86.2,77.2,4.4,5,30,10,Sim
7729,Pedagogia,3,Hibrida,Manha,11.9,74.8,100,4.1,14,0,60,Sim
1807,Pedagogia,6,Presencial,Noite,9.9,77.1,99.9,8.1,10,40,45,Sim
1687,Engenharia Civil,6,Hibrida,Noite,4.9,97.8,57.4,3.7,0,44,30,Nao
5909,Engenharia de Software,1,EAD,Noite,7.6,86.6,86.5,6.6,4,40,0,Nao
5719,Engenharia Civil,7,Presencial,Noite,8.2,92.7,89.5,7.2,3,0,60,Sim
6870,Pedagogia,6,Hibrida,Manha,12.0,84.3,75.4,8.1,8,20,120,Sim
5042,Engenharia Civil,4,Presencial,Manha,4.3,83.2,64.9,7.3,9,30,30,Nao
9650,Engenharia Civil,2,Presencial,Manha,5.0,68.0,67.9,5.4,3,20,15,Nao
9024,Engenharia de Software,4,Presencial,Noite,2.4,80.3,64.9,3.3,4,30,20,Sim
5489,Pedagogia,4,Presencial,Noite,0.4,97.6,63.5,5.3,1,44,90,Nao
9147,Administracao,3,Hibrida,Noite,0.2,96.0,60.7,2.2,0,0,20,Nao
3071,Pedagogia,7,Presencial,Noite,7.8,79.1,60.1,9.1,7,0,30,Nao
5466,Enfermagem,8,Presencial,Manha,0.2,67.4,56.9,2.4,,30,45,Nao
9545,Pedagogia,5,EAD,Noite,7.0,78.9,83.3,4.2,6,0,0,Nao
5701,Administracao,2,Hibrida,Noite,10.3,98.9,87.1,1.8,10,0,120,Sim
3555,Engenharia de Software,4,Presencial,Manha,5.6,67.7,90.6,6.8,10,44,,Nao
4275,Enfermagem,6,Presencial,Noite,3.9,78.3,68.2,5.1,4,40,120,Sim
6470,Administracao,3,Presencial,Noite,6.5,82.4,69.5,7.6,6,20,10,Nao
1418,Administracao,4,Presencial,Manha,3.6,100,54.3,7.9,1,20,45,Sim
173,Engenharia de Software,2,Hibrida,Manha,6.4,85.3,77.3,6.0,0,40,60,Sim
1034,Engenharia de Software,1,Hibrida,Noite,10.1,75.3,88.2,8.2,6,44,60,Nao
6036,Enfermagem,7,Presencial,Manha,9.5,64.4,74.2,5.2,4,0,,Nao
3243,Engenharia Civil,1,Presencial,Manha,4.7,69.6,78.4,5.0,4,44,120,Nao
1102,Enfermagem,7,Presencial,Manha,10.1,75.9,78.3,4.7,5,40,120,Sim
185,Engenharia Civil,2,Presencial,Noite,3.9,76.2,51.3,5.2,5,0,10,Nao
7611,Enfermagem,3,Hibrida,Manha,9.2,97.6,85.3,2.4,9,0,60,Sim
7372,Administracao,8,Presencial,Manha,5.2,68.9,69.0,6.5,8,30,60,Nao
1800,Enfermagem,5,Hibrida,Manha,6.9,81.2,96.6,6.5,6,40,120,Sim
2647,Engenharia de Software,6,Presencial,Manha,9.9,91.8,68.4,6.0,8,0,120,Sim
4414,Pedagogia,1,Presencial,Noite,14.6,79.6,75.3,7.7,13,0,60,Sim
3408,Enfermagem,6,EAD,Noite,8.4,100,71.0,2.7,8,0,,Nao
2157,Engenharia de Software,1,Presencial,Manha,9.4,100,75.8,7.9,11,20,10,Sim
1959,Enfermagem,3,Presencial,Manha,8.8,90.0,81.2,6.5,11,40,60,Sim
9942,Administracao,8,Hibrida,Manha,1.9,70.2,64.2,8.6,3,20,120,Nao
5148,Pedagogia,1,EAD,Noite,1.5,78.4,58.2,6.7,5,0,0,Sim
8999,Enfermagem,3,Hibrida,Manha,4.6,82.0,84.4,4.8,9,0,45,Nao
6154,Pedagogia,2,Presencial,Manha,0.5,96.3,67.3,7.2,7,44,30,Sim
3347,Pedagogia,5,Presencial,Manha,5.3,83.6,52.8,4.8,6,44,120,Nao
666,Pedagogia,6,Hibrida,Manha,11.3,87.6,73.5,6.8,8,40,90,Sim
1540,Engenharia Civil,1,Hibrida,Noite,2.1,92.5,46.8,6.6,3,30,90,Nao
8071,Engenharia Civil,8,Presencial,Noite,5.2,84.9,92.3,6.9,4,20,60,Sim
3130,Enfermagem,3,Presencial,Noite,12.7,90.0,99.2,6.9,5,0,45,Sim
2479,Administracao,6,Presencial,Noite,6.5,94.4,71.2,,8,20,20,Nao
5320,Administracao,3,Presencial,Noite,3.3,83.6,64.6,6.0,0,20,45,Nao
3724,Engenharia Civil,3,Presencial,Manha,,55.8,64.9,1.3,7,44,30,Nao
7139,Enfermagem,6,Hibrida,Noite,4.8,93.0,92.6,5.8,2,44,90,Sim
1985,Engenharia de Software,7,Hibrida,Noite,5.1,72.4,89.6,7.2,1,40,15,Nao
1906,Administracao,2,Presencial,Noite,7.3,80.5,87.4,6.0,3,44,20,Sim
3250,Enfermagem,8,Presencial,Manha,9.2,97.1,64.6,6.8,6,40,90,Nao
1988,Enfermagem,4,Hibrida,Manha,9.2,86.0,87.9,5.8,8,0,45,Sim
674,Pedagogia,8,Presencial,Manha,11.3,69.4,73.3,8.5,9,0,10,Nao
4069,Administracao,4,Hibrida,Manha,7.4,90.7,71.2,8.1,2,0,60,Sim
6693,Engenharia Civil,5,Presencial,Noite,10.4,70.8,80.1,5.3,9,0,60,Nao
3906,Administracao,1,EAD,Manha,6.5,98.9,95.5,4.8,4,0,0,Sim
4074,Engenharia Civil,8,Hibrida,Noite,8.1,89.2,46.8,6.6,12,44,15,Nao
3407,Enfermagem,8,Presencial,Manha,6.8,92.7,74.6,5.3,4,40,45,Nao
7813,Administracao,4,Hibrida,Manha,5.4,68.0,83.0,7.0,4,40,45,Nao
3014,Engenharia Civil,6,Hibrida,Manha,1.5,87.7,93.5,8.6,5,40,20,Sim
712,Engenharia Civil,1,Hibrida,Noite,11.7,52.8,95.6,3.7,9,44,10,Nao
7895,Enfermagem,2,Hibrida,Noite,9.6,74.3,73.2,4.3,7,40,90,Sim
2882,Engenharia Civil,1,Presencial,Noite,3.1,63.0,64.9,5.1,7,44,90,Nao
2073,Engenharia de Software,7,Presencial,Manha,1.1,84.7,65.5,5.3,0,40,120,Sim
931,Administracao,4,EAD,Noite,9.6,94.8,96.2,3.1,6,0,0,Sim
9635,Administracao,7,Hibrida,Manha,2.5,95.5,57.1,10,4,0,10,Sim
3535,Administracao,1,Hibrida,Manha,6.5,68.6,87.1,6.8,5,0,45,Nao
7527,Administracao,8,Hibrida,Manha,9.4,86.0,71.2,6.1,10,40,10,Sim
3640,Pedagogia,2,Presencial,Manha,9.9,93.2,100,9.2,13,20,90,Sim
2664,Engenharia Civil,8,Presencial,Noite,3.3,75.2,49.4,4.8,5,40,10,Nao
4156,Engenharia de Software,7,Presencial,Manha,0.2,84.5,42.5,9.8,3,40,45,Sim
5736,Pedagogia,8,EAD,Manha,10.2,86.5,72.5,7.0,4,0,0,Sim
4980,Engenharia de Software,2,Presencial,Noite,11.2,89.6,81.9,6.5,9,20,20,Sim
2515,Administracao,1,Presencial,Noite,4.5,70.1,79.5,6.4,6,0,10,Nao
5226,Engenharia Civil,7,Hibrida,Noite,4.1,98.8,62.7,3.5,3,44,120,Nao
236,Pedagogia,3,Hibrida,Manha,5.1,95.3,80.3,7.3,8,0,120,Sim
2790,Enfermagem,4,Hibrida,Manha,0.2,80.2,75.1,9.0,6,44,20,Nao
5920,Engenharia de Software,2,Hibrida,Noite,5.8,100,71.9,3.3,0,20,60,Nao
9527,Engenharia de Software,5,Hibrida,Manha,9.8,85.4,78.2,5.1,9,44,30,Nao
2974,Enfermagem,3,Hibrida,Manha,9.5,75.4,72.0,5.7,6,20,10,Nao
2172,Engenharia Civil,5,Hibrida,Manha,7.4,78.7,39.7,3.6,4,20,10,Nao
5592,Engenharia Civil,4,Presencial,Noite,3.2,60.9,73.9,5.1,7,0,90,Nao
2436,Enfermagem,6,Presencial,Manha,5.9,91.3,78.6,6.4,8,30,60,Nao
7884,Engenharia de Software,7,Hibrida,Noite,5.7,81.5,79.8,3.4,10,30,90,Sim
5963,Engenharia Civil,8,EAD,Manha,10.2,70.1,79.1,6.0,8,44,0,Nao
1652,Engenharia de Software,2,Hibrida,Manha,10.6,100,92.0,6.7,7,0,20,Sim
2644,Engenharia Civil,1,Presencial,Noite,3.4,81.7,77.3,5.5,12,40,20,Sim
7113,Engenharia de Software,6,Presencial,Noite,9.8,85.2,88.6,6.3,13,0,45,Sim
2216,Pedagogia,4,Presencial,Noite,5.4,91.4,61.7,5.9,0,0,10,Nao
2249,Engenharia de Software,4,Presencial,Manha,7.5,82.8,75.4,4.2,6,40,,Nao
575,Pedagogia,1,Hibrida,Manha,5.9,87.6,69.0,5.3,7,0,90,Nao
9310,Engenharia de Software,8,Presencial,Noite,3.8,83.6,46.1,4.6,6,30,30,Nao
2815,Enfermagem,1,Presencial,Noite,6.9,100,62.0,5.8,6,40,45,Sim
1673,Pedagogia,5,Presencial,Noite,7.0,80.6,100,4.2,6,40,10,Nao
643,Engenharia de Software,8,Presencial,Noite,7.6,78.5,100,5.7,4,40,60,Nao
8286,Engenharia de Software,8,EAD,Noite,5.0,88.2,54.5,6.9,5,40,0,Nao
5757,Enfermagem,8,Presencial,Noite,10.8,69.4,71.0,7.3,4,30,15,Nao
8122,Pedagogia,1,Presencial,Manha,3.2,86.0,85.4,8.0,8,44,45,Sim
8001,Administracao,6,Hibrida,Noite,8.7,80.0,81.0,7.3,7,40,90,Nao
9372,Pedagogia,3,Presencial,Noite,3.8,100,,9.7,0,0,10,Sim
6774,Engenharia Civil,3,Hibrida,Manha,10.1,97.7,65.4,8.3,10,0,15,Sim
3169,Engenharia Civil,7,Presencial,Noite,5.5,84.3,100,9.3,5,0,90,Sim
429,Administracao,7,Presencial,Noite,11.1,71.1,74.9,6.7,9,0,30,Sim
7065,Enfermagem,1,Hibrida,Manha,8.4,96.8,76.3,9.2,4,0,10,Sim
9396,Pedagogia,1,Presencial,Manha,14.1,84.7,73.7,6.8,7,30,60,Nao
6698,Engenharia Civil,6,Presencial,Noite,1.8,85.8,68.1,5.0,9,40,45,Nao
2115,Administracao,5,Presencial,Manha,9.8,66.5,96.1,5.3,7,0,15,Sim
5469,Administracao,1,Presencial,Noite,5.1,93.3,60.2,5.3,6,0,60,Sim
3213,Administracao,6,Presencial,Noite,3.7,68.1,95.5,1.9,6,30,20,Nao
1277,Pedagogia,5,Presencial,Manha,6.4,84.6,,7.1,3,0,10,Nao
6717,Engenharia Civil,2,Hibrida,Manha,6.4,89.9,92.9,7.7,3,0,60,Sim
5945,Enfermagem,1,Hibrida,Manha,3.5,72.4,84.8,8.5,8,20,20,Nao
1634,Pedagogia,4,Hibrida,Manha,1.2,76.2,62.4,5.8,11,40,60,Nao
5518,Engenharia de Software,6,Presencial,Noite,6.6,81.2,79.8,7.5,11,20,30,Nao
4885,Engenharia Civil,7,Presencial,Noite,5.8,89.9,47.1,8.8,8,30,45,Sim
3007,Enfermagem,5,Presencial,Manha,10.9,68.0,100,6.7,4,20,120,Sim
2239,Engenharia Civil,2,Hibrida,Noite,5.4,72.2,46.8,5.8,9,20,15,Nao
5558,Engenharia Civil,5,EAD,Noite,7.0,87.4,85.4,4.5,9,0,0,Sim
2831,Enfermagem,1,EAD,Manha,7.4,70.5,86.1,3.1,4,30,0,Nao
1177,Administracao,5,Hibrida,Manha,12.0,93.4,76.7,3.8,12,0,60,Sim
3289,Enfermagem,4,Presencial,Manha,11.0,67.0,51.5,3.2,6,30,20,Nao
2483,Pedagogia,7,Hibrida,Manha,9.8,98.3,94.2,5.6,11,0,45,Sim
6018,Administracao,4,Presencial,Manha,6.8,93.1,59.8,4.0,8,0,45,Sim
1686,Engenharia Civil,6,Hibrida,Manha,11.4,93.3,99.8,5.1,7,0,60,Sim
2271,Pedagogia,4,Presencial,Noite,8.6,90.9,93.1,10,4,0,30,Sim
6606,Engenharia de Software,1,Hibrida,Noite,7.5,88.7,98.1,2.4,4,44,45,Nao
1297,Enfermagem,7,Hibrida,Manha,7.9,84.2,100,5.5,9,30,60,Sim
507,Engenharia Civil,4,EAD,Manha,10.0,71.5,80.7,5.5,4,0,0,Sim
5385,Engenharia de Software,4,EAD,Manha,2.4,70.4,92.5,5.4,3,20,0,Nao
3205,Administracao,8,Presencial,Manha,13.3,70.8,55.9,6.2,12,0,30,Nao
8227,Pedagogia,7,Presencial,Noite,5.0,92.1,64.2,9.1,4,20,60,Sim
9048,Enfermagem,4,Presencial,Manha,2.3,75.8,86.5,5.4,5,20,45,Sim
9654,Enfermagem,7,Presencial,Manha,9.9,90.0,41.5,3.4,9,0,15,Nao
9892,Administracao,2,Presencial,Manha,5.9,76.2,81.1,6.4,4,0,15,Nao
7182,Pedagogia,4,Presencial,Noite,7.5,80.8,66.5,8.4,6,30,120,Nao
8565,Enfermagem,7,Presencial,Noite,10.2,86.9,100,7.2,11,0,90,Nao
6040,Engenharia de Software,1,Presencial,Manha,4.1,75.1,50.2,8.4,7,0,10,Nao
8519,Administracao,6,EAD,Manha,6.8,89.6,79.2,7.2,8,20,0,Nao
8242,Engenharia de Software,8,Presencial,Noite,8.3,96.9,59.7,3.7,3,20,120,Nao
213,Engenharia Civil,3,Presencial,Manha,8.7,82.3,77.3,6.2,8,20,45,Nao
8507,Administracao,3,EAD,Manha,3.6,90.4,63.8,5.9,7,20,0,Sim
6145,Enfermagem,7,Hibrida,Noite,3.7,84.1,100,9.3,6,40,60,Sim
7285,Enfermagem,2,Presencial,Noite,8.7,90.7,70.9,8.7,8,30,10,Nao
5645,Engenharia Civil,8,Presencial,Manha,6.4,79.5,76.0,3.7,8,0,20,Nao
4594,Pedagogia,8,Hibrida,Noite,10.7,92.6,77.5,5.9,6,44,10,Nao
8921,Enfermagem,4,Hibrida,Manha,10.2,93.3,69.0,6.6,5,0,15,Sim
1944,Engenharia de Software,8,Presencial,Manha,7.8,64.4,93.0,7.3,6,0,120,Nao
5595,Pedagogia,6,EAD,Noite,4.8,84.4,75.2,7.5,7,40,0,Sim
2264,Engenharia Civil,7,Presencial,Manha,6.4,81.2,100,6.9,4,0,90,Nao
4997,Administracao,8,EAD,Noite,10.5,91.1,100,6.0,13,20,0,Sim
4488,Pedagogia,2,Presencial,Noite,4.8,89.7,73.6,5.2,11,20,120,Nao
4599,Pedagogia,8,Presencial,Noite,4.6,95.2,49.4,5.8,5,30,10,Sim
8190,Engenharia de Software,5,Presencial,Noite,0.2,90.7,77.1,2.3,8,30,30,Nao
5461,Enfermagem,7,Presencial,Noite,8.7,95.7,72.0,4.9,10,0,20,Nao
6913,Administracao,3,Presencial,Noite,12.2,73.5,90.2,8.3,13,30,45,Sim
3529,Administracao,2,Presencial,Manha,6.8,70.9,81.9,5.0,10,20,60,Nao
9212,Engenharia de Software,2,EAD,Manha,5.8,95.8,52.3,6.1,9,20,0,Sim
5286,Engenharia de Software,6,Presencial,Manha,2.6,79.5,76.9,7.8,3,0,20,Nao
2649,Engenharia Civil,5,EAD,Manha,5.8,96.7,60.9,4.6,9,44,0,Nao
2810,Engenharia de Software,7,Presencial,Noite,1.6,69.9,79.7,7.4,5,40,60,Sim
921,Engenharia Civil,8,Hibrida,Noite,5.9,85.1,96.0,7.0,2,30,10,Sim
5316,Engenharia Civil,5,Hibrida,Manha,,81.9,78.1,4.9,6,30,120,Sim
6489,Enfermagem,5,Presencial,Noite,8.8,86.5,79.2,6.1,4,20,15,Nao
1927,Engenharia Civil,7,Presencial,Noite,8.0,74.8,87.0,7.5,7,40,45,Nao
3585,Engenharia Civil,1,Presencial,Noite,8.5,73.5,69.2,2.9,6,0,10,Nao
7416,Pedagogia,1,Hibrida,Noite,4.2,93.9,87.5,0.6,11,20,90,Sim
9075,Administracao,5,Hibrida,Manha,3.7,74.7,71.9,9.0,6,44,45,Sim
5612,Engenharia Civil,5,Hibrida,Manha,4.0,79.6,63.6,6.1,7,40,30,Nao
248,Enfermagem,2,Presencial,Noite,2.4,80.6,88.9,8.3,1,44,10,Sim
4869,Administracao,6,Hibrida,Noite,4.8,62.9,77.3,4.2,3,30,,Nao
932,Pedagogia,4,Presencial,Noite,7.8,94.0,86.9,4.3,4,20,20,Nao
3036,Administracao,3,Presencial,Manha,2.3,90.3,60.7,7.9,5,20,15,Nao
961,Enfermagem,2,Hibrida,Noite,7.3,84.9,84.0,3.6,1,0,45,Nao
1141,Engenharia de Software,1,Presencial,Noite,10.0,63.8,92.7,3.9,5,0,45,Sim
1248,Administracao,3,Hibrida,Manha,6.7,87.9,19.4,7.7,6,0,120,Nao
5770,Engenharia Civil,7,Presencial,Manha,7.2,100,76.5,3.3,9,0,120,Sim
8220,Enfermagem,7,Presencial,Manha,5.3,78.0,69.1,6.6,5,0,45,Sim
7520,Enfermagem,7,Hibrida,Noite,5.9,86.2,51.6,5.5,5,0,90,Nao
896,Administracao,2,Hibrida,Manha,11.0,87.1,73.7,,9,20,60,Sim
6349,Pedagogia,5,Hibrida,Manha,9.9,78.1,63.2,,9,40,90,Sim
7038,Engenharia Civil,8,Presencial,Manha,7.1,95.4,68.2,8.5,7,0,120,Sim
1029,Engenharia de Software,3,Presencial,Noite,7.7,64.2,78.3,4.1,6,0,45,Nao
1779,Engenharia de Software,8,Presencial,Noite,9.2,85.8,75.9,4.8,8,20,60,Sim
1,Pedagogia,2,Hibrida,Noite,7.1,95.1,55.7,5.7,1,40,10,Sim
4820,Enfermagem,2,Hibrida,Manha,14.1,100,100,5.8,13,20,15,Sim
9642,Enfermagem,2,Presencial,Manha,1.8,89.5,77.4,6.6,1,40,30,Nao
813,Engenharia de Software,2,Presencial,Noite,6.6,88.5,60.3,7.4,6,20,15,Sim
3065,Engenharia Civil,7,EAD,Manha,7.1,100,100,7.4,9,0,0,Sim
6191,Enfermagem,4,Presencial,Noite,7.3,79.4,87.0,4.3,9,20,30,Sim
8259,Administracao,3,Presencial,Noite,2.4,88.8,71.9,7.6,9,20,10,Sim
8058,Administracao,6,Hibrida,Manha,0.2,76.8,73.3,2.2,1,40,20,Nao
3253,Engenharia de Software,1,Presencial,Noite,15.3,100,100,3.5,13,0,30,Nao
3395,Engenharia Civil,5,Presencial,Noite,7.1,99.2,67.7,4.8,3,30,120,Nao
30,Pedagogia,4,Presencial,Noite,11.1,98.4,100,4.2,5,40,15,Sim
3913,Enfermagem,3,Hibrida,Manha,13.4,90.5,71.2,7.0,4,0,90,Sim
7200,Engenharia de Software,1,Presencial,Manha,11.4,74.3,73.0,6.0,9,0,15,Sim
6966,Pedagogia,6,EAD,Noite,9.8,81.3,75.2,8.8,5,0,0,Sim
3780,Pedagogia,3,Presencial,Noite,4.8,100,72.8,8.5,0,30,15,Sim
5140,Administracao,4,Presencial,Noite,4.2,71.6,75.4,7.2,0,40,90,Nao
6358,Engenharia de Software,3,Hibrida,Manha,4.4,85.5,69.1,7.2,2,40,20,Sim
2365,Engenharia Civil,6,Hibrida,Manha,9.7,74.3,92.3,7.2,6,40,10,Sim
2438,Enfermagem,8,Presencial,Manha,3.9,87.4,76.5,4.1,2,40,10,Nao
8313,Engenharia de Software,3,Presencial,Manha,6.2,91.1,76.6,7.6,8,0,45,Sim
4010,Engenharia de Software,8,Hibrida,Manha,0.3,75.9,96.2,,6,0,10,Nao
8885,Engenharia Civil,7,Hibrida,Noite,7.2,90.8,63.6,7.5,8,0,45,Nao
7016,Pedagogia,6,Presencial,Noite,5.5,100,60.9,7.6,,20,10,Sim
9220,Enfermagem,3,Presencial,Noite,9.3,82.9,65.9,10,10,40,60,Sim
7214,Pedagogia,2,Presencial,Manha,5.7,70.6,89.4,6.8,9,0,30,Sim
7094,Pedagogia,3,EAD,Manha,13.1,100,80.9,7.9,4,0,0,Sim
3808,Engenharia de Software,8,Presencial,Noite,1.4,100,57.0,6.0,4,20,30,Nao
6513,Pedagogia,8,Presencial,Noite,6.6,100,73.7,6.0,6,20,120,Sim
7489,Engenharia Civil,7,EAD,Noite,0.2,85.1,54.5,5.4,1,30,0,Nao
8636,Pedagogia,8,Presencial,Manha,7.6,91.3,91.8,6.4,5,40,30,Sim
668,Administracao,8,Presencial,Manha,4.8,78.6,,7.1,13,40,45,Nao
9387,Engenharia de Software,1,Hibrida,Noite,9.8,74.2,58.9,7.9,8,44,60,Nao
7074,Enfermagem,3,Presencial,Manha,1.9,66.1,81.8,6.6,6,30,20,Nao
9716,Engenharia de Software,4,Presencial,Noite,9.2,74.7,80.0,5.7,7,20,120,Nao
2295,Administracao,3,EAD,Noite,7.9,98.1,72.9,6.5,1,40,0,Nao
6002,Enfermagem,6,EAD,Manha,13.5,86.0,91.4,3.2,11,0,0,Sim
3883,Engenharia Civil,3,EAD,Manha,2.8,81.5,95.0,5.4,3,0,0,Sim
2395,Engenharia Civil,7,Hibrida,Noite,6.3,71.0,86.0,5.5,7,0,45,Sim
2257,Engenharia Civil,5,Presencial,Manha,1.9,74.2,75.5,4.7,4,44,120,Sim
5789,Administracao,8,EAD,Manha,5.1,85.7,76.7,5.5,4,40,0,Nao
8742,Administracao,1,Presencial,Noite,8.3,88.7,99.0,7.8,8,0,20,Sim
5054,Engenharia Civil,6,Presencial,Noite,6.2,100,63.7,8.1,5,0,45,Sim
7085,Engenharia de Software,4,Presencial,Noite,7.5,87.1,80.3,7.6,9,0,60,Nao
281,Engenharia Civil,6,Presencial,Noite,3.9,63.7,99.9,6.6,6,20,30,Sim
3936,Enfermagem,4,Presencial,Noite,2.2,77.0,89.2,5.6,3,40,15,Sim
9398,Engenharia de Software,6,Hibrida,Manha,9.6,70.7,34.2,6.1,5,40,,Nao
657,Administracao,4,EAD,Manha,4.2,84.9,75.9,7.7,6,20,0,Sim
7002,Enfermagem,3,Hibrida,Noite,4.6,81.1,43.2,3.6,,40,45,Nao
3834,Administracao,6,Presencial,Manha,11.6,71.9,80.3,,8,30,90,Sim
4694,Pedagogia,7,Presencial,Noite,0.2,79.7,86.6,4.8,5,20,20,Sim
2540,Administracao,5,Presencial,Noite,7.9,84.7,74.2,7.6,9,20,120,Sim
4250,Pedagogia,6,Presencial,Manha,9.7,76.4,72.1,4.8,7,0,45,Sim
3017,Enfermagem,4,Presencial,Noite,10.5,87.5,96.8,3.6,9,44,30,Sim
5815,Administracao,7,Presencial,Noite,14.5,76.5,91.0,7.7,7,20,45,Sim
2459,Administracao,2,EAD,Noite,3.7,90.2,48.1,3.5,,0,0,Nao
2444,Engenharia Civil,3,Presencial,Noite,6.7,87.6,74.3,4.9,9,40,120,Sim
8785,Pedagogia,5,Presencial,Manha,3.9,92.0,70.3,5.7,4,30,20,Nao
1444,Administracao,2,Presencial,Manha,6.6,87.7,53.3,7.1,6,20,90,Nao
396,Enfermagem,4,Hibrida,Manha,4.8,75.9,71.2,7.5,8,0,20,Nao
6305,Pedagogia,3,EAD,Manha,13.4,79.5,59.4,5.6,9,0,0,Nao
6028,Administracao,6,Presencial,Noite,6.5,77.9,66.4,3.2,2,20,90,Sim
2917,Administracao,8,Presencial,Noite,6.9,89.0,75.5,5.9,6,0,90,Nao
4713,Engenharia de Software,6,Hibrida,Noite,4.5,87.1,78.6,4.2,3,40,10,Sim
1340,Enfermagem,4,Presencial,Manha,8.1,93.6,49.9,4.9,9,0,90,Nao
6955,Enfermagem,2,Presencial,Manha,2.8,79.7,53.2,9.8,0,40,60,Nao
9177,Engenharia Civil,7,Presencial,Noite,3.3,76.5,50.9,5.1,0,44,120,Nao
4360,Engenharia de Software,6,Presencial,Noite,6.8,80.0,82.3,5.4,6,44,90,Sim
9674,Engenharia Civil,1,Presencial,Noite,8.9,70.3,77.6,5.5,5,44,60,Nao
7025,Enfermagem,5,EAD,Manha,11.5,75.6,71.5,5.2,11,0,0,Sim
4267,Enfermagem,3,Hibrida,Manha,2.4,100,77.3,5.5,11,30,60,Nao
4586,Administracao,3,Presencial,Manha,4.5,98.9,83.4,8.4,4,44,60,Nao
1195,Enfermagem,2,Presencial,Noite,10.6,89.1,77.2,7.6,8,0,15,Nao
7114,Enfermagem,3,EAD,Manha,6.9,85.1,87.9,5.7,10,0,0,Sim
1163,Engenharia Civil,3,Presencial,Noite,7.4,77.9,72.5,7.7,8,40,45,Nao
2158,Engenharia de Software,8,EAD,Noite,9.9,89.7,66.7,4.8,10,40,0,Sim
8342,Pedagogia,2,Presencial,Manha,10.3,91.1,96.6,6.6,5,20,15,Nao
7366,Pedagogia,6,Hibrida,Manha,4.4,91.0,58.1,5.7,5,40,10,Nao
9931,Engenharia Civil,5,Hibrida,Noite,,76.8,65.2,5.2,9,0,60,Sim
3864,Pedagogia,2,Hibrida,Manha,7.6,84.1,74.2,7.9,4,44,15,Sim
5735,Enfermagem,8,Presencial,Manha,2.2,94.4,58.2,4.9,3,30,15,Sim
2102,Pedagogia,8,Presencial,Manha,8.7,84.7,100,6.4,8,30,20,Nao
309,Engenharia Civil,2,Presencial,Manha,1.9,89.7,52.3,5.5,10,40,10,Sim
6193,Engenharia Civil,6,Presencial,Manha,9.0,81.6,70.0,7.6,7,40,20,Sim
7397,Engenharia de Software,4,Hibrida,Noite,4.6,72.0,68.4,3.2,7,0,45,Nao
2563,Pedagogia,5,EAD,Manha,8.1,91.0,55.3,5.0,7,44,0,Nao
3667,Engenharia Civil,3,Hibrida,Noite,6.4,83.5,92.1,5.2,2,40,120,Nao
4185,Administracao,3,Presencial,Manha,0.2,68.7,48.3,3.5,6,40,20,Nao
446,Pedagogia,3,Hibrida,Noite,8.1,77.0,73.1,8.1,11,20,60,Sim
1205,Engenharia Civil,3,Hibrida,Manha,9.5,93.9,70.5,6.2,9,0,30,Nao
7151,Enfermagem,5,Presencial,Noite,6.2,87.8,58.3,6.2,1,40,45,Nao
6971,Engenharia de Software,4,Presencial,Noite,7.5,83.5,75.6,8.4,6,0,30,Sim
5387,Engenharia Civil,5,EAD,Noite,,65.1,66.8,4.8,8,30,0,Nao
4480,Enfermagem,5,Presencial,Noite,4.6,73.4,68.7,3.7,7,20,30,Nao
8230,Engenharia Civil,6,Presencial,Noite,3.9,95.6,59.1,5.0,6,0,30,Nao
2263,Engenharia Civil,4,Presencial,Noite,5.4,81.1,100,6.2,3,20,30,Sim
7720,Pedagogia,8,Presencial,Manha,7.0,78.9,75.6,10,0,40,30,Sim
1703,Pedagogia,6,Presencial,Manha,4.5,66.8,72.0,6.8,2,30,30,Nao
719,Administracao,5,Hibrida,Manha,8.7,75.6,74.8,8.1,7,44,10,Sim
1552,Engenharia de Software,7,Hibrida,Manha,12.3,65.3,100,8.0,7,30,20,Nao
3298,Pedagogia,6,Presencial,Manha,11.4,91.7,73.8,2.9,8,20,10,Nao
2402,Pedagogia,7,Presencial,Noite,7.9,94.4,68.6,7.7,5,0,10,Nao
4501,Administracao,8,Presencial,Manha,7.3,94.1,100,3.9,10,20,45,Sim
2633,Enfermagem,2,Presencial,Noite,4.0,94.3,57.4,5.0,3,0,10,Nao
3145,Pedagogia,1,Presencial,Noite,12.6,67.6,100,8.4,5,20,120,Sim
2708,Pedagogia,6,Presencial,Manha,13.8,70.1,97.8,4.7,9,20,30,Nao
9069,Enfermagem,6,Hibrida,Manha,8.5,72.6,72.2,6.2,8,30,30,Sim
2180,Enfermagem,3,Hibrida,Noite,5.1,72.9,84.2,7.4,6,40,20,Sim
2457,Engenharia Civil,7,EAD,Noite,3.9,92.6,100,5.1,1,0,0,Sim
8912,Pedagogia,3,Hibrida,Noite,,83.8,100,8.0,9,0,,Sim
5778,Engenharia Civil,4,Presencial,Noite,7.0,90.5,100,4.8,4,0,15,Sim
3220,Engenharia Civil,1,EAD,Noite,2.6,68.8,55.0,6.6,5,44,0,Nao
1839,Administracao,6,EAD,Noite,6.1,80.0,68.7,4.8,8,0,0,Nao
6022,Engenharia de Software,6,Hibrida,Manha,1.4,84.5,67.7,7.0,0,0,90,Nao
3476,Pedagogia,6,Presencial,Manha,4.5,70.8,77.3,6.8,5,20,45,Nao
2750,Pedagogia,7,Presencial,Noite,8.0,79.3,100,6.9,5,44,30,Sim
5101,Engenharia de Software,6,Presencial,Manha,9.2,83.4,65.5,4.5,5,30,20,Nao
5573,Engenharia de Software,1,Hibrida,Noite,9.2,93.6,66.9,5.8,9,20,20,Sim
7164,Engenharia Civil,3,Presencial,Manha,6.4,93.3,84.2,2.4,6,30,120,Sim
3692,Enfermagem,7,Presencial,Manha,4.6,82.0,73.2,8.1,1,0,30,Nao
8818,Pedagogia,8,Hibrida,Manha,6.8,93.6,74.9,6.0,5,0,90,Nao
6136,Administracao,7,Presencial,Noite,4.2,84.7,,5.0,4,44,45,Sim
3122,Administracao,1,Presencial,Noite,8.9,65.8,84.1,4.5,12,0,15,Nao
5654,Administracao,3,EAD,Manha,8.0,82.1,64.2,5.9,3,0,0,Nao
1489,Enfermagem,8,Presencial,Manha,1.4,80.6,35.9,7.2,3,40,120,Nao
736,Engenharia Civil,3,EAD,Noite,0.2,100,68.5,4.6,9,0,,Nao
9538,Engenharia Civil,1,EAD,Noite,7.7,74.6,84.9,5.0,10,40,0,Sim
4569,Enfermagem,6,Presencial,Manha,7.0,77.3,,8.8,6,20,90,Nao
5102,Engenharia Civil,6,Presencial,Noite,4.8,80.5,62.2,7.6,3,0,90,Sim
9893,Engenharia de Software,5,Presencial,Manha,3.3,82.4,61.8,6.7,4,40,10,Sim
6481,Administracao,3,EAD,Manha,5.5,96.5,42.3,6.9,6,20,0,Sim
9402,Enfermagem,8,Hibrida,Manha,13.7,73.4,99.3,5.7,6,30,,Sim
5669,Pedagogia,5,Hibrida,Noite,5.5,88.8,67.8,6.4,6,30,,Nao
4769,Pedagogia,1,Hibrida,Noite,11.3,96.0,100,5.3,5,0,60,Nao
4477,Administracao,8,Presencial,Manha,14.8,85.9,69.8,4.5,11,0,30,Sim
6072,Pedagogia,2,Presencial,Noite,9.0,79.2,64.7,5.1,10,20,15,Nao
5141,Enfermagem,1,EAD,Noite,10.8,82.6,92.8,6.8,11,0,0,Sim
1566,Enfermagem,2,Presencial,Noite,4.9,80.1,78.3,7.5,4,44,45,Sim
9330,Administracao,4,Presencial,Noite,8.3,71.0,66.0,3.9,4,20,90,Nao
9129,Engenharia de Software,8,Hibrida,Noite,0.2,98.4,69.9,5.1,4,0,10,Sim
2929,Administracao,1,EAD,Noite,13.2,81.4,93.7,5.6,7,30,,Nao
6383,Enfermagem,5,Hibrida,Noite,0.7,86.3,39.9,8.1,12,20,120,Nao
1730,Engenharia Civil,6,Hibrida,Manha,2.8,100,61.4,8.5,3,20,45,Sim
5917,Engenharia Civil,2,Presencial,Noite,9.2,87.2,75.0,4.1,5,0,30,Nao
9934,Pedagogia,2,Presencial,Manha,6.3,71.9,71.4,7.7,8,0,15,Sim
707,Engenharia Civil,8,Hibrida,Manha,2.8,68.9,48.2,3.5,3,40,60,Nao
6032,Pedagogia,3,Hibrida,Noite,2.8,74.2,78.7,6.6,8,20,10,Nao
7328,Administracao,7,EAD,Noite,6.9,87.5,68.0,5.2,10,0,0,Nao
3705,Enfermagem,8,Presencial,Manha,8.8,88.0,87.2,4.9,4,0,10,Sim
5458,Engenharia Civil,5,EAD,Manha,4.8,75.4,100,4.9,6,0,0,Sim
2758,Pedagogia,3,Presencial,Manha,5.3,74.5,66.0,5.4,2,30,60,Sim
5065,Pedagogia,4,Hibrida,Noite,6.0,86.7,100,5.7,8,0,30,Sim
5363,Pedagogia,1,Hibrida,Noite,8.1,81.2,65.8,6.9,5,20,45,Nao
7350,Enfermagem,5,Hibrida,Noite,11.8,100,66.8,6.7,8,0,60,Nao
7641,Enfermagem,5,Presencial,Manha,0.6,89.7,85.9,5.5,4,44,45,Nao
8530,Enfermagem,3,EAD,Manha,6.6,70.0,53.9,5.4,4,0,0,Nao
5836,Engenharia de Software,5,Presencial,Manha,2.4,75.5,,5.5,0,30,30,Sim
2025,Enfermagem,3,Presencial,Noite,4.1,71.3,74.9,8.5,10,44,60,Nao
8890,Pedagogia,2,Presencial,Manha,3.2,77.4,83.8,6.4,4,0,15,Nao
8905,Enfermagem,7,Presencial,Noite,3.8,73.9,77.5,6.0,4,44,20,Sim
5441,Pedagogia,8,Presencial,Noite,15.2,91.8,90.7,7.5,8,0,60,Sim
2277,Engenharia Civil,6,Presencial,Manha,7.0,75.8,64.1,5.4,4,0,30,Sim
6490,Pedagogia,8,Hibrida,Noite,11.5,85.1,61.4,3.2,7,20,15,Sim
6141,Pedagogia,8,EAD,Noite,15.7,87.5,81.6,7.8,8,0,0,Sim
8312,Administracao,5,Presencial,Noite,12.6,62.7,91.4,7.5,6,0,90,Sim
428,Engenharia de Software,3,Presencial,Noite,7.2,88.3,56.2,4.8,7,0,90,Nao
6139,Pedagogia,4,Presencial,Manha,4.9,83.0,94.6,6.8,12,30,10,Sim
593,Engenharia Civil,3,Presencial,Manha,,81.8,,5.1,5,40,15,Nao
1332,Administracao,3,Presencial,Manha,0.2,84.4,50.1,3.2,0,40,60,Nao
5487,Engenharia de Software,6,Hibrida,Noite,5.0,92.8,83.1,6.4,1,20,10,Nao
2825,Engenharia Civil,2,Presencial,Manha,3.8,83.1,73.3,4.7,9,20,60,Sim
2848,Engenharia de Software,8,Presencial,Manha,4.6,88.5,84.2,6.8,8,20,10,Nao
2221,Pedagogia,6,Presencial,Noite,6.2,85.3,79.7,9.3,10,20,30,Sim
8757,Pedagogia,7,Presencial,Manha,4.0,73.7,63.1,7.8,0,40,120,Nao
456,Administracao,6,Hibrida,Manha,5.5,100,56.9,6.6,5,30,10,Nao
7244,Engenharia de Software,2,Presencial,Manha,11.4,79.6,100,6.1,7,0,120,Nao
2095,Enfermagem,2,Hibrida,Manha,3.6,90.9,55.3,3.3,3,40,90,Nao
8090,Engenharia Civil,5,Hibrida,Noite,3.0,82.7,79.1,7.4,6,0,120,Nao
7628,Administracao,2,Presencial,Manha,1.7,79.1,50.0,3.3,0,40,20,Nao
7153,Engenharia de Software,2,Presencial,Noite,11.8,73.7,89.8,7.0,8,44,120,Sim
1726,Pedagogia,8,Hibrida,Manha,2.2,86.7,71.6,4.7,0,30,60,Nao
4710,Enfermagem,6,EAD,Noite,9.7,92.5,86.2,8.2,8,44,0,Sim
3134,Pedagogia,2,EAD,Noite,10.9,90.1,100,8.2,12,0,0,Sim
2718,Enfermagem,1,Hibrida,Noite,7.1,100,100,7.4,2,0,15,Sim
866,Enfermagem,3,Hibrida,Manha,10.3,88.2,81.4,3.0,10,40,10,Nao
6603,Pedagogia,3,Presencial,Noite,4.4,90.1,78.1,7.7,2,0,30,Sim
5630,Enfermagem,4,Presencial,Noite,6.4,84.2,63.4,5.5,5,0,30,Sim
5184,Pedagogia,6,Hibrida,Manha,11.9,100,83.0,4.5,10,0,30,Sim
9174,Enfermagem,6,EAD,Noite,,78.3,100,5.1,7,0,0,Nao
5795,Engenharia de Software,8,Presencial,Noite,4.3,74.3,43.6,5.7,2,30,10,Nao
1264,Administracao,8,Hibrida,Noite,1.6,81.3,,7.4,5,44,90,Sim
8296,Engenharia Civil,6,Presencial,Manha,11.6,76.3,100,4.2,8,40,120,Sim
5712,Pedagogia,3,Presencial,Manha,3.7,75.7,49.5,5.7,6,44,15,Nao
5005,Pedagogia,1,Presencial,Noite,1.9,82.4,82.4,7.8,2,0,15,Nao
9825,Engenharia Civil,3,Hibrida,Manha,5.1,88.5,53.7,4.7,10,0,15,Sim
9320,Engenharia de Software,5,Presencial,Manha,15.3,68.2,100,8.0,6,44,30,Sim
8005,Pedagogia,5,Presencial,Noite,0.2,73.2,86.3,7.0,4,44,45,Sim
599,Administracao,4,Hibrida,Manha,9.0,92.9,85.8,5.4,5,40,20,Nao
7327,Administracao,3,Hibrida,Noite,,72.2,,6.3,3,44,120,Nao
9762,Pedagogia,1,Presencial,Manha,5.6,55.9,100,4.0,4,0,120,Nao
5156,Enfermagem,8,Presencial,Manha,5.6,89.3,80.4,6.4,2,0,30,Sim
9507,Enfermagem,2,Presencial,Noite,1.1,86.9,64.8,8.4,5,44,30,Nao
6704,Engenharia Civil,6,EAD,Noite,3.3,76.1,84.7,3.8,3,0,0,Nao
6077,Engenharia de Software,2,Presencial,Noite,8.4,81.0,46.4,8.7,7,30,120,Nao
9055,Administracao,5,Presencial,Noite,0.2,86.0,69.5,7.5,,44,45,Nao
7576,Engenharia Civil,8,EAD,Noite,10.2,72.2,67.8,4.3,10,0,0,Sim
1827,Administracao,2,Hibrida,Noite,7.9,76.5,76.1,4.9,9,40,60,Nao
6854,Pedagogia,6,Presencial,Manha,,81.0,100,6.9,2,44,10,Nao
7616,Administracao,5,Hibrida,Noite,5.9,72.7,74.9,6.8,3,20,30,Nao
6381,Enfermagem,4,Hibrida,Manha,8.7,71.8,57.0,6.9,6,40,45,Nao
8118,Engenharia de Software,1,Presencial,Noite,5.2,73.6,100,5.8,3,44,90,Sim
3471,Enfermagem,4,EAD,Noite,6.5,83.0,59.1,5.0,8,44,0,Nao
5969,Engenharia Civil,2,Presencial,Noite,17.3,80.4,57.4,7.1,12,0,10,Sim
9469,Pedagogia,4,Presencial,Manha,6.3,80.4,79.9,5.4,2,0,120,Sim
8268,Engenharia Civil,7,Presencial,Noite,10.7,86.0,100,5.4,4,20,45,Sim
1266,Engenharia de Software,3,Presencial,Manha,10.2,79.2,68.6,1.1,3,44,45,Nao
5384,Administracao,1,Presencial,Noite,6.5,85.4,64.8,8.0,0,40,60,Sim
6377,Administracao,3,Presencial,Manha,6.6,87.8,73.2,7.8,3,0,60,Nao
6705,Pedagogia,5,Presencial,Manha,12.7,69.3,88.1,4.9,11,40,60,Sim
8819,Engenharia Civil,2,Hibrida,Manha,13.0,84.8,64.2,7.5,9,0,45,Sim
4497,Engenharia de Software,2,EAD,Noite,11.0,77.0,91.6,7.5,7,0,0,Nao
6321,Administracao,2,Presencial,Manha,4.0,87.6,79.8,4.4,4,0,20,Sim
9421,Engenharia Civil,1,Presencial,Noite,9.8,78.5,65.1,1.8,11,20,120,Nao
7508,Administracao,2,Presencial,Noite,7.5,74.9,67.4,5.7,6,44,45,Nao
6905,Administracao,5,Presencial,Noite,7.9,100,31.8,3.6,10,0,10,Nao
8371,Pedagogia,2,Presencial,Noite,8.3,86.7,38.4,3.7,5,0,15,Sim
9918,Engenharia Civil,3,Presencial,Manha,4.4,94.6,38.5,6.1,4,30,20,Nao
8435,Administracao,5,Presencial,Noite,7.7,62.0,46.3,5.6,8,20,90,Sim
7351,Pedagogia,7,EAD,Manha,15.7,98.2,70.9,5.4,7,20,0,Sim
7261,Enfermagem,2,Hibrida,Noite,12.4,78.8,75.9,4.2,11,0,45,Sim
357,Administracao,2,Presencial,Noite,11.8,97.2,88.4,4.6,5,0,10,Nao
2432,Engenharia de Software,1,Presencial,Noite,8.1,87.4,91.4,5.6,10,0,15,Sim
8176,Engenharia Civil,3,Hibrida,Manha,4.1,71.3,46.4,4.2,1,0,10,Nao
1519,Engenharia de Software,8,Hibrida,Noite,11.3,94.6,68.2,6.7,6,0,45,Sim
3042,Engenharia de Software,7,Presencial,Manha,7.7,82.3,71.8,5.6,7,20,60,Nao
4692,Administracao,7,Hibrida,Manha,8.4,85.5,62.7,7.7,6,30,30,Nao
9209,Enfermagem,4,Presencial,Manha,4.6,86.1,57.9,9.0,11,30,120,Nao
4047,Enfermagem,4,EAD,Noite,7.9,96.5,94.2,3.3,6,0,0,Nao
4742,Engenharia de Software,1,Presencial,Noite,7.9,69.8,73.6,7.3,7,30,10,Nao
5506,Engenharia Civil,5,Hibrida,Manha,8.6,100,100,4.5,4,20,45,Sim
4755,Enfermagem,7,Presencial,Noite,13.1,69.5,45.2,8.9,11,30,120,Nao
476,Engenharia de Software,7,Presencial,Manha,14.0,87.3,100,6.3,4,20,45,Sim
2124,Enfermagem,2,Hibrida,Noite,10.8,95.3,86.2,4.1,9,0,20,Sim
3079,Engenharia Civil,8,Hibrida,Noite,14.9,96.0,90.7,5.1,13,0,45,Sim
4395,Pedagogia,5,EAD,Noite,3.0,72.0,32.5,6.2,2,40,0,Nao
7473,Pedagogia,8,Hibrida,Noite,0.2,100,100,5.6,0,44,20,Nao
5477,Administracao,6,EAD,Noite,2.1,100,85.1,4.6,,30,0,Nao
759,Engenharia de Software,7,EAD,Noite,7.0,62.6,,4.7,7,30,0,Nao
1738,Administracao,2,Presencial,Noite,4.4,78.1,86.2,5.5,0,40,30,Nao
4070,Engenharia Civil,8,Hibrida,Manha,4.5,96.0,71.0,5.5,0,20,15,Sim
780,Enfermagem,7,Hibrida,Manha,11.2,79.2,85.1,6.6,7,0,10,Nao
5859,Enfermagem,3,Presencial,Noite,4.0,87.7,47.6,6.5,5,44,30,Nao
7770,Engenharia de Software,8,Presencial,Manha,10.4,98.8,74.5,4.0,14,0,60,Nao
879,Enfermagem,2,Hibrida,Manha,9.8,91.6,85.0,7.1,13,40,15,Sim
4994,Administracao,8,EAD,Noite,15.6,75.4,100,7.2,7,20,,Sim
9637,Engenharia Civil,4,Presencial,Manha,8.4,96.1,72.5,6.7,4,20,90,Sim
8004,Engenharia de Software,2,Hibrida,Noite,4.3,87.7,92.1,3.1,2,20,15,Nao
6723,Engenharia de Software,8,Presencial,Manha,4.6,80.6,92.3,6.6,6,40,30,Sim
7308,Engenharia de Software,5,Hibrida,Noite,8.7,92.9,80.7,6.3,12,20,30,Sim
9936,Enfermagem,4,Hibrida,Noite,6.1,92.8,66.9,4.6,3,0,120,Nao
4768,Engenharia de Software,6,Hibrida,Manha,9.1,69.9,83.1,7.8,16,44,10,Nao
5029,Engenharia Civil,2,Hibrida,Noite,5.6,80.3,100,8.6,5,0,15,Sim
4096,Pedagogia,8,Presencial,Noite,11.0,77.5,100,6.1,13,0,90,Nao
1514,Enfermagem,3,EAD,Manha,0.2,90.9,66.0,4.3,5,30,0,Nao
2936,Administracao,8,Presencial,Noite,6.4,65.3,39.4,3.7,2,44,45,Nao
8137,Enfermagem,5,Hibrida,Noite,9.6,65.8,50.6,10,11,44,90,Sim
7099,Engenharia Civil,4,Presencial,Manha,7.0,69.0,60.4,5.3,6,20,10,Nao
743,Pedagogia,3,Hibrida,Manha,3.0,87.5,70.5,8.0,2,0,45,Nao
4657,Engenharia Civil,2,Presencial,Manha,9.2,92.0,93.8,4.1,8,0,10,Sim
9869,Administracao,3,Presencial,Manha,0.3,96.2,79.7,,8,20,10,Sim
8307,Enfermagem,7,Presencial,Noite,2.8,79.6,72.9,4.6,2,40,15,Nao
3266,Engenharia Civil,5,Presencial,Manha,9.1,88.7,96.2,8.9,7,0,10,Nao
2512,Pedagogia,5,Hibrida,Noite,1.1,81.8,56.3,3.4,0,0,90,Nao
6475,Engenharia Civil,3,Presencial,Manha,5.5,88.0,68.4,6.3,6,0,45,Sim
9572,Enfermagem,7,Presencial,Manha,7.0,90.1,98.0,8.5,5,0,45,Sim
5538,Engenharia Civil,4,Presencial,Noite,0.7,78.5,71.1,4.0,0,40,60,Nao
4579,Engenharia Civil,1,Hibrida,Manha,8.9,93.4,46.6,5.7,7,30,60,Nao
2086,Enfermagem,6,Presencial,Manha,15.6,80.4,72.0,3.8,14,20,10,Sim
6213,Engenharia Civil,1,Presencial,Manha,11.3,77.2,84.2,6.2,5,40,120,Sim
4895,Pedagogia,4,Hibrida,Manha,6.6,80.9,52.4,2.5,10,40,45,Nao
9451,Enfermagem,3,Presencial,Noite,9.1,64.5,90.2,8.3,8,0,10,Sim
4287,Pedagogia,1,Presencial,Noite,8.1,86.3,81.9,6.8,2,40,45,Nao
7820,Administracao,7,Presencial,Manha,5.1,82.3,87.5,6.7,5,40,20,Nao
871,Administracao,7,Hibrida,Noite,4.9,93.3,43.5,5.7,3,20,20,Sim
827,Administracao,2,EAD,Noite,6.0,81.6,58.8,4.4,10,30,0,Sim
4460,Engenharia de Software,6,Presencial,Noite,2.0,77.7,65.2,5.1,2,40,20,Nao
5624,Pedagogia,7,Hibrida,Noite,4.8,93.9,38.0,5.3,4,20,90,Nao
2106,Pedagogia,2,Presencial,Manha,10.2,67.8,100,6.0,13,20,15,Sim
9695,Enfermagem,6,Presencial,Manha,7.7,100,78.0,7.4,5,40,10,Sim
1243,Administracao,6,Hibrida,Manha,8.3,78.8,76.5,8.8,4,0,45,Sim
6183,Engenharia de Software,2,EAD,Manha,10.4,78.1,62.3,7.6,12,44,0,Sim
936,Engenharia Civil,7,EAD,Noite,5.4,76.3,80.9,3.5,5,40,0,Nao
7401,Engenharia de Software,1,Presencial,Manha,11.5,87.0,76.1,5.8,11,0,45,Sim
6268,Administracao,8,Hibrida,Noite,7.3,70.3,94.1,5.1,7,40,90,Nao
5964,Engenharia Civil,7,Presencial,Manha,4.8,84.3,60.7,5.7,3,0,,Nao
4851,Engenharia de Software,7,Presencial,Manha,1.8,78.4,81.9,9.0,5,0,60,Sim
1840,Engenharia de Software,3,EAD,Manha,7.2,85.4,96.7,4.3,7,30,0,Sim
7657,Enfermagem,7,Hibrida,Noite,12.6,68.2,89.7,7.4,10,0,30,Sim
8179,Administracao,3,Hibrida,Noite,8.6,73.6,70.9,4.0,5,0,60,Nao
2445,Engenharia de Software,6,Hibrida,Noite,3.2,100,56.8,5.6,7,44,10,Nao
4570,Engenharia de Software,8,Presencial,Manha,7.6,86.8,70.2,8.4,4,44,30,Sim
6209,Engenharia Civil,3,Presencial,Noite,5.8,86.9,53.4,4.9,5,30,90,Nao
4853,Enfermagem,8,Presencial,Manha,0.2,88.2,81.1,5.9,0,40,45,Nao
1043,Enfermagem,2,Presencial,Manha,13.2,90.4,73.8,4.5,8,0,90,Nao
4412,Engenharia Civil,4,Hibrida,Noite,12.7,69.0,91.9,7.9,11,20,45,Sim
7160,Enfermagem,3,Presencial,Noite,14.0,91.4,81.7,6.8,7,0,30,Sim
8163,Engenharia de Software,3,Presencial,Noite,4.7,88.3,87.1,6.5,5,44,15,Sim
3975,Administracao,7,Presencial,Noite,11.5,71.7,86.5,6.1,9,0,20,Sim
254,Engenharia de Software,4,EAD,Noite,2.3,94.4,87.9,6.9,2,44,0,Sim
2503,Administracao,2,Presencial,Manha,4.9,77.5,71.6,9.1,4,0,60,Nao
1294,Administracao,8,Presencial,Noite,12.3,70.9,64.2,3.9,8,0,120,Nao
9913,Enfermagem,8,Hibrida,Noite,7.3,100,59.2,9.1,1,0,120,Nao
9923,Engenharia Civil,1,Presencial,Noite,9.6,87.6,100,3.4,10,30,10,Nao
3139,Administracao,5,Hibrida,Manha,3.3,76.9,51.1,6.8,1,44,10,Nao
3466,Pedagogia,2,EAD,Manha,,100,,5.8,10,44,0,Sim
1707,Enfermagem,6,Presencial,Noite,12.9,84.6,84.1,6.8,15,0,30,Sim
2290,Enfermagem,1,Presencial,Noite,9.0,68.0,84.9,5.3,7,0,10,Nao
4639,Engenharia Civil,8,EAD,Manha,14.1,95.8,94.6,4.4,13,20,0,Sim
9343,Engenharia de Software,4,Presencial,Manha,4.3,82.1,62.8,8.3,1,0,90,Nao
3986,Enfermagem,6,Presencial,Noite,5.2,64.9,,6.4,5,40,30,Nao
8743,Administracao,7,Presencial,Noite,10.6,68.0,100,5.1,7,44,45,Sim
3982,Administracao,4,Presencial,Noite,1.6,78.5,48.0,4.8,0,20,90,Nao
8520,Pedagogia,4,Presencial,Noite,10.7,80.0,79.9,9.1,4,40,30,Nao
9809,Engenharia Civil,6,EAD,Noite,4.3,75.5,79.6,8.2,8,44,0,Nao
1449,Enfermagem,8,Hibrida,Manha,12.2,81.4,89.2,7.6,10,0,30,Sim
5236,Enfermagem,3,Presencial,Noite,6.4,66.0,65.5,3.8,9,0,20,Nao
828,Pedagogia,3,Presencial,Noite,4.2,93.6,95.1,5.6,4,0,45,Nao
4498,Administracao,2,Presencial,Noite,,93.4,100,6.9,11,44,20,Sim
8563,Pedagogia,4,Presencial,Noite,3.1,79.2,76.4,6.3,4,20,120,Nao
8219,Engenharia de Software,6,EAD,Manha,6.0,60.7,54.3,5.2,4,20,0,Nao
9576,Pedagogia,8,Presencial,Manha,3.3,72.2,49.2,1.6,0,0,60,Nao
5710,Administracao,2,Presencial,Manha,1.6,79.5,81.9,2.9,5,44,10,Nao
6005,Engenharia de Software,4,Presencial,Manha,6.5,92.0,72.8,4.5,4,0,90,Nao
4938,Engenharia de Software,5,Presencial,Manha,0.2,72.3,100,4.7,0,40,60,Nao
4841,Engenharia de Software,7,Presencial,Manha,6.3,97.8,56.8,7.9,6,0,120,Sim
9061,Engenharia de Software,4,Presencial,Noite,7.2,81.8,76.0,5.8,4,0,45,Nao
8746,Administracao,8,Hibrida,Manha,6.5,90.1,100,5.9,9,0,10,Nao
2680,Pedagogia,4,Hibrida,Manha,6.8,87.0,76.2,6.1,4,20,20,Sim
6802,Administracao,7,Presencial,Manha,2.4,77.4,45.2,7.6,9,20,90,Nao
4780,Pedagogia,2,Hibrida,Noite,13.0,84.7,60.8,4.6,14,30,20,Sim
9778,Enfermagem,3,Hibrida,Manha,5.5,75.4,74.6,8.2,6,20,15,Sim
9940,Pedagogia,4,Hibrida,Manha,6.1,92.4,74.1,0.3,7,40,60,Sim
2170,Administracao,5,Presencial,Manha,6.8,87.5,,5.5,8,44,60,Nao
5734,Enfermagem,3,EAD,Noite,8.0,82.5,88.0,3.6,6,30,,Sim
7292,Pedagogia,3,Presencial,Manha,11.1,77.7,96.4,3.3,10,40,120,Sim
1845,Enfermagem,6,Presencial,Manha,6.4,79.9,46.9,6.7,5,44,120,Nao
7318,Engenharia Civil,5,EAD,Manha,1.9,96.5,48.0,1.9,3,0,0,Nao
1761,Engenharia de Software,6,Presencial,Manha,2.0,100,76.4,5.3,0,0,20,Nao
8908,Enfermagem,6,Hibrida,Manha,2.5,83.6,76.1,8.5,7,0,20,Sim
9062,Pedagogia,7,Presencial,Manha,6.3,59.6,49.3,2.7,12,30,90,Nao
31,Pedagogia,1,Hibrida,Manha,1.8,64.7,93.1,7.7,3,40,90,Sim
3350,Engenharia de Software,4,EAD,Manha,6.3,90.3,100,6.3,5,0,0,Sim
6178,Administracao,8,Hibrida,Noite,11.2,59.1,84.1,3.4,9,20,20,Nao
7560,Engenharia Civil,2,Hibrida,Manha,10.6,91.6,96.8,9.3,12,0,20,Sim
8970,Administracao,7,EAD,Manha,0.2,69.4,79.7,5.2,2,44,0,Nao
6439,Pedagogia,4,Presencial,Noite,7.8,99.2,84.0,5.1,6,0,15,Sim
9182,Engenharia Civil,7,Presencial,Manha,5.6,89.7,81.2,6.7,9,44,30,Nao
9707,Administracao,1,Hibrida,Noite,3.4,83.6,38.7,6.1,0,0,30,Nao
5460,Engenharia Civil,2,Presencial,Manha,9.7,74.7,91.6,10,13,0,120,Sim
9587,Enfermagem,5,Presencial,Noite,1.4,96.8,53.4,10,2,30,30,Nao
6680,Engenharia Civil,2,Presencial,Manha,5.3,71.8,44.8,3.0,5,30,120,Nao
5504,Administracao,5,Presencial,Manha,5.6,84.3,71.7,3.3,9,20,20,Nao
3338,Engenharia Civil,5,Presencial,Manha,6.7,70.5,53.3,5.1,6,30,90,Nao
206,Engenharia de Software,4,Presencial,Noite,10.1,80.5,71.1,6.0,5,0,30,Sim
3133,Enfermagem,2,Presencial,Manha,4.2,81.5,53.9,6.7,0,30,90,Sim
3495,Administracao,3,Hibrida,Manha,5.8,69.2,59.3,5.1,10,0,60,Nao
8516,Administracao,6,Presencial,Noite,4.8,85.8,73.2,4.0,4,44,30,Nao
4638,Administracao,8,Presencial,Manha,4.6,90.1,,4.6,2,20,120,Nao
5740,Engenharia de Software,4,EAD,Manha,2.3,82.2,78.6,4.1,5,30,0,Nao
4803,Pedagogia,5,Hibrida,Manha,5.8,62.8,84.0,5.7,8,30,45,Nao
463,Administracao,6,Presencial,Noite,14.9,69.2,90.6,8.9,9,0,120,Sim
5478,Engenharia de Software,7,Presencial,Noite,3.9,85.8,67.2,6.5,2,0,90,Sim
5242,Administracao,8,EAD,Noite,9.2,85.9,84.2,7.6,5,0,0,Sim
453,Pedagogia,2,Hibrida,Manha,4.4,71.0,86.1,9.7,4,40,45,Sim
2031,Enfermagem,8,Presencial,Manha,4.3,99.4,75.4,8.5,4,0,20,Nao
772,Engenharia de Software,1,Presencial,Manha,5.3,61.8,61.9,6.0,7,20,120,Nao
8451,Enfermagem,2,Presencial,Manha,3.2,95.5,63.3,7.7,5,30,120,Nao
5577,Engenharia Civil,6,Presencial,Manha,6.8,83.1,45.7,6.5,4,40,60,Nao
1974,Engenharia de Software,8,Presencial,Noite,6.3,82.6,82.3,9.9,6,20,,Sim
1262,Pedagogia,6,Presencial,Noite,2.8,80.6,96.2,6.6,1,30,10,Sim
7766,Administracao,4,Hibrida,Noite,5.1,90.1,60.1,7.4,10,44,30,Sim
6823,Administracao,4,Hibrida,Manha,3.1,56.5,78.5,6.2,4,20,90,Nao
2447,Administracao,4,Hibrida,Manha,7.7,84.7,51.0,3.8,3,40,120,Nao
3687,Pedagogia,3,Presencial,Noite,7.2,80.6,92.3,8.0,7,40,90,Nao
8064,Pedagogia,6,Hibrida,Noite,2.0,75.7,63.0,8.7,5,44,20,Sim
7058,Administracao,2,Presencial,Manha,9.2,97.0,52.6,7.1,6,40,20,Nao
2799,Enfermagem,7,Presencial,Manha,13.2,82.9,,8.6,9,20,10,Sim
8334,Administracao,5,Presencial,Manha,6.1,90.0,100,3.3,6,0,15,Sim
7666,Enfermagem,5,Presencial,Manha,7.9,88.2,85.0,7.5,9,44,20,Sim
7563,Pedagogia,5,Hibrida,Noite,1.5,82.6,69.6,6.7,1,20,30,Nao
4602,Administracao,3,Hibrida,Manha,8.8,90.5,76.4,4.6,6,0,10,Sim
6793,Engenharia Civil,2,EAD,Manha,7.8,83.8,75.6,8.7,13,30,0,Sim
8962,Engenharia de Software,3,Presencial,Manha,4.7,90.8,100,8.5,,30,120,Nao
1300,Engenharia de Software,6,EAD,Manha,11.3,73.1,95.6,4.4,3,0,0,Nao
6961,Enfermagem,5,Presencial,Noite,3.8,80.9,51.9,6.8,7,44,,Nao
5495,Enfermagem,6,Hibrida,Manha,6.2,100,87.8,3.3,4,20,20,Sim
7157,Engenharia de Software,7,Presencial,Noite,2.9,91.1,57.5,6.9,7,40,120,Nao
6073,Administracao,6,Hibrida,Noite,2.3,95.4,68.2,5.7,4,20,15,Nao
5092,Enfermagem,8,Presencial,Manha,5.3,100,36.4,3.6,7,20,30,Nao
6485,Engenharia Civil,4,Presencial,Manha,12.2,92.4,84.4,3.5,7,0,10,Nao
1068,Engenharia Civil,5,Presencial,Manha,8.4,78.0,100,8.0,8,20,15,Nao
7772,Pedagogia,4,Presencial,Manha,10.2,88.4,84.6,8.0,12,0,45,Nao
6709,Engenharia Civil,4,Presencial,Noite,10.2,90.3,83.0,7.8,5,20,90,Nao
4836,Enfermagem,3,EAD,Manha,0.3,85.0,58.3,3.9,3,30,0,Nao
6529,Engenharia de Software,8,Hibrida,Noite,4.5,83.6,57.6,6.4,4,40,90,Nao
9657,Administracao,5,Hibrida,Noite,4.1,67.0,53.8,7.2,5,40,90,Nao
4520,Administracao,8,Presencial,Manha,1.8,82.7,65.1,6.7,7,44,120,Nao
4218,Pedagogia,7,Hibrida,Manha,7.1,75.4,55.0,7.4,7,30,60,Nao
1067,Pedagogia,2,Presencial,Manha,13.9,75.3,100,5.5,5,0,15,Nao
1869,Pedagogia,5,Presencial,Noite,5.8,88.6,77.8,8.9,7,44,90,Sim
1693,Engenharia Civil,4,Presencial,Noite,6.7,85.4,75.2,4.1,0,30,45,Nao
5464,Administracao,8,EAD,Noite,9.2,86.8,100,7.3,0,30,0,Sim
7288,Engenharia Civil,8,Presencial,Manha,9.6,78.0,68.8,4.5,8,30,10,Nao
6651,Engenharia de Software,5,Presencial,Manha,6.3,71.3,83.1,5.0,7,30,90,Nao
705,Administracao,5,Hibrida,Manha,14.1,90.8,,8.2,11,44,15,Sim
8237,Enfermagem,8,Hibrida,Noite,12.0,80.6,68.6,3.2,,0,30,Sim
2618,Enfermagem,4,Presencial,Noite,5.2,82.1,68.7,3.6,6,30,20,Nao
7194,Administracao,4,Presencial,Noite,6.9,93.9,82.3,5.8,3,30,10,Nao
4951,Administracao,3,Presencial,Manha,4.8,80.0,46.1,3.7,1,30,20,Nao
5597,Engenharia Civil,8,Hibrida,Noite,6.4,86.1,91.1,2.5,0,40,30,Nao
4173,Pedagogia,5,Presencial,Manha,,68.3,86.9,4.0,6,0,20,Nao
9924,Enfermagem,3,Presencial,Manha,5.1,88.7,87.4,5.5,3,40,30,Nao
5046,Pedagogia,3,EAD,Manha,3.3,80.5,91.9,4.0,3,40,0,Sim
3621,Pedagogia,6,Presencial,Noite,10.9,67.0,82.6,7.8,9,20,30,Nao
5670,Administracao,4,Presencial,Noite,4.6,63.7,83.8,9.1,11,0,120,Nao
1520,Pedagogia,7,Presencial,Noite,2.7,82.4,63.8,7.9,0,30,10,Nao
1966,Administracao,2,Presencial,Noite,11.5,76.9,76.2,3.4,14,20,120,Sim
1321,Engenharia de Software,2,Hibrida,Manha,0.2,72.8,44.4,7.0,4,40,45,Nao
5816,Administracao,1,Presencial,Noite,4.5,93.1,,7.7,0,44,20,Nao
2194,Pedagogia,2,Presencial,Noite,5.2,80.7,64.6,5.6,4,0,,Nao
1788,Administracao,1,Presencial,Manha,10.8,71.1,77.6,7.6,5,0,120,Sim
2828,Engenharia de Software,7,Presencial,Manha,2.0,76.2,38.1,9.4,4,30,60,Sim
5215,Engenharia de Software,2,Hibrida,Noite,1.0,85.4,64.5,6.6,5,0,90,Nao
3598,Administracao,6,Presencial,Manha,3.4,73.9,42.3,6.3,2,0,60,Nao
5488,Enfermagem,4,Hibrida,Manha,2.5,97.9,100,6.9,1,30,120,Sim
3811,Administracao,8,Hibrida,Noite,7.9,79.6,75.0,8.1,2,44,120,Nao
8837,Pedagogia,6,Presencial,Noite,4.9,74.8,81.7,3.1,3,20,10,Sim
272,Engenharia Civil,8,Presencial,Noite,4.2,85.2,42.0,6.2,2,0,15,Nao
2781,Administracao,5,Presencial,Noite,7.1,96.4,72.2,6.6,,30,120,Sim
3120,Enfermagem,3,Presencial,Manha,7.7,85.3,59.4,6.2,8,20,90,Nao
3666,Pedagogia,4,Hibrida,Manha,4.2,77.7,92.6,5.6,5,44,20,Nao
9842,Engenharia de Software,8,Presencial,Noite,4.6,89.2,46.2,6.9,5,44,90,Sim
8764,Engenharia de Software,8,Hibrida,Manha,6.7,95.7,68.1,7.8,10,44,30,Sim
9766,Enfermagem,6,Hibrida,Noite,6.6,67.3,85.2,7.4,8,40,45,Sim
4943,Engenharia Civil,1,Presencial,Manha,8.6,80.1,43.7,2.6,5,20,60,Nao
3953,Engenharia Civil,2,Presencial,Manha,5.9,64.2,98.5,4.7,7,44,45,Nao
2297,Administracao,2,Hibrida,Noite,1.4,94.5,79.2,4.5,4,0,90,Nao
4952,Administracao,7,Hibrida,Manha,7.6,61.2,74.7,4.6,11,20,45,Nao
2626,Engenharia de Software,7,Presencial,Manha,2.7,77.0,59.8,6.1,6,44,15,Nao
1765,Enfermagem,1,EAD,Manha,5.4,54.5,79.3,6.6,6,20,0,Nao
9492,Pedagogia,5,Presencial,Manha,5.7,68.0,88.5,3.3,11,40,120,Nao
5055,Engenharia de Software,5,Presencial,Noite,0.8,99.1,63.2,7.1,3,0,10,Nao
8605,Administracao,5,Hibrida,Manha,3.0,97.1,59.4,5.2,0,44,10,Sim
2391,Pedagogia,2,Hibrida,Noite,2.0,76.2,30.3,6.4,3,40,10,Nao
1132,Engenharia de Software,4,Presencial,Noite,2.3,92.5,73.2,8.6,2,30,90,Nao
5784,Enfermagem,2,Presencial,Noite,6.3,85.0,67.7,5.6,2,30,120,Nao
9564,Engenharia de Software,2,EAD,Noite,4.0,78.8,58.5,7.9,9,20,0,Sim
9465,Enfermagem,2,Presencial,Manha,4.9,63.2,45.4,3.7,0,40,20,Nao
4192,Engenharia Civil,7,Presencial,Noite,4.8,83.7,81.2,7.3,7,0,15,Nao
1167,Administracao,4,EAD,Noite,5.8,71.5,55.1,7.2,8,30,0,Nao
105,Administracao,2,Presencial,Noite,9.9,72.1,75.4,8.0,10,0,45,Nao
3785,Pedagogia,8,Presencial,Manha,4.2,82.7,67.9,4.9,7,40,15,Nao
4892,Pedagogia,5,Presencial,Noite,4.6,66.2,48.0,7.9,2,40,60,Nao
6397,Administracao,7,Hibrida,Manha,9.0,93.5,93.2,4.6,9,20,90,Nao
4793,Enfermagem,1,Presencial,Noite,3.7,82.0,69.5,5.8,7,0,20,Nao
8931,Engenharia Civil,5,Presencial,Manha,5.0,72.2,87.5,6.1,4,40,60,Nao
3602,Administracao,5,EAD,Noite,6.6,82.3,77.3,6.2,9,20,0,Sim
6003,Enfermagem,4,Hibrida,Noite,6.3,100,77.5,7.6,3,40,20,Nao
2198,Pedagogia,3,Presencial,Manha,2.1,68.1,69.5,6.4,6,30,20,Nao
9740,Administracao,4,Presencial,Manha,0.2,88.6,48.2,6.3,1,40,20,Nao
2843,Administracao,4,Presencial,Noite,5.1,97.8,57.8,4.0,8,40,15,Nao
6847,Engenharia de Software,6,Hibrida,Noite,14.2,64.2,78.1,7.7,9,30,20,Nao
6665,Engenharia Civil,7,Presencial,Noite,9.1,77.8,68.7,4.9,12,0,15,Nao
2513,Engenharia de Software,4,Presencial,Manha,2.9,78.9,40.8,7.0,0,30,60,Nao
4822,Engenharia Civil,5,Presencial,Noite,4.1,65.5,42.9,5.7,6,30,15,Nao
3543,Engenharia de Software,1,EAD,Manha,12.1,66.3,100,6.1,11,40,0,Nao
8817,Engenharia de Software,4,Presencial,Manha,9.3,100,66.2,5.7,12,0,45,Sim
5302,Administracao,2,Presencial,Noite,3.1,76.1,67.6,7.9,6,20,45,Nao
1197,Engenharia Civil,2,Presencial,Noite,3.5,100,74.1,4.7,2,40,90,Nao
7444,Pedagogia,2,Hibrida,Noite,2.5,70.7,60.9,6.5,5,30,10,Nao
5191,Engenharia Civil,5,Hibrida,Manha,8.2,74.7,92.1,5.0,8,40,45,Nao
5365,Administracao,4,Presencial,Manha,5.8,77.7,82.5,8.2,0,0,120,Nao
1506,Administracao,5,Hibrida,Noite,0.7,90.5,62.3,8.1,3,30,15,Nao
3089,Pedagogia,2,Presencial,Manha,9.0,99.2,82.4,8.2,9,30,10,Sim
1275,Administracao,6,Presencial,Noite,8.5,78.8,97.7,4.1,8,30,10,Nao
7990,Pedagogia,7,Hibrida,Manha,7.9,59.9,87.7,5.4,8,0,30,Sim
4875,Engenharia de Software,8,EAD,Manha,7.7,71.0,73.4,8.2,8,20,0,Nao
4457,Engenharia Civil,6,Presencial,Noite,6.3,97.7,95.9,6.0,5,20,10,Sim
3237,Administracao,6,EAD,Manha,4.8,100,48.7,5.8,5,40,0,Nao
6855,Administracao,7,Presencial,Noite,3.4,67.6,84.5,6.4,5,30,60,Sim
5644,Engenharia Civil,8,Presencial,Noite,16.2,63.9,99.0,5.0,12,0,120,Sim
3708,Engenharia Civil,7,Presencial,Noite,7.7,74.1,58.1,5.7,8,40,10,Nao
163,Pedagogia,7,EAD,Manha,18.5,83.2,100,5.7,11,0,0,Sim
4468,Enfermagem,2,Presencial,Manha,7.5,100,85.2,9.8,8,44,15,Sim
7829,Pedagogia,1,Hibrida,Manha,9.1,82.8,47.9,5.8,5,20,20,Nao
3280,Pedagogia,3,Presencial,Noite,2.8,83.2,77.5,4.9,3,30,60,Sim
4165,Enfermagem,7,Presencial,Noite,7.8,73.7,89.6,4.7,,0,15,Nao
2721,Engenharia Civil,7,Presencial,Manha,3.0,100.0,60.7,4.5,0,30,15,Sim
2706,Administracao,3,Presencial,Manha,0.2,84.6,33.1,6.2,0,30,45,Sim
9593,Engenharia Civil,4,Presencial,Manha,11.2,100,97.5,6.3,11,20,30,Sim
662,Enfermagem,1,Presencial,Manha,6.0,71.5,93.3,6.7,1,30,60,Nao
1247,Administracao,8,Presencial,Noite,7.3,79.5,97.4,5.2,5,40,30,Nao
4577,Engenharia de Software,6,Hibrida,Manha,8.0,86.4,84.3,8.4,1,44,90,Nao
7502,Engenharia de Software,4,Hibrida,Noite,6.2,73.8,55.2,6.3,3,20,20,Sim
1746,Engenharia de Software,4,EAD,Manha,7.5,87.1,94.3,7.2,4,40,0,Sim
3269,Engenharia Civil,5,EAD,Manha,10.3,85.4,93.2,6.9,4,0,0,Sim
8790,Pedagogia,4,EAD,Noite,2.9,67.8,41.2,0.8,6,30,0,Nao
6828,Engenharia Civil,7,Hibrida,Manha,4.2,90.9,82.1,8.3,11,20,60,Sim
6574,Engenharia Civil,7,Hibrida,Manha,10.2,77.6,72.3,7.1,7,20,60,Sim
2282,Enfermagem,8,Hibrida,Manha,13.0,72.3,65.5,5.0,6,0,90,Nao
5542,Enfermagem,4,Presencial,Manha,3.2,93.9,69.6,5.1,3,0,20,Sim
3069,Engenharia Civil,8,Presencial,Noite,8.9,64.4,72.6,5.1,10,20,90,Nao
4641,Engenharia Civil,5,Presencial,Noite,9.5,96.2,100,6.4,10,40,30,Sim
8340,Administracao,1,Presencial,Manha,7.4,47.1,71.6,6.7,10,40,90,Nao
8744,Pedagogia,6,Presencial,Noite,5.0,69.7,96.3,4.7,6,20,30,Nao
645,Administracao,8,Hibrida,Manha,5.6,81.8,66.1,4.4,0,30,60,Nao
9173,Administracao,7,Hibrida,Noite,5.3,82.0,99.8,9.0,4,20,30,Sim
681,Enfermagem,1,Presencial,Manha,4.4,100,83.0,6.2,1,0,20,Nao
108,Engenharia Civil,6,Hibrida,Noite,10.7,83.8,91.4,4.7,8,20,10,Sim
4472,Pedagogia,1,Hibrida,Noite,7.2,84.8,63.5,3.2,8,0,30,Nao
1971,Enfermagem,5,Hibrida,Noite,9.3,100,81.6,6.0,8,0,10,Sim
762,Engenharia de Software,7,Hibrida,Noite,10.0,100,69.9,5.4,8,0,120,Sim
601,Enfermagem,4,Presencial,Noite,6.9,91.2,71.1,6.0,8,30,90,Sim
6081,Pedagogia,5,Presencial,Manha,2.1,60.4,28.2,2.6,0,40,20,Nao
5499,Engenharia de Software,3,Presencial,Manha,10.8,95.1,100,6.0,13,0,45,Sim
8285,Engenharia Civil,6,Hibrida,Manha,4.5,54.1,71.4,5.3,7,40,60,Nao
9028,Engenharia Civil,2,EAD,Noite,2.5,92.9,89.6,7.5,5,44,0,Nao
9834,Engenharia Civil,7,Presencial,Noite,6.0,98.3,86.8,6.5,8,20,45,Sim
3493,Engenharia de Software,8,Presencial,Manha,6.8,81.5,93.3,5.4,11,30,20,Nao
6294,Engenharia de Software,7,Hibrida,Manha,3.4,74.2,59.8,7.4,2,30,30,Nao
2752,Pedagogia,7,Presencial,Noite,10.0,78.4,92.9,2.8,6,40,10,Nao
385,Engenharia de Software,3,Presencial,Noite,5.7,74.1,87.3,6.8,3,0,45,Nao
4786,Enfermagem,3,Presencial,Noite,8.1,80.6,,7.1,6,20,15,Sim
6253,Engenharia de Software,1,Hibrida,Manha,20.9,87.8,100,1.5,12,0,30,Sim
170,Administracao,7,Presencial,Manha,3.2,98.5,73.6,3.1,5,20,30,Nao
9948,Administracao,3,EAD,Manha,11.9,96.0,88.7,7.2,12,40,0,Sim
7507,Engenharia de Software,8,EAD,Noite,6.2,87.1,55.8,7.5,6,20,0,Sim
6878,Pedagogia,8,Presencial,Noite,8.1,87.1,67.7,7.9,5,0,45,Nao
314,Enfermagem,5,EAD,Noite,6.7,100,100,5.7,6,20,0,Sim
9016,Engenharia Civil,2,Presencial,Noite,1.9,74.5,52.2,2.6,4,30,60,Nao
1318,Enfermagem,2,Presencial,Manha,7.1,84.2,67.9,6.5,9,40,30,Sim
1350,Pedagogia,4,EAD,Noite,,82.7,90.5,7.7,1,44,0,Nao
4598,Administracao,5,Presencial,Noite,3.0,100,61.6,4.3,2,40,120,Nao
8244,Pedagogia,7,Presencial,Manha,5.4,79.0,79.0,4.5,2,44,15,Sim
5142,Engenharia de Software,5,Presencial,Manha,7.4,67.7,89.7,5.4,7,40,45,Nao
9278,Administracao,2,Presencial,Noite,0.2,76.1,61.8,6.8,4,40,120,Nao
3990,Engenharia Civil,1,Presencial,Manha,6.6,78.7,77.0,5.0,5,40,120,Sim
1011,Engenharia Civil,1,Hibrida,Manha,7.1,64.7,67.5,6.2,,44,20,Nao
7930,Pedagogia,1,Presencial,Manha,8.2,80.9,97.6,5.5,3,0,45,Sim
1348,Pedagogia,2,Presencial,Noite,6.2,86.6,86.9,3.7,3,20,90,Nao
1657,Pedagogia,8,Presencial,Noite,3.2,76.6,77.6,6.7,5,30,90,Nao
891,Pedagogia,2,Presencial,Noite,1.2,80.5,80.7,8.0,6,40,60,Sim
7290,Pedagogia,7,Presencial,Manha,5.4,71.7,76.1,5.0,7,0,45,Sim
4233,Administracao,7,Presencial,Manha,7.9,79.1,63.7,6.3,5,0,20,Sim
1815,Pedagogia,7,EAD,Noite,8.3,86.9,47.5,6.0,10,0,0,Nao
7102,Enfermagem,1,Hibrida,Manha,5.6,100,89.6,7.3,3,40,45,Nao
9133,Engenharia de Software,8,Presencial,Manha,3.8,82.5,75.5,3.4,1,40,15,Nao
5730,Engenharia de Software,7,Hibrida,Noite,6.0,94.1,97.3,8.1,12,0,30,Sim
8449,Engenharia de Software,1,EAD,Manha,6.1,73.6,66.0,7.5,4,40,0,Nao
3016,Administracao,1,EAD,Manha,10.9,88.6,60.7,6.4,6,0,0,Sim
3316,Pedagogia,3,Presencial,Noite,3.9,72.2,64.5,4.5,4,20,90,Nao
1494,Pedagogia,4,Presencial,Noite,5.8,88.2,100,6.6,7,0,45,Sim
9276,Engenharia de Software,8,Hibrida,Manha,5.3,72.4,59.4,6.6,0,44,30,Nao
4420,Pedagogia,2,Presencial,Manha,7.2,83.3,100,,7,40,45,Sim
4923,Engenharia de Software,5,EAD,Noite,10.0,86.0,93.4,5.0,7,30,0,Nao
6200,Administracao,1,Hibrida,Manha,10.0,83.9,72.4,8.7,4,20,10,Sim
468,Administracao,4,Presencial,Noite,0.2,88.0,54.3,7.7,3,0,90,Nao
9643,Enfermagem,1,Presencial,Manha,6.8,98.2,78.2,4.0,,0,90,Sim
2142,Administracao,2,Hibrida,Manha,8.6,90.1,81.5,5.7,4,44,10,Sim
132,Engenharia Civil,1,Hibrida,Noite,6.1,66.4,89.4,7.4,0,44,60,Nao
6735,Administracao,4,Hibrida,Manha,3.4,71.7,74.3,9.5,5,20,60,Nao
2057,Engenharia de Software,7,EAD,Noite,,78.6,72.1,9.2,3,20,0,Sim
3397,Engenharia de Software,2,Presencial,Manha,0.7,77.7,70.8,6.9,1,30,60,Nao
9444,Administracao,7,Hibrida,Noite,0.2,72.9,39.9,3.3,9,30,15,Nao
2838,Pedagogia,7,EAD,Noite,3.3,81.9,100,8.0,0,44,0,Sim
5071,Pedagogia,3,Presencial,Noite,4.4,81.8,85.2,,,40,45,Nao
3465,Engenharia de Software,8,Presencial,Manha,1.1,73.8,90.9,6.4,0,40,10,Nao
8169,Engenharia de Software,7,Presencial,Noite,13.4,89.7,100,5.2,9,20,45,Sim
7316,Engenharia Civil,6,Presencial,Manha,13.4,87.3,64.6,7.1,8,0,90,Nao
3741,Administracao,1,Presencial,Manha,2.3,67.9,80.8,7.0,4,44,60,Nao
4358,Enfermagem,6,Presencial,Noite,4.0,75.5,40.4,5.2,8,40,90,Nao
20,Enfermagem,8,Hibrida,Manha,5.5,62.9,82.1,3.2,7,20,15,Nao
4226,Engenharia de Software,2,Presencial,Manha,1.5,83.2,94.3,7.2,0,0,45,Sim
4247,Administracao,3,Presencial,Noite,10.5,96.2,90.1,7.6,7,44,60,Sim
2980,Engenharia Civil,7,Hibrida,Noite,4.0,94.6,86.4,8.9,8,0,30,Sim
2965,Enfermagem,8,Presencial,Manha,4.8,93.1,51.4,6.4,6,44,30,Nao
2467,Engenharia Civil,4,Presencial,Manha,8.6,95.1,82.9,4.7,7,44,15,Sim
7746,Engenharia de Software,4,EAD,Noite,2.4,81.1,41.3,5.5,6,0,0,Nao
2988,Administracao,2,Hibrida,Manha,4.8,79.4,,4.9,3,30,90,Nao
2061,Enfermagem,1,EAD,Manha,9.8,73.3,63.8,7.5,11,44,0,Sim
1412,Administracao,3,EAD,Manha,9.0,69.7,90.0,7.3,3,44,0,Nao
9937,Engenharia Civil,2,Presencial,Noite,4.3,61.8,96.1,6.9,1,30,90,Sim
3176,Engenharia de Software,8,Presencial,Noite,8.3,99.0,,5.8,7,40,10,Nao
2984,Administracao,2,EAD,Noite,7.3,90.7,94.2,6.5,7,0,0,Sim
7999,Enfermagem,6,Presencial,Noite,0.2,75.0,40.4,,1,44,30,Nao
9832,Pedagogia,3,Hibrida,Manha,7.8,83.7,97.7,6.5,2,20,120,Sim
7390,Engenharia Civil,4,Presencial,Manha,8.8,75.4,34.4,3.8,9,0,15,Sim
6058,Administracao,4,Presencial,Noite,10.2,76.1,85.1,5.9,8,0,60,Sim
6118,Enfermagem,4,EAD,Noite,9.0,69.8,100,4.8,8,20,0,Sim
4083,Enfermagem,5,Presencial,Manha,3.1,86.2,67.4,7.7,4,30,15,Sim
2985,Administracao,4,Hibrida,Manha,14.6,74.8,100,2.7,8,0,10,Sim
361,Engenharia de Software,1,Presencial,Noite,7.7,70.5,84.6,9.5,7,40,15,Nao
9607,Administracao,5,Hibrida,Manha,13.8,80.0,100,6.7,10,30,10,Sim
9375,Pedagogia,8,Hibrida,Noite,,84.1,74.1,7.5,6,30,30,Nao
3644,Administracao,4,Presencial,Noite,10.1,79.0,53.5,6.0,6,0,90,Nao
889,Pedagogia,8,EAD,Noite,3.3,96.3,70.0,5.3,3,0,0,Sim
4383,Engenharia de Software,5,Hibrida,Noite,3.0,86.8,46.8,3.2,5,44,90,Nao
6435,Pedagogia,6,Hibrida,Manha,3.9,87.5,89.4,4.5,,20,60,Nao
4613,Engenharia Civil,1,Presencial,Manha,0.2,58.3,56.4,3.4,1,30,15,Nao
4767,Pedagogia,4,Hibrida,Noite,8.0,100,85.4,,4,0,60,Sim
6576,Administracao,8,Hibrida,Noite,9.8,79.2,87.8,4.8,8,20,45,Sim
7890,Administracao,2,Presencial,Noite,9.9,85.0,70.4,5.0,6,0,30,Nao
5788,Pedagogia,3,Presencial,Manha,0.9,79.2,30.0,6.9,0,44,45,Nao
7500,Engenharia de Software,2,Hibrida,Noite,2.3,89.3,76.4,7.6,0,0,90,Nao
7687,Engenharia Civil,8,Hibrida,Noite,6.4,82.1,68.0,6.4,0,20,10,Sim
1291,Engenharia de Software,2,EAD,Manha,14.3,77.7,93.9,4.0,12,0,0,Nao
7115,Administracao,2,Presencial,Manha,13.8,78.2,89.3,5.5,10,44,30,Nao
4030,Engenharia de Software,6,Hibrida,Noite,4.3,57.0,72.7,4.4,12,40,30,Nao
207,Enfermagem,8,Presencial,Noite,4.6,90.1,93.1,4.9,4,20,,Sim
2969,Engenharia Civil,1,Presencial,Noite,5.4,96.6,95.7,6.4,5,30,20,Sim
2915,Administracao,2,Hibrida,Noite,2.5,83.0,43.7,7.9,0,40,45,Sim
6169,Engenharia de Software,4,Presencial,Manha,7.1,78.9,69.9,8.0,6,44,15,Sim
4601,Enfermagem,5,Presencial,Manha,2.9,76.8,81.4,3.9,6,40,10,Nao
5976,Enfermagem,8,Presencial,Noite,7.8,80.8,100,8.0,7,40,60,Sim
6999,Engenharia Civil,4,Hibrida,Manha,7.8,94.7,73.6,7.3,14,0,90,Nao
5334,Enfermagem,7,Presencial,Manha,9.4,85.0,63.5,7.1,4,0,30,Sim
8112,Pedagogia,5,Presencial,Manha,6.4,90.5,24.5,7.0,9,44,60,Nao
6409,Administracao,6,Presencial,Noite,3.4,82.5,52.8,4.2,10,0,15,Sim
2611,Pedagogia,7,Presencial,Noite,7.4,93.9,55.8,5.4,6,0,10,Nao
7937,Administracao,6,Presencial,Manha,1.8,84.1,82.6,4.1,4,30,10,Nao
9570,Enfermagem,3,Presencial,Noite,4.4,79.6,52.6,8.7,8,20,20,Sim
3208,Administracao,2,Presencial,Noite,10.6,88.9,100,8.9,10,44,90,Sim
8781,Engenharia de Software,8,Presencial,Manha,14.9,83.9,100,8.1,5,20,10,Sim
8828,Enfermagem,6,Presencial,Manha,13.2,87.8,73.3,6.0,,0,10,Sim
5646,Pedagogia,6,EAD,Noite,9.1,92.6,79.7,6.3,9,20,0,Sim
420,Administracao,1,EAD,Noite,19.0,85.5,100,8.6,14,20,0,Sim
7849,Engenharia Civil,8,Presencial,Manha,9.5,84.7,96.0,8.3,8,20,30,Sim
6811,Engenharia de Software,2,Presencial,Noite,8.2,100,91.0,5.2,9,20,90,Sim
2559,Enfermagem,2,EAD,Manha,4.6,81.6,,4.3,7,44,0,Nao
4444,Enfermagem,7,Hibrida,Manha,9.7,86.6,61.0,5.7,9,0,45,Nao
2725,Administracao,5,Presencial,Manha,8.4,67.5,47.2,3.3,2,0,120,Nao
5713,Engenharia Civil,2,Presencial,Manha,5.0,77.5,76.4,9.7,6,0,20,Sim
8914,Engenharia de Software,8,EAD,Noite,9.8,91.4,85.2,7.6,9,0,0,Sim
5032,Engenharia de Software,1,Presencial,Manha,8.1,74.4,75.5,8.0,3,40,120,Sim
8181,Engenharia Civil,7,Presencial,Manha,9.7,87.7,52.3,6.9,10,0,10,Sim
4262,Enfermagem,5,Presencial,Manha,1.9,99.3,67.2,4.3,2,44,120,Nao
5404,Engenharia de Software,2,Presencial,Noite,9.1,80.4,64.3,3.1,3,0,60,Sim
4740,Engenharia Civil,8,EAD,Noite,5.9,93.3,49.4,4.5,4,40,0,Nao
37,Administracao,3,Presencial,Manha,3.6,84.5,59.7,7.6,3,0,20,Sim
3010,Administracao,6,Hibrida,Manha,5.7,76.1,68.9,5.1,2,0,120,Nao
7681,Engenharia de Software,5,Presencial,Noite,7.7,93.1,79.0,7.5,6,20,90,Sim
5232,Pedagogia,4,Hibrida,Noite,8.0,89.3,54.5,7.9,9,40,60,Sim
5311,Enfermagem,5,Presencial,Noite,10.1,89.1,72.7,6.8,1,0,90,Nao
7826,Administracao,5,Hibrida,Manha,10.8,91.0,77.2,3.3,8,0,10,Sim
6915,Administracao,6,Presencial,Noite,8.2,100,60.1,6.7,6,0,30,Nao
4580,Administracao,8,Hibrida,Manha,9.4,72.0,,4.1,9,0,15,Sim
5779,Enfermagem,6,Hibrida,Manha,12.6,71.1,74.8,3.1,6,0,20,Nao
6650,Enfermagem,7,Presencial,Noite,6.3,73.7,100,7.3,7,30,15,Nao
9484,Administracao,2,Presencial,Manha,5.2,80.6,65.0,4.8,1,30,15,Nao
4556,Pedagogia,5,Presencial,Manha,1.8,62.5,64.1,5.7,2,40,10,Nao
125,Engenharia de Software,7,Hibrida,Noite,14.6,73.4,98.3,3.7,12,0,15,Nao
5402,Pedagogia,1,Hibrida,Noite,11.2,80.3,70.4,4.6,10,0,30,Sim
1612,Engenharia Civil,4,Presencial,Noite,7.5,75.1,79.2,7.2,3,30,90,Nao
4725,Engenharia de Software,1,EAD,Manha,9.5,65.6,,6.1,12,0,0,Sim
5867,Pedagogia,2,EAD,Manha,6.9,61.5,72.1,5.0,3,20,0,Nao
9621,Administracao,4,Presencial,Manha,8.2,95.6,79.9,6.7,2,0,30,Sim
4143,Pedagogia,2,EAD,Noite,12.7,77.8,99.0,6.2,11,0,0,Sim
4147,Engenharia Civil,2,EAD,Noite,7.2,88.3,82.1,5.9,5,30,0,Sim
9135,Engenharia Civil,3,Hibrida,Noite,9.1,80.4,100,6.0,11,20,15,Sim
4455,Enfermagem,6,Presencial,Noite,4.2,97.7,85.4,7.2,2,40,60,Nao
5447,Engenharia de Software,5,Hibrida,Noite,8.0,89.1,88.8,4.5,4,40,60,Sim
2123,Enfermagem,1,Hibrida,Noite,7.9,66.0,98.7,5.0,8,20,90,Nao
1369,Engenharia de Software,6,Presencial,Manha,8.3,82.4,65.8,5.4,9,30,10,Nao
7215,Enfermagem,4,Presencial,Manha,1.1,78.9,50.4,3.7,5,30,90,Nao
6974,Engenharia Civil,6,EAD,Noite,6.4,75.3,95.3,7.0,1,40,0,Nao
980,Administracao,2,Hibrida,Noite,4.9,78.5,90.5,6.6,9,30,120,Nao
9120,Pedagogia,1,EAD,Noite,7.8,92.4,64.1,8.3,4,30,0,Sim
8117,Engenharia de Software,8,EAD,Noite,5.2,76.0,,7.5,10,30,0,Sim
2773,Administracao,1,EAD,Manha,6.4,90.9,77.0,2.4,4,30,0,Nao
7941,Engenharia de Software,8,EAD,Noite,6.1,84.0,73.8,7.5,7,0,0,Sim
39,Engenharia Civil,6,Presencial,Manha,8.2,76.0,63.4,7.0,5,0,60,Nao
8480,Pedagogia,7,Presencial,Noite,4.2,99.7,88.9,6.2,4,20,20,Sim
5446,Administracao,3,EAD,Noite,6.1,77.1,92.6,4.5,7,0,0,Sim
7278,Engenharia Civil,2,Presencial,Noite,5.0,98.6,48.3,4.4,10,0,,Nao
3131,Engenharia Civil,3,Presencial,Noite,6.1,85.1,91.6,8.1,4,44,90,Sim
1424,Engenharia Civil,8,EAD,Noite,5.3,65.4,60.7,6.4,3,0,0,Nao
995,Engenharia Civil,6,Presencial,Manha,5.0,85.4,77.0,6.9,7,44,90,Sim
8638,Enfermagem,8,Presencial,Noite,9.6,73.8,96.5,7.7,14,0,,Sim
655,Administracao,3,EAD,Manha,6.3,93.9,66.1,6.9,0,0,0,Nao
1723,Engenharia de Software,3,Hibrida,Manha,8.1,66.1,74.3,,2,40,30,Nao
7223,Administracao,7,Presencial,Manha,7.3,98.6,86.7,5.4,5,30,20,Sim
8429,Engenharia de Software,7,Presencial,Manha,1.9,78.6,60.6,7.2,2,40,15,Nao
3111,Engenharia de Software,3,Presencial,Manha,7.2,84.3,78.8,4.6,4,30,90,Sim
4566,Engenharia de Software,1,Presencial,Noite,7.7,83.3,82.2,4.3,7,44,90,Nao
9150,Engenharia de Software,8,Hibrida,Noite,2.7,76.4,71.2,8.7,1,44,10,Sim
6891,Pedagogia,6,Presencial,Manha,8.4,94.3,29.4,9.3,5,40,90,Sim
8504,Pedagogia,2,Hibrida,Manha,5.0,91.4,64.9,6.6,0,0,120,Nao
4261,Pedagogia,3,Presencial,Manha,4.2,64.1,64.7,7.3,3,30,60,Nao
3427,Engenharia de Software,7,Presencial,Manha,5.8,100,83.9,6.3,2,0,120,Sim
8455,Engenharia de Software,4,Presencial,Manha,10.7,95.5,100,8.4,6,0,30,Sim
9890,Administracao,8,Hibrida,Manha,12.6,76.2,100,6.8,6,20,60,Sim
9466,Pedagogia,3,Presencial,Noite,6.2,81.8,83.3,,,20,10,Sim
2113,Engenharia de Software,6,EAD,Manha,3.7,85.5,72.7,3.7,1,20,0,Nao
4223,Enfermagem,5,EAD,Noite,8.1,98.8,95.0,7.2,10,0,0,Sim
3308,Engenharia Civil,3,Presencial,Noite,1.4,87.3,74.9,7.4,4,30,15,Nao
5503,Enfermagem,4,Presencial,Manha,8.6,89.5,72.9,2.5,9,44,15,Nao
5852,Engenharia Civil,4,Hibrida,Noite,9.0,100,100,8.5,10,0,15,Sim
4091,Administracao,6,Presencial,Manha,0.2,67.9,68.2,5.7,6,30,15,Nao
9945,Engenharia de Software,7,Presencial,Noite,9.8,81.4,42.9,5.4,8,40,20,Nao
670,Enfermagem,5,Hibrida,Noite,6.2,76.7,48.9,4.8,10,30,45,Nao
9014,Engenharia Civil,3,EAD,Manha,6.2,85.7,42.9,5.9,0,30,0,Nao
2469,Enfermagem,2,Hibrida,Manha,4.0,88.5,91.2,8.2,5,40,120,Sim
3314,Administracao,7,Hibrida,Noite,3.3,77.0,84.1,10,4,0,45,Nao
7651,Pedagogia,8,Presencial,Manha,9.1,65.8,55.6,5.7,5,0,10,Nao
5386,Engenharia Civil,7,Hibrida,Noite,6.7,86.1,95.0,8.6,5,30,60,Sim
8329,Engenharia Civil,4,Presencial,Manha,11.1,88.9,,7.3,3,0,120,Sim
1339,Pedagogia,7,Hibrida,Noite,3.1,80.6,43.9,2.2,,40,60,Nao
8357,Engenharia Civil,4,Presencial,Noite,5.7,90.2,68.5,5.7,8,0,15,Nao
2933,Administracao,2,Hibrida,Manha,12.2,81.9,100,3.8,8,0,30,Nao
1607,Engenharia de Software,8,Presencial,Manha,10.9,91.3,92.4,6.0,12,0,45,Nao
4588,Pedagogia,7,EAD,Noite,10.3,82.9,50.6,7.6,9,44,0,Nao
5388,Administracao,5,Presencial,Noite,5.5,69.5,62.4,5.5,1,30,120,Nao
773,Administracao,7,Hibrida,Noite,18.6,90.7,100,3.5,12,0,20,Sim
8791,Engenharia de Software,7,Presencial,Manha,16.1,93.9,100,5.6,10,40,10,Sim
6326,Administracao,1,Hibrida,Noite,6.4,68.2,55.4,4.6,0,0,60,Nao
920,Engenharia Civil,3,Presencial,Manha,0.2,83.8,,6.2,5,30,90,Nao
8436,Engenharia Civil,8,EAD,Manha,6.8,92.4,100,3.6,0,30,0,Sim
5285,Engenharia Civil,6,EAD,Manha,6.9,83.3,51.1,5.2,9,20,0,Sim
4519,Enfermagem,3,Hibrida,Noite,2.0,85.0,61.6,6.1,0,20,15,Nao
8132,Engenharia Civil,3,Presencial,Noite,5.7,98.6,88.9,9.0,7,44,60,Nao
8495,Engenharia Civil,4,Presencial,Manha,,73.5,88.8,5.2,6,20,20,Nao
3889,Administracao,5,Hibrida,Noite,7.7,82.2,76.0,8.0,4,0,90,Sim
8293,Pedagogia,8,Presencial,Manha,3.1,70.2,100,7.3,,30,10,Nao
989,Pedagogia,7,Presencial,Manha,4.7,75.2,71.8,7.5,3,44,120,Sim
9,Engenharia Civil,8,Presencial,Manha,4.0,68.0,60.8,5.8,7,44,20,Nao
2242,Engenharia de Software,8,Presencial,Manha,12.6,94.6,83.8,5.0,8,0,120,Nao
1170,Pedagogia,7,Hibrida,Noite,10.3,74.5,61.9,1.2,11,0,20,Nao
9422,Enfermagem,4,Presencial,Manha,8.8,87.2,46.5,6.2,6,30,120,Nao
3637,Pedagogia,6,Presencial,Manha,9.3,70.0,91.7,5.8,8,0,30,Nao
7519,Engenharia de Software,3,Hibrida,Manha,5.9,97.3,72.1,7.0,9,30,30,Sim
9668,Pedagogia,7,Presencial,Manha,12.9,69.1,100,4.2,5,0,120,Nao
7568,Engenharia Civil,8,EAD,Manha,2.5,70.4,58.5,4.5,2,20,0,Nao
8358,Enfermagem,1,Presencial,Noite,11.0,69.3,82.1,9.4,6,0,120,Sim
8439,Pedagogia,2,Hibrida,Noite,11.1,85.7,89.4,4.6,9,44,90,Sim
2514,Engenharia Civil,3,EAD,Noite,11.8,64.8,73.6,2.6,8,44,0,Nao
4615,Engenharia Civil,8,Presencial,Noite,10.2,86.1,30.5,5.0,7,0,10,Nao
1384,Enfermagem,8,Presencial,Manha,4.0,98.7,67.8,4.2,3,40,20,Nao
261,Enfermagem,1,Presencial,Noite,6.5,94.6,71.1,4.9,8,0,30,Nao
5869,Pedagogia,7,Presencial,Manha,4.5,82.2,83.1,7.4,3,30,15,Sim
3167,Engenharia de Software,1,Presencial,Noite,0.2,100,91.6,5.7,6,44,90,Sim
183,Administracao,7,Presencial,Manha,10.3,83.4,72.3,2.7,10,0,30,Nao
9902,Engenharia de Software,6,Hibrida,Noite,7.8,86.9,71.7,1.3,5,44,15,Nao
9497,Administracao,7,EAD,Manha,4.6,87.8,56.9,5.9,3,44,0,Nao
862,Enfermagem,6,EAD,Manha,5.6,80.1,70.4,5.1,0,40,0,Nao
5955,Pedagogia,2,Hibrida,Manha,8.9,70.4,81.6,6.4,6,20,30,Nao
9849,Pedagogia,6,Hibrida,Noite,5.8,88.4,87.6,4.0,5,20,10,Nao
996,Engenharia de Software,6,Presencial,Noite,3.6,61.4,74.3,7.2,3,30,60,Nao
9574,Pedagogia,6,EAD,Manha,7.7,71.8,74.4,,12,30,0,Nao
8690,Engenharia Civil,8,Hibrida,Manha,10.1,76.7,100,6.8,3,0,20,Nao
2510,Engenharia de Software,2,Presencial,Noite,7.2,94.5,80.2,5.9,1,20,90,Sim
9911,Enfermagem,5,Presencial,Manha,4.4,75.3,79.3,9.0,3,44,,Sim
1379,Administracao,4,Presencial,Noite,3.3,83.6,78.6,5.2,0,0,30,Nao
377,Enfermagem,1,Presencial,Manha,7.1,100,72.4,2.2,0,0,,Nao
1302,Administracao,2,Presencial,Noite,1.7,92.2,41.0,2.0,4,20,15,Nao
1855,Enfermagem,2,Presencial,Noite,7.8,72.1,96.9,8.5,8,20,30,Sim
4530,Pedagogia,3,Presencial,Noite,4.7,75.4,84.1,6.6,5,40,90,Nao
418,Administracao,7,Hibrida,Noite,10.6,90.4,79.8,9.4,7,0,20,Sim
6660,Engenharia de Software,6,EAD,Noite,8.1,88.1,59.8,6.4,3,20,0,Nao
8283,Pedagogia,3,Presencial,Noite,7.7,93.4,90.8,7.1,4,30,30,Sim
1092,Administracao,5,Presencial,Noite,9.9,77.3,60.9,5.8,11,20,45,Nao
3878,Engenharia Civil,3,Hibrida,Noite,4.2,82.7,85.2,6.0,4,44,45,Sim
5752,Engenharia de Software,1,Presencial,Noite,10.6,100,94.1,3.5,12,0,90,Sim
4039,Administracao,3,Presencial,Manha,9.4,93.4,100,7.8,8,44,10,Sim
2394,Engenharia Civil,8,Hibrida,Noite,,98.0,82.1,5.2,5,20,45,Sim
221,Engenharia Civil,2,Presencial,Manha,6.5,78.1,87.1,7.8,8,30,30,Sim
7943,Administracao,7,Presencial,Manha,2.5,91.8,66.6,6.7,6,20,20,Nao
7547,Pedagogia,8,Presencial,Noite,7.9,94.7,98.5,7.9,12,20,15,Sim
2620,Enfermagem,6,Presencial,Noite,8.7,96.9,77.6,5.8,5,0,120,Sim
7402,Engenharia Civil,2,Presencial,Manha,10.2,82.9,76.2,2.0,4,20,120,Sim
7843,Engenharia de Software,7,Presencial,Noite,0.8,87.9,57.2,4.3,6,44,15,Nao
3186,Engenharia Civil,1,Presencial,Manha,0.7,97.1,100,4.4,7,40,45,Sim
3932,Engenharia Civil,3,Presencial,Manha,7.9,75.2,67.9,7.4,4,20,30,Sim
9084,Pedagogia,2,Presencial,Manha,12.2,79.2,80.0,5.3,10,0,60,Nao
606,Pedagogia,6,Hibrida,Manha,17.0,84.6,86.2,4.4,8,0,20,Nao
8870,Administracao,8,Hibrida,Noite,7.7,96.6,73.5,5.2,6,44,20,Sim
9229,Pedagogia,8,Presencial,Noite,9.4,92.3,79.1,7.5,6,30,10,Sim
9639,Enfermagem,1,Presencial,Manha,12.5,76.9,96.7,5.8,5,0,90,Nao
5015,Administracao,1,Presencial,Manha,11.5,95.0,86.3,4.2,10,0,30,Sim
1144,Enfermagem,5,Presencial,Manha,8.2,84.8,94.2,4.6,5,20,60,Nao
3752,Engenharia de Software,1,Presencial,Noite,6.5,86.7,91.3,4.9,8,44,45,Nao
8420,Administracao,3,Presencial,Noite,10.8,68.7,86.5,7.2,2,0,10,Sim
4795,Enfermagem,6,Hibrida,Manha,3.2,97.9,78.1,5.0,9,0,30,Sim
9266,Pedagogia,7,Presencial,Noite,8.8,88.5,87.7,6.4,13,20,10,Sim
9614,Engenharia Civil,3,Presencial,Manha,3.5,91.4,80.7,9.0,6,20,60,Sim
8955,Administracao,3,Presencial,Noite,4.7,83.3,100,7.3,14,40,45,Sim
7920,Pedagogia,1,Presencial,Noite,11.4,92.2,79.6,6.8,6,0,120,Sim
193,Engenharia Civil,6,Presencial,Noite,8.5,88.9,74.1,7.4,12,0,60,Nao
5717,Pedagogia,4,Presencial,Manha,8.7,85.2,54.8,5.9,9,0,90,Nao
3677,Administracao,2,Hibrida,Manha,6.6,100,79.8,5.4,6,44,15,Sim
3504,Engenharia Civil,2,Hibrida,Noite,8.8,70.7,70.6,4.1,5,0,30,Nao
8279,Administracao,7,Presencial,Noite,5.3,87.5,59.6,5.1,1,40,45,Nao
5634,Administracao,7,Hibrida,Noite,6.1,95.9,49.0,6.9,4,20,120,Nao
5675,Pedagogia,1,Presencial,Noite,6.9,81.9,67.9,7.6,6,44,45,Sim
659,Administracao,6,EAD,Manha,7.9,86.0,64.4,7.4,8,40,0,Sim
1593,Engenharia Civil,4,Presencial,Noite,5.5,94.0,71.5,4.0,9,40,60,Sim
8775,Administracao,6,EAD,Manha,7.9,66.8,82.2,4.7,6,40,0,Nao
4629,Pedagogia,2,Presencial,Noite,7.6,100,80.3,6.0,3,0,90,Sim
2069,Engenharia Civil,6,Presencial,Manha,8.0,89.0,65.8,10,3,0,30,Sim
4310,Engenharia de Software,8,Hibrida,Manha,6.4,90.3,92.6,6.7,6,40,120,Sim
8201,Engenharia Civil,7,EAD,Noite,2.1,61.3,77.8,3.6,4,30,0,Nao
708,Enfermagem,4,Hibrida,Manha,12.3,89.8,77.1,6.5,5,0,10,Sim
45,Engenharia Civil,5,Presencial,Noite,12.7,75.5,78.9,5.1,11,30,45,Sim
9758,Administracao,8,Hibrida,Noite,7.3,78.8,66.7,5.3,6,44,90,Nao
8919,Engenharia Civil,2,Presencial,Manha,1.8,77.4,72.7,6.7,5,44,,Nao
6690,Enfermagem,5,Presencial,Noite,5.5,97.1,51.6,7.1,4,20,15,Nao
6679,Engenharia Civil,7,Hibrida,Manha,5.5,81.5,100,5.7,5,20,,Nao
7264,Pedagogia,5,Hibrida,Manha,0.2,84.2,76.1,5.6,5,30,90,Nao
784,Pedagogia,3,Presencial,Noite,0.2,94.5,66.4,7.6,9,0,90,Sim
9815,Enfermagem,2,Presencial,Noite,4.0,88.3,94.8,6.3,8,0,45,Nao
8907,Engenharia Civil,6,Presencial,Noite,0.2,68.0,57.2,8.2,0,30,120,Nao
297,Pedagogia,2,Presencial,Noite,9.1,97.5,71.4,8.7,4,30,10,Sim
3091,Engenharia de Software,8,Presencial,Manha,6.2,94.8,63.8,1.2,5,44,15,Nao
8880,Engenharia Civil,2,Presencial,Manha,16.2,100,72.9,7.7,11,44,90,Sim
5636,Enfermagem,1,Hibrida,Noite,3.3,68.7,78.5,2.4,6,44,45,Sim
5490,Engenharia Civil,5,EAD,Manha,5.4,70.1,70.8,5.2,7,0,0,Nao
1922,Pedagogia,3,Hibrida,Noite,5.4,82.7,81.5,5.3,8,30,30,Sim
8936,Administracao,7,Presencial,Noite,9.2,85.5,100,4.9,4,20,20,Nao
6450,Engenharia Civil,6,Presencial,Manha,4.0,73.1,87.0,10,7,0,45,Sim
6556,Engenharia de Software,5,Presencial,Manha,,96.5,100,5.5,13,0,20,Sim
1960,Enfermagem,2,Presencial,Manha,4.3,66.8,59.7,6.3,5,30,15,Nao
2020,Enfermagem,1,Presencial,Noite,6.8,79.7,83.9,8.8,10,0,10,Nao
5547,Pedagogia,3,Presencial,Noite,6.2,78.7,95.9,8.6,0,0,120,Sim
4770,Administracao,2,Presencial,Manha,3.3,76.6,56.9,9.2,7,44,60,Sim
8667,Engenharia Civil,7,Hibrida,Noite,7.0,82.6,86.6,9.0,8,44,120,Sim
821,Engenharia de Software,4,Hibrida,Noite,7.7,76.0,93.3,5.8,7,30,10,Sim
8319,Pedagogia,6,Hibrida,Noite,6.9,88.5,100,6.8,8,40,10,Sim
6844,Engenharia Civil,7,EAD,Noite,5.7,92.7,70.1,8.1,9,0,0,Nao
231,Engenharia Civil,8,Hibrida,Manha,10.5,95.8,99.5,7.3,5,0,20,Sim
9840,Pedagogia,7,Presencial,Noite,6.6,85.2,55.8,3.8,3,40,30,Nao
8363,Pedagogia,1,Presencial,Manha,5.5,66.9,67.8,4.2,9,44,20,Nao
6826,Engenharia de Software,2,Presencial,Noite,8.2,91.6,48.3,9.1,8,30,15,Sim
1912,Pedagogia,8,Presencial,Manha,11.7,73.2,86.4,3.2,8,30,45,Sim
7446,Pedagogia,7,Presencial,Manha,4.3,98.7,68.0,6.4,5,30,60,Sim
3839,Pedagogia,7,Presencial,Manha,4.0,90.7,65.8,8.1,8,40,30,Nao
8606,Pedagogia,5,Presencial,Manha,5.6,89.9,75.3,6.5,7,40,15,Sim
5091,Engenharia de Software,6,EAD,Noite,6.8,80.8,96.0,4.3,1,0,0,Nao
5999,Administracao,2,Hibrida,Manha,9.4,80.2,77.7,4.3,7,30,45,Nao
304,Engenharia de Software,3,Presencial,Manha,0.2,81.2,60.8,5.2,6,0,15,Nao
8871,Enfermagem,7,Presencial,Manha,12.9,75.1,100,4.1,10,0,10,Sim
8857,Engenharia de Software,8,Presencial,Noite,5.8,89.5,57.7,6.7,1,44,20,Nao
8002,Enfermagem,4,Presencial,Manha,10.3,75.8,71.2,4.6,4,30,90,Nao
2879,Engenharia Civil,3,EAD,Manha,8.5,83.1,72.9,5.9,6,40,0,Nao
9047,Engenharia de Software,4,Presencial,Manha,8.2,78.5,100,5.0,6,40,90,Sim
8824,Engenharia de Software,5,Presencial,Noite,7.9,90.1,65.8,4.4,8,0,10,Nao
8345,Administracao,1,Presencial,Manha,7.2,100,95.6,8.4,10,44,60,Sim
5966,Pedagogia,8,Hibrida,Noite,3.4,93.0,64.8,4.5,2,44,45,Nao
5608,Administracao,1,Presencial,Manha,0.2,86.8,56.9,6.5,2,44,10,Nao
5659,Engenharia de Software,2,Presencial,Manha,0.9,78.6,69.6,4.0,2,40,90,Nao
2681,Administracao,7,Presencial,Manha,9.7,83.2,53.0,6.2,6,0,20,Nao
48,Engenharia de Software,3,EAD,Manha,1.4,87.6,27.6,8.0,5,0,0,Nao
224,Engenharia Civil,1,Presencial,Manha,5.9,85.9,70.0,4.6,4,20,10,Nao
624,Enfermagem,8,Hibrida,Noite,,91.9,76.2,8.1,6,0,20,Nao
4656,Engenharia de Software,2,Presencial,Noite,8.9,71.2,67.2,6.7,9,30,45,Nao
7101,Engenharia Civil,5,Hibrida,Noite,6.4,84.9,37.9,5.2,4,40,10,Nao
138,Enfermagem,7,Hibrida,Manha,5.9,91.8,68.7,6.4,8,20,60,Nao
8904,Pedagogia,3,Presencial,Noite,3.1,86.3,91.9,6.7,8,30,30,Sim
7511,Administracao,4,Presencial,Manha,2.6,89.6,,6.4,6,0,45,Nao
61,Administracao,8,Presencial,Noite,3.6,80.5,56.7,8.9,6,20,120,Nao
4118,Engenharia de Software,2,Presencial,Noite,11.6,71.9,71.4,5.9,12,44,20,Nao
6223,Administracao,5,Presencial,Noite,6.6,72.8,91.7,5.5,5,40,45,Sim
7900,Enfermagem,1,Hibrida,Noite,3.9,74.7,87.4,5.7,7,44,10,Nao
7809,Pedagogia,3,Hibrida,Manha,8.5,82.8,100,7.1,1,0,15,Nao
1826,Engenharia Civil,5,Presencial,Manha,8.5,100,83.0,6.2,7,0,120,Sim
5813,Enfermagem,5,Presencial,Manha,5.2,91.1,71.4,6.9,6,44,60,Nao
807,Enfermagem,5,Presencial,Manha,4.5,82.1,100,6.0,3,40,90,Sim
3948,Administracao,7,Presencial,Manha,5.4,79.2,50.8,8.0,2,30,15,Sim
1747,Engenharia Civil,5,Hibrida,Manha,10.0,87.2,84.8,4.7,6,0,20,Nao
2850,Pedagogia,2,Presencial,Noite,13.2,73.6,88.3,6.7,8,44,30,Nao
2928,Engenharia de Software,8,Presencial,Manha,3.9,91.0,88.2,6.4,1,44,20,Sim
1533,Administracao,6,Presencial,Noite,2.0,68.7,72.0,6.3,2,20,45,Nao
7053,Engenharia Civil,8,EAD,Noite,14.7,91.0,93.3,7.7,11,0,0,Sim
486,Administracao,2,Presencial,Manha,11.6,79.1,66.5,5.9,8,30,30,Nao
3726,Engenharia de Software,4,EAD,Manha,6.0,100,60.9,8.0,4,40,0,Sim
1128,Administracao,6,Presencial,Noite,7.3,84.9,59.7,6.1,8,30,45,Nao
3963,Engenharia de Software,6,Hibrida,Manha,6.2,76.0,76.3,7.2,5,30,15,Nao
1558,Enfermagem,2,Hibrida,Manha,5.3,73.1,66.7,6.7,4,30,45,Nao
7950,Engenharia Civil,7,Hibrida,Manha,2.5,72.3,80.2,4.2,5,30,20,Nao
1894,Administracao,7,Presencial,Manha,2.1,83.4,53.2,2.9,7,40,20,Nao
2280,Engenharia de Software,4,Hibrida,Noite,8.9,87.6,48.6,10,10,0,15,Sim
3158,Administracao,2,Presencial,Manha,5.9,72.9,77.6,9.0,8,30,60,Sim
3263,Enfermagem,2,Hibrida,Manha,6.0,74.5,72.1,8.0,2,40,20,Sim
5546,Administracao,3,Hibrida,Manha,,71.6,50.7,6.9,7,20,,Nao
8665,Engenharia Civil,1,EAD,Noite,8.9,100,100,5.3,6,0,0,Nao
7617,Engenharia de Software,2,EAD,Noite,7.6,89.5,100,7.0,9,30,0,Sim
8745,Administracao,6,EAD,Manha,6.2,91.3,79.2,6.1,10,44,0,Sim
1346,Enfermagem,3,Hibrida,Noite,,100,76.2,5.9,1,40,120,Sim
7027,Engenharia de Software,2,Hibrida,Noite,4.1,73.7,37.1,4.7,9,44,20,Nao
3268,Administracao,8,Presencial,Manha,11.5,100,96.1,8.8,7,0,60,Sim
3119,Administracao,2,Presencial,Noite,14.8,76.2,94.6,9.6,10,0,45,Sim
4201,Administracao,6,Hibrida,Manha,8.3,100,100,4.8,7,0,10,Sim
4318,Engenharia de Software,5,Presencial,Noite,7.0,65.0,93.5,7.9,5,20,45,Nao
6289,Pedagogia,6,Presencial,Manha,5.5,72.0,63.5,5.1,5,30,30,Nao
7594,Engenharia de Software,6,Presencial,Noite,2.7,78.5,47.1,9.7,3,30,45,Nao
145,Engenharia Civil,8,Presencial,Noite,7.7,73.4,64.3,7.2,10,44,10,Nao
5306,Pedagogia,7,Presencial,Noite,3.7,92.6,54.9,4.8,5,44,30,Nao
4452,Administracao,4,Hibrida,Noite,1.4,75.9,74.2,8.6,4,40,20,Sim
4400,Enfermagem,5,EAD,Manha,11.7,84.4,81.5,5.1,13,40,0,Sim
7045,Administracao,6,Presencial,Manha,12.7,74.7,100,5.7,11,20,45,Nao
1874,Pedagogia,6,Presencial,Manha,1.5,83.0,76.0,5.4,2,30,15,Nao
8443,Engenharia de Software,1,EAD,Noite,4.4,78.0,71.1,6.1,2,44,0,Nao
6389,Engenharia de Software,5,Presencial,Noite,9.7,82.7,67.7,3.9,10,0,120,Sim
1663,Pedagogia,2,Presencial,Noite,10.6,68.4,79.9,4.4,3,30,90,Nao
7084,Enfermagem,6,EAD,Noite,3.0,92.3,72.0,4.1,5,30,0,Nao
6123,Engenharia de Software,2,Presencial,Noite,9.1,71.1,96.1,4.0,9,0,15,Nao
4210,Administracao,6,Hibrida,Noite,7.8,81.2,98.4,7.9,5,30,120,Nao
3204,Pedagogia,5,Presencial,Manha,2.6,89.1,95.9,3.4,6,44,90,Sim
2709,Enfermagem,4,Presencial,Noite,10.2,100,100,9.2,8,30,20,Sim
5159,Engenharia Civil,6,Presencial,Noite,6.2,80.8,91.2,4.3,5,30,90,Sim
2913,Engenharia Civil,5,EAD,Manha,6.7,93.9,76.4,4.8,7,30,0,Nao
27,Administracao,3,Presencial,Manha,6.0,93.0,58.9,3.0,5,0,20,Nao
1752,Pedagogia,6,Hibrida,Noite,10.1,65.3,92.9,5.3,7,0,60,Sim
6297,Engenharia Civil,4,Hibrida,Noite,5.8,84.5,100,3.4,5,20,20,Nao
2925,Engenharia Civil,7,Hibrida,Noite,8.3,66.0,100,7.0,3,0,45,Nao
5587,Engenharia de Software,6,Hibrida,Noite,8.4,77.9,80.7,3.1,5,40,20,Nao
2369,Administracao,3,Presencial,Noite,11.4,100,100,5.4,10,0,15,Sim
9250,Enfermagem,7,Hibrida,Noite,6.1,79.8,47.0,4.0,6,40,,Nao
9383,Engenharia de Software,6,Hibrida,Noite,7.3,64.8,81.2,7.7,0,30,,Nao
3486,Engenharia de Software,5,Presencial,Noite,7.4,76.4,86.4,8.2,10,0,120,Nao
7528,Enfermagem,5,Presencial,Noite,7.7,79.4,97.1,5.7,4,0,45,Sim
9542,Pedagogia,3,Presencial,Noite,11.9,91.3,76.3,2.9,6,40,90,Nao
2278,Engenharia Civil,4,Hibrida,Manha,8.8,100,82.8,7.2,7,20,60,Sim
4499,Engenharia Civil,6,Presencial,Manha,6.7,89.2,45.9,10,8,0,10,Sim
7810,Engenharia Civil,3,Presencial,Manha,11.6,86.0,100,6.5,8,0,30,Sim
5271,Engenharia Civil,3,Presencial,Noite,3.1,87.9,58.7,6.5,2,40,120,Sim
5199,Engenharia Civil,3,Hibrida,Noite,5.0,80.2,65.4,5.7,5,0,60,Nao
9823,Enfermagem,3,EAD,Manha,9.5,85.2,100,4.6,3,40,0,Sim
2528,Enfermagem,2,Presencial,Manha,8.6,74.2,69.0,5.4,11,0,45,Nao
1690,Administracao,4,Presencial,Noite,14.6,81.4,100,8.4,18,0,60,Sim
8010,Engenharia Civil,5,Presencial,Noite,7.5,100,65.1,8.8,7,30,45,Sim
2719,Engenharia de Software,2,Hibrida,Noite,0.2,85.3,75.7,6.1,4,40,20,Nao
4382,Enfermagem,4,Hibrida,Manha,7.5,86.2,87.8,5.0,13,20,120,Sim
8134,Administracao,5,Presencial,Noite,7.8,84.7,85.0,,12,40,45,Nao
4162,Administracao,3,Presencial,Manha,3.7,89.8,60.1,7.6,6,40,60,Nao
3032,Pedagogia,6,Hibrida,Manha,5.8,86.9,69.6,4.2,7,40,15,Sim
4559,Administracao,1,Hibrida,Manha,3.9,87.3,41.1,6.5,3,30,120,Nao
8382,Engenharia Civil,4,Presencial,Noite,7.2,91.1,64.4,6.7,9,0,15,Sim
4245,Engenharia de Software,8,EAD,Manha,11.8,73.2,100,7.8,6,40,0,Sim
104,Enfermagem,1,Hibrida,Noite,12.7,75.6,74.6,6.1,9,44,10,Sim
5641,Enfermagem,5,Presencial,Manha,8.6,94.0,100,7.2,10,0,45,Nao
6007,Enfermagem,8,Hibrida,Noite,6.4,80.9,71.5,5.4,6,44,15,Nao
2729,Administracao,1,Hibrida,Manha,9.8,76.9,90.5,,1,0,30,Nao
5571,Enfermagem,3,Hibrida,Noite,3.2,86.6,79.8,5.5,,0,15,Nao
6642,Administracao,5,EAD,Noite,10.2,80.7,73.0,5.6,10,20,0,Nao
2409,Administracao,1,Presencial,Manha,2.3,72.8,40.9,8.9,0,44,60,Nao
613,Enfermagem,8,EAD,Manha,5.6,92.0,77.7,8.2,14,40,0,Sim
4597,Administracao,3,Hibrida,Noite,6.1,79.4,93.5,3.7,5,30,45,Nao
3137,Engenharia de Software,5,Hibrida,Manha,8.7,78.7,80.8,7.3,11,30,60,Sim
4155,Engenharia Civil,3,Presencial,Noite,7.1,77.3,81.1,5.3,4,40,20,Nao
1020,Administracao,3,EAD,Noite,1.3,91.7,65.8,6.8,3,40,0,Nao
3117,Enfermagem,8,Hibrida,Manha,3.8,77.4,,4.0,4,40,30,Nao
7688,Enfermagem,1,Hibrida,Noite,10.2,100,77.3,5.9,3,20,15,Nao
7492,Administracao,5,Presencial,Manha,3.5,77.8,71.5,6.6,2,40,10,Nao
7694,Engenharia Civil,7,EAD,Noite,9.5,69.3,100.0,9.2,3,0,0,Sim
1091,Administracao,6,EAD,Manha,2.9,92.6,60.1,4.7,7,44,,Nao
3859,Enfermagem,7,Hibrida,Noite,4.9,91.2,72.2,5.4,0,40,15,Nao
9265,Engenharia Civil,2,Presencial,Noite,11.1,66.5,100,,4,30,45,Sim
1866,Enfermagem,8,Presencial,Manha,1.8,94.3,78.0,6.4,4,40,15,Nao
8950,Engenharia de Software,8,Presencial,Noite,7.6,72.6,81.8,7.5,7,30,60,Sim
6912,Administracao,8,Hibrida,Noite,3.9,62.8,76.1,6.8,4,44,15,Nao
9331,Administracao,7,Hibrida,Manha,14.9,78.8,100,5.4,7,0,60,Nao
5718,Enfermagem,2,Presencial,Noite,4.0,92.0,53.6,6.7,7,40,20,Nao
7607,Engenharia Civil,4,Hibrida,Manha,3.4,100,60.3,8.2,8,40,120,Nao
2867,Pedagogia,2,Hibrida,Manha,14.9,89.1,95.5,4.3,9,0,120,Sim
2864,Administracao,4,Hibrida,Noite,5.3,74.6,100,6.5,5,0,60,Sim
3750,Administracao,6,Hibrida,Noite,14.7,96.5,80.1,6.6,11,40,90,Sim
9761,Pedagogia,7,Presencial,Manha,13.3,100,78.5,3.4,12,0,45,Sim
2349,Engenharia Civil,1,Presencial,Manha,5.6,65.8,86.6,9.2,6,30,10,Nao
7652,Administracao,6,Hibrida,Noite,6.8,83.7,85.3,9.3,4,0,30,Sim
82,Administracao,1,Presencial,Manha,9.0,87.4,93.4,5.2,0,0,15,Sim
5899,Engenharia Civil,8,Hibrida,Noite,2.7,71.2,64.6,5.4,3,30,60,Nao
8133,Engenharia Civil,2,Hibrida,Noite,6.3,82.8,100,6.7,3,20,60,Sim
5269,Enfermagem,8,Presencial,Noite,9.8,85.3,54.2,4.3,6,0,90,Sim
9557,Administracao,2,Presencial,Manha,1.9,97.4,31.6,4.8,0,44,30,Nao
5731,Enfermagem,5,Presencial,Manha,8.7,66.1,97.2,4.7,9,0,45,Sim
8856,Pedagogia,2,Presencial,Noite,8.0,92.1,76.9,6.4,8,0,30,Sim
4353,Administracao,7,Presencial,Manha,4.7,65.7,79.4,7.1,12,44,60,Nao
6965,Pedagogia,7,Presencial,Noite,12.1,84.1,70.4,3.3,12,44,20,Nao
2161,Engenharia de Software,2,Presencial,Manha,4.6,81.3,73.2,4.8,5,0,15,Nao
3694,Administracao,2,Hibrida,Manha,9.2,86.2,64.9,1.7,6,44,20,Nao
9830,Engenharia Civil,7,Hibrida,Noite,,100,92.4,6.3,6,40,90,Sim
6879,Engenharia Civil,8,Presencial,Manha,9.3,77.3,85.0,,1,20,10,Sim
8422,Administracao,2,Presencial,Manha,5.1,83.3,100,3.2,,30,60,Sim
8608,Administracao,4,Hibrida,Noite,4.0,68.5,74.3,6.3,6,44,60,Nao
581,Administracao,5,Hibrida,Manha,11.2,72.8,78.6,6.2,11,40,,Nao
4550,Pedagogia,3,Presencial,Manha,9.8,93.8,88.6,7.1,8,0,45,Sim
8475,Engenharia de Software,7,Hibrida,Manha,1.5,72.4,100,6.6,9,20,120,Sim
2689,Administracao,2,Presencial,Noite,7.0,84.7,83.8,5.9,9,44,30,Nao
3468,Engenharia de Software,2,Presencial,Noite,9.7,72.3,88.8,6.8,7,0,20,Sim
4131,Engenharia Civil,3,Hibrida,Manha,13.7,82.0,97.8,6.0,8,0,45,Sim
4365,Administracao,4,Presencial,Noite,9.0,73.3,75.1,7.0,10,40,10,Sim
8209,Engenharia Civil,2,Presencial,Manha,4.2,100,70.1,5.4,4,44,60,Nao
9292,Engenharia Civil,1,Hibrida,Manha,9.5,65.8,73.5,7.0,7,0,15,Sim
8324,Administracao,1,Presencial,Noite,3.0,72.4,67.6,5.8,8,0,90,Sim
4011,Engenharia de Software,6,EAD,Noite,2.0,73.1,60.6,7.8,6,20,0,Sim
5555,Enfermagem,2,Presencial,Manha,6.9,68.6,85.3,6.9,6,40,20,Sim
8704,Pedagogia,8,Presencial,Manha,4.9,100,76.9,6.8,7,0,,Sim
3548,Administracao,2,Presencial,Noite,6.8,88.0,82.4,6.8,9,30,120,Nao
4378,Engenharia Civil,7,Presencial,Manha,10.2,87.3,93.5,3.3,8,30,45,Sim
9490,Pedagogia,3,Hibrida,Manha,9.1,81.5,79.9,7.4,6,40,20,Nao
4702,Administracao,1,EAD,Noite,3.3,91.4,76.1,6.7,5,0,0,Sim
6629,Engenharia Civil,1,EAD,Manha,1.1,75.9,47.7,6.2,4,20,0,Nao
7966,Engenharia Civil,3,Presencial,Manha,3.6,83.2,72.7,6.0,4,30,60,Nao
1919,Administracao,8,Presencial,Manha,5.5,88.3,79.9,3.8,7,44,10,Nao
2701,Engenharia de Software,6,Presencial,Noite,0.2,71.2,54.8,8.2,0,44,45,Nao
727,Engenharia de Software,2,Hibrida,Manha,,93.8,72.7,8.0,8,44,,Nao
6201,Pedagogia,3,Presencial,Manha,14.8,91.4,100,7.1,10,0,15,Nao
3688,Administracao,8,Hibrida,Noite,0.2,90.0,71.8,5.8,1,20,45,Sim
5737,Pedagogia,4,EAD,Manha,7.6,87.8,86.4,3.1,8,0,0,Nao
9388,Enfermagem,8,Hibrida,Noite,7.9,86.3,82.6,3.5,8,40,45,Sim
5088,Engenharia de Software,3,Hibrida,Manha,0.2,75.3,55.7,6.0,5,40,20,Nao
2358,Engenharia Civil,8,Hibrida,Noite,7.7,100,100,9.8,0,0,90,Sim
5625,Engenharia Civil,3,Presencial,Manha,13.5,91.1,96.1,6.1,15,0,30,Sim
8826,Engenharia de Software,6,Hibrida,Manha,5.4,100,69.8,3.3,0,30,120,Nao
6727,Administracao,6,Hibrida,Manha,6.4,90.4,76.9,9.4,9,30,120,Sim
9768,Pedagogia,6,Hibrida,Manha,7.9,79.8,55.5,2.1,3,40,20,Sim
4237,Enfermagem,4,Presencial,Manha,9.6,72.8,100,5.9,9,30,30,Sim
1293,Administracao,2,Presencial,Manha,2.1,72.2,59.1,5.8,3,0,15,Nao
3596,Engenharia Civil,6,EAD,Manha,13.7,91.0,92.9,4.5,6,0,0,Sim
1450,Administracao,1,Hibrida,Manha,4.2,65.1,82.5,4.3,5,20,20,Nao
7599,Administracao,8,Presencial,Manha,2.5,73.0,62.5,6.6,8,20,20,Nao
1443,Administracao,8,Presencial,Manha,5.6,84.6,80.4,5.1,3,30,120,Sim
7365,Engenharia de Software,1,Presencial,Noite,7.3,91.2,67.6,6.4,9,40,60,Sim
955,Administracao,5,Hibrida,Manha,1.6,66.7,76.3,6.9,0,44,120,Nao
1087,Engenharia de Software,8,Presencial,Manha,5.0,95.4,78.6,7.3,4,40,45,Sim
4399,Enfermagem,3,Hibrida,Noite,6.0,69.3,65.3,7.6,2,30,15,Sim
3059,Administracao,3,Presencial,Noite,4.2,71.1,56.3,5.2,8,40,15,Nao
3200,Enfermagem,6,Presencial,Noite,1.4,81.3,46.1,3.5,8,44,120,Sim
3590,Administracao,4,Hibrida,Manha,2.2,89.4,49.9,8.3,0,40,15,Nao
3787,Enfermagem,4,Hibrida,Noite,10.7,72.6,48.7,3.4,8,30,15,Nao
8640,Pedagogia,1,Hibrida,Manha,6.0,71.9,83.2,8.7,6,44,120,Nao
3232,Engenharia Civil,2,Presencial,Manha,10.7,98.3,100,4.3,7,0,10,Sim
339,Enfermagem,5,Presencial,Manha,4.0,92.4,78.3,8.6,4,20,,Nao
677,Enfermagem,2,Presencial,Noite,10.5,81.8,86.0,6.3,4,30,45,Sim
3258,Engenharia de Software,5,Presencial,Manha,9.7,74.5,81.0,8.3,6,44,120,Nao
6185,Pedagogia,7,Presencial,Manha,8.3,88.2,61.9,7.8,8,30,10,Nao
6322,Engenharia Civil,4,Presencial,Noite,5.5,91.0,73.2,8.1,9,20,15,Nao
9811,Engenharia de Software,2,Hibrida,Noite,8.1,81.3,76.6,9.1,5,30,30,Nao
3286,Engenharia de Software,1,EAD,Noite,0.2,73.8,79.1,6.5,2,40,0,Nao
2481,Pedagogia,4,EAD,Manha,7.9,95.6,90.0,6.6,11,0,0,Nao
3845,Engenharia de Software,5,Hibrida,Noite,5.0,85.9,69.0,7.4,2,30,10,Sim
4128,Enfermagem,5,Hibrida,Manha,8.7,88.2,72.6,5.7,10,20,30,Sim
478,Pedagogia,2,Hibrida,Manha,6.8,82.1,68.8,7.4,5,30,45,Nao
2529,Engenharia Civil,7,Presencial,Noite,1.5,84.9,34.8,8.6,3,0,45,Sim
1683,Administracao,2,Presencial,Manha,9.5,73.4,94.6,9.2,7,44,90,Sim
3228,Enfermagem,8,Presencial,Noite,4.5,64.9,41.4,9.3,6,44,20,Nao
6694,Enfermagem,2,Presencial,Noite,4.0,77.2,70.3,7.7,5,44,45,Sim
8800,Engenharia Civil,6,Presencial,Manha,8.4,95.9,83.9,8.0,9,0,20,Sim
8131,Administracao,7,Presencial,Manha,1.3,83.6,82.2,8.4,3,0,20,Sim
8588,Engenharia de Software,6,Hibrida,Manha,9.5,91.3,89.4,9.1,3,30,15,Sim
9008,Enfermagem,8,Presencial,Manha,3.8,70.3,76.2,5.4,11,30,90,Nao
7086,Pedagogia,5,Presencial,Noite,9.0,99.3,83.1,5.3,5,0,30,Sim
7761,Administracao,3,Hibrida,Noite,9.5,98.8,65.3,6.1,11,20,20,Sim
6755,Engenharia de Software,8,Presencial,Noite,6.1,80.2,100,8.4,6,30,20,Sim
3703,Pedagogia,8,Presencial,Noite,1.1,73.0,81.7,5.3,8,44,20,Nao
2099,Enfermagem,6,Presencial,Noite,11.3,91.7,86.1,5.9,12,0,30,Sim
8094,Pedagogia,6,Presencial,Noite,4.4,80.1,71.9,7.7,7,0,120,Nao
1304,Enfermagem,6,Presencial,Noite,8.3,78.5,77.3,5.5,10,44,90,Nao
2403,Administracao,2,Hibrida,Manha,5.5,98.1,97.2,2.2,12,20,20,Sim
7880,Administracao,3,Hibrida,Noite,8.6,82.2,82.0,4.8,4,20,60,Nao
7331,Enfermagem,7,Presencial,Manha,6.8,86.5,78.7,5.3,2,44,20,Nao
9053,Engenharia Civil,1,Hibrida,Noite,11.3,94.7,60.9,6.0,6,0,20,Sim
8062,Pedagogia,1,Hibrida,Noite,5.1,92.7,91.6,5.5,5,20,45,Nao
2506,Enfermagem,2,Presencial,Noite,1.7,100,80.7,5.9,7,20,30,Nao
6055,Administracao,3,Presencial,Manha,8.2,88.8,97.3,5.4,2,0,20,Sim
5170,Enfermagem,3,Presencial,Noite,7.7,73.6,49.4,6.4,4,20,15,Nao
2010,Pedagogia,3,Hibrida,Manha,10.3,75.0,98.5,8.5,11,40,10,Sim
1227,Engenharia de Software,6,Presencial,Noite,6.5,88.8,92.7,8.7,5,20,20,Nao
1531,Pedagogia,6,EAD,Noite,10.1,98.0,80.9,5.4,1,0,0,Nao
4403,Administracao,8,Presencial,Manha,10.2,83.2,96.1,8.8,8,44,90,Sim
3891,Administracao,4,Presencial,Manha,3.2,70.9,75.8,7.9,0,20,30,Nao
5438,Administracao,3,EAD,Noite,12.2,89.6,94.4,6.2,8,0,0,Sim
5652,Administracao,3,EAD,Noite,6.3,96.5,69.7,6.6,1,0,0,Nao
7413,Pedagogia,2,Presencial,Noite,7.2,77.6,68.7,4.0,1,0,45,Nao
8150,Engenharia Civil,5,Hibrida,Noite,3.6,71.2,95.0,5.8,7,44,60,Sim
8899,Administracao,4,Hibrida,Noite,7.8,89.5,98.2,6.1,6,0,90,Sim
3521,Engenharia Civil,7,Hibrida,Manha,6.1,64.7,88.1,10,6,0,60,Sim
3827,Engenharia Civil,8,Presencial,Noite,8.9,90.7,85.6,4.3,8,0,120,Nao
7361,Engenharia de Software,3,Presencial,Noite,4.0,72.5,71.5,5.5,3,0,45,Nao
9476,Pedagogia,3,Presencial,Noite,5.0,91.3,72.0,7.4,11,20,45,Sim
9880,Pedagogia,1,Hibrida,Manha,13.5,64.8,100,6.0,12,0,30,Nao
7020,Enfermagem,8,Presencial,Manha,3.2,89.3,64.4,4.7,7,44,10,Nao
180,Enfermagem,3,Presencial,Noite,6.3,82.2,54.4,,5,44,10,Sim
9237,Pedagogia,1,Presencial,Manha,8.4,96.7,78.2,7.2,8,0,20,Sim
1624,Engenharia Civil,1,Presencial,Manha,7.0,78.5,75.8,6.2,8,30,30,Nao
7280,Pedagogia,5,Presencial,Manha,4.0,81.2,73.7,3.0,1,30,60,Nao
738,Engenharia Civil,2,Presencial,Manha,2.2,80.8,79.0,4.8,7,20,20,Sim
5172,Enfermagem,4,Hibrida,Noite,5.9,81.2,65.7,6.1,7,40,60,Nao
8379,Engenharia de Software,6,Presencial,Noite,5.6,73.7,61.9,5.2,6,20,90,Nao
7765,Pedagogia,3,Hibrida,Manha,10.3,67.6,77.8,5.6,6,0,20,Sim
374,Administracao,6,Presencial,Noite,8.4,86.2,84.1,4.4,3,0,120,Sim
7776,Administracao,1,Hibrida,Noite,11.3,96.1,72.8,8.2,10,40,30,Sim
749,Enfermagem,3,Presencial,Manha,8.6,92.4,62.8,6.2,10,0,15,Sim
7963,Engenharia de Software,3,Hibrida,Manha,11.3,85.8,70.0,6.0,12,0,20,Sim
9241,Administracao,6,Hibrida,Noite,3.1,81.3,58.1,7.2,3,30,10,Nao
1005,Engenharia de Software,6,EAD,Noite,4.5,88.9,57.4,7.3,9,30,0,Sim
6099,Engenharia de Software,7,Hibrida,Noite,9.2,94.4,89.9,7.1,2,44,,Nao
8601,Pedagogia,8,Hibrida,Noite,9.3,79.0,80.5,6.2,13,40,90,Nao
6280,Engenharia Civil,5,Hibrida,Manha,5.2,91.5,66.5,3.0,4,30,10,Nao
3794,Engenharia de Software,7,Presencial,Manha,2.9,74.1,51.4,4.1,6,40,20,Nao
2492,Enfermagem,4,Presencial,Manha,13.0,93.6,86.9,8.9,7,0,90,Sim
5250,Engenharia de Software,8,Presencial,Noite,7.4,79.2,82.9,6.1,8,30,45,Nao
8348,Pedagogia,2,Presencial,Noite,0.2,93.0,84.8,6.0,7,40,30,Sim
8148,Enfermagem,6,Presencial,Manha,8.3,87.6,68.3,6.4,10,0,45,Sim
3651,Engenharia de Software,8,Presencial,Noite,9.4,70.4,86.2,7.1,6,40,10,Sim
3027,Enfermagem,3,EAD,Noite,4.1,87.5,90.7,7.0,4,44,0,Sim
2456,Engenharia de Software,2,Hibrida,Manha,5.3,90.2,86.1,4.3,0,0,90,Nao
2240,Administracao,8,EAD,Manha,11.5,68.9,81.0,5.7,9,30,0,Nao
6373,Pedagogia,8,Presencial,Manha,10.9,81.3,99.5,8.3,7,20,45,Nao
7369,Engenharia de Software,7,Presencial,Noite,4.5,79.7,65.7,7.8,3,40,60,Sim
5531,Engenharia Civil,8,Presencial,Noite,8.5,86.5,97.6,3.0,5,40,30,Sim
1877,Engenharia Civil,7,EAD,Manha,5.5,90.4,79.6,7.5,4,30,0,Sim
2184,Pedagogia,1,Presencial,Manha,3.6,62.7,68.2,5.4,2,0,60,Sim
5255,Administracao,2,Presencial,Manha,6.5,89.7,,4.8,5,30,30,Nao
6525,Administracao,7,Presencial,Manha,6.8,86.4,71.9,10,5,40,90,Sim
2690,Engenharia de Software,5,Presencial,Manha,12.1,96.2,98.4,3.5,8,30,20,Nao
7811,Enfermagem,7,Hibrida,Noite,4.3,87.7,62.6,7.9,3,0,20,Sim
4747,Engenharia Civil,2,Presencial,Noite,6.3,91.8,89.9,10,7,0,30,Sim
544,Engenharia de Software,5,Presencial,Noite,8.8,87.2,56.3,4.0,10,44,30,Sim
81,Engenharia Civil,7,Hibrida,Manha,7.7,84.7,55.7,6.6,6,20,10,Sim
5323,Pedagogia,8,Hibrida,Manha,6.4,86.6,83.5,8.1,5,20,120,Sim
5040,Enfermagem,4,Hibrida,Noite,11.7,67.1,64.4,6.4,8,44,20,Nao
1035,Engenharia Civil,1,Presencial,Manha,12.1,62.0,80.3,4.7,7,20,20,Nao
4208,Pedagogia,1,Presencial,Noite,2.4,95.7,49.7,6.4,3,20,60,Nao
2247,Engenharia de Software,6,Presencial,Noite,6.9,83.2,67.4,6.8,7,0,30,Nao
1767,Enfermagem,5,EAD,Noite,4.7,64.5,64.7,6.0,8,30,0,Nao
9835,Enfermagem,6,Presencial,Noite,7.9,98.2,85.0,8.9,6,30,90,Sim
4186,Administracao,3,Hibrida,Noite,10.8,86.9,100,4.9,10,20,60,Sim
3560,Administracao,6,Hibrida,Noite,5.7,87.6,44.2,6.1,7,0,90,Nao
5902,Administracao,8,Hibrida,Manha,6.2,65.7,100,7.0,4,30,,Nao
4558,Administracao,4,Presencial,Noite,3.6,76.5,100,7.8,7,30,30,Sim
651,Enfermagem,5,Presencial,Noite,5.2,100,49.9,9.3,0,44,45,Nao
111,Enfermagem,7,Presencial,Noite,9.4,99.0,93.4,6.6,8,0,120,Sim
8261,Engenharia Civil,2,Hibrida,Manha,5.2,86.2,72.7,6.5,3,0,15,Nao
2378,Enfermagem,3,EAD,Noite,11.6,90.8,88.6,3.1,6,30,0,Sim
4609,Enfermagem,3,Hibrida,Manha,3.5,62.3,85.8,5.6,7,40,30,Nao
5257,Engenharia Civil,2,Presencial,Manha,4.5,96.3,40.7,9.3,3,0,20,Sim
1079,Engenharia Civil,1,Presencial,Manha,8.4,78.0,90.8,6.4,7,44,,Sim
9035,Engenharia Civil,6,Presencial,Noite,6.2,69.8,75.1,4.5,9,0,30,Nao
6426,Administracao,7,Hibrida,Noite,11.0,85.0,89.8,0.9,12,0,60,Sim
3902,Engenharia Civil,3,Hibrida,Manha,11.0,78.5,100,8.9,7,30,10,Sim
4531,Engenharia de Software,8,Presencial,Manha,8.9,77.6,69.6,7.7,4,0,90,Sim
7033,Engenharia de Software,5,EAD,Manha,7.7,87.5,97.0,2.7,5,0,0,Nao
6517,Administracao,3,Hibrida,Noite,2.5,79.7,100,6.9,4,40,45,Nao
318,Pedagogia,6,Presencial,Manha,12.1,66.8,97.4,6.1,11,20,60,Sim
886,Pedagogia,8,Hibrida,Manha,4.8,87.9,65.7,6.4,2,20,90,Nao
798,Engenharia Civil,5,Hibrida,Manha,3.7,70.3,57.8,4.8,6,40,15,Sim
4527,Enfermagem,4,Hibrida,Manha,3.6,74.8,54.7,5.4,12,0,45,Nao
6931,Enfermagem,2,Presencial,Manha,5.2,84.5,97.9,7.2,7,40,90,Sim
1904,Pedagogia,3,Hibrida,Manha,1.6,89.0,58.8,6.2,5,30,60,Nao
4372,Administracao,6,Hibrida,Noite,8.3,73.9,81.5,5.9,6,0,90,Sim
1263,Pedagogia,7,Presencial,Noite,6.4,78.1,83.7,8.1,6,44,20,Sim
892,Enfermagem,8,Presencial,Manha,0.2,88.2,70.6,4.7,1,0,90,Nao
4562,Enfermagem,5,Presencial,Manha,3.7,91.6,67.4,4.5,7,20,90,Nao
352,Pedagogia,2,Presencial,Noite,10.5,94.2,88.0,3.5,10,0,120,Sim
6343,Pedagogia,1,EAD,Manha,11.8,84.7,64.6,6.5,12,40,0,Nao
9897,Pedagogia,2,Presencial,Manha,9.4,83.0,69.6,7.7,11,20,90,Sim
8750,Engenharia de Software,1,Presencial,Manha,2.5,86.0,54.0,7.0,6,44,90,Nao
171,Administracao,7,Presencial,Noite,6.2,61.9,68.9,7.2,2,0,20,Sim
688,Administracao,2,Presencial,Noite,12.4,96.3,100,9.2,9,0,60,Sim
6256,Engenharia de Software,3,Hibrida,Manha,14.7,95.1,100,,11,20,15,Sim
2,Administracao,1,Presencial,Noite,6.4,86.6,84.8,5.8,2,0,10,Nao
4333,Administracao,6,Presencial,Noite,9.5,80.1,67.8,4.3,10,0,45,Sim
7644,Engenharia Civil,5,Presencial,Manha,,84.7,90.3,6.1,8,40,15,Sim
3173,Administracao,6,Hibrida,Manha,13.7,90.4,97.3,4.1,10,0,20,Sim
3095,Engenharia de Software,5,Hibrida,Noite,8.8,87.0,58.0,4.1,5,44,10,Nao
7907,Engenharia de Software,2,Presencial,Noite,12.1,76.1,93.4,3.7,9,0,15,Nao
9829,Enfermagem,8,Presencial,Noite,10.3,100,63.6,6.4,9,0,10,Nao
6549,Engenharia de Software,7,Presencial,Noite,12.4,82.6,87.0,3.1,7,30,90,Nao
3168,Enfermagem,2,EAD,Noite,10.0,74.3,81.6,6.9,15,44,0,Sim
7997,Administracao,2,Presencial,Manha,5.3,93.5,77.2,3.4,2,44,45,Nao
8586,Engenharia de Software,6,EAD,Manha,5.9,85.8,95.0,6.4,7,20,0,Sim
4928,Administracao,7,Presencial,Manha,1.0,78.3,65.2,6.3,3,44,30,Nao
8580,Enfermagem,1,Presencial,Manha,,97.5,100,8.2,5,0,10,Sim
6718,Administracao,4,Presencial,Manha,3.4,77.3,88.0,5.2,0,20,90,Nao
8391,Administracao,5,Presencial,Manha,12.6,62.6,75.4,1.1,8,0,20,Sim
6524,Enfermagem,4,Presencial,Noite,3.7,83.1,68.7,8.3,7,30,60,Nao
8188,Engenharia Civil,7,Hibrida,Manha,7.7,83.4,84.2,7.2,8,30,60,Nao
9140,Enfermagem,8,Presencial,Manha,5.6,72.8,89.9,7.5,2,0,10,Nao
7593,Enfermagem,6,Presencial,Noite,9.9,90.4,88.4,8.4,13,0,45,Sim
9271,Engenharia de Software,5,Presencial,Noite,12.3,72.9,86.3,4.1,13,30,60,Sim
351,Administracao,7,EAD,Manha,7.4,79.1,75.7,,4,20,0,Nao
58,Engenharia de Software,8,Hibrida,Manha,2.4,80.9,100,5.5,1,20,10,Nao
9169,Engenharia Civil,8,Hibrida,Noite,11.9,90.8,73.5,6.0,10,30,90,Nao
5696,Engenharia Civil,7,Hibrida,Noite,10.2,74.6,79.3,5.1,4,20,90,Nao
8830,Pedagogia,8,Presencial,Manha,7.4,91.1,88.4,7.2,6,30,60,Sim
5483,Enfermagem,2,Presencial,Manha,7.4,74.8,100,7.2,7,40,90,Sim
8677,Engenharia Civil,3,Presencial,Noite,0.2,88.1,66.2,4.7,3,20,120,Nao
6503,Administracao,1,Presencial,Noite,4.6,90.0,72.4,8.0,5,20,120,Nao
7043,Administracao,4,EAD,Manha,4.3,67.0,100,5.6,6,44,0,Nao
905,Pedagogia,4,Hibrida,Noite,4.5,94.8,63.0,6.0,2,30,20,Nao
639,Administracao,4,EAD,Noite,9.1,87.7,62.0,6.8,7,40,0,Sim
2202,Administracao,7,Hibrida,Noite,5.5,91.6,92.3,5.9,5,30,120,Sim
1541,Administracao,7,Presencial,Noite,5.4,95.8,71.6,9.6,6,20,45,Sim
2244,Administracao,7,Presencial,Noite,3.1,76.8,64.9,7.9,1,40,20,Sim
4814,Engenharia Civil,8,Hibrida,Noite,3.9,69.0,60.5,5.1,3,44,90,Nao
5494,Enfermagem,8,EAD,Manha,3.2,79.0,60.9,6.8,3,40,0,Nao
5328,Engenharia Civil,1,Presencial,Manha,9.8,68.9,65.7,5.0,4,44,45,Nao
9311,Engenharia Civil,5,Presencial,Manha,9.0,75.8,83.2,6.8,6,44,10,Nao
2452,Administracao,8,Presencial,Manha,8.2,80.1,76.6,6.0,9,0,45,Nao
4255,Pedagogia,6,Hibrida,Manha,3.2,99.3,89.7,3.9,7,44,120,Nao
590,Engenharia Civil,7,Presencial,Manha,8.3,87.8,80.2,6.1,5,40,30,Sim
4714,Pedagogia,8,Presencial,Noite,4.6,77.1,86.7,9.4,7,30,30,Sim
9618,Administracao,8,Hibrida,Manha,1.2,100,57.8,5.8,0,44,15,Sim
9305,Engenharia de Software,1,Presencial,Manha,7.1,84.2,86.9,6.5,2,40,30,Nao
8349,Enfermagem,5,Hibrida,Manha,8.6,79.1,88.2,7.6,12,0,,Sim
9876,Engenharia de Software,5,Presencial,Noite,2.2,82.7,62.5,5.8,3,40,20,Nao
924,Pedagogia,2,Hibrida,Manha,3.9,83.7,76.3,4.4,8,0,90,Nao
3836,Engenharia de Software,2,Presencial,Noite,3.9,86.4,62.0,6.2,7,44,120,Nao
940,Engenharia Civil,2,EAD,Manha,2.5,83.3,36.6,7.1,6,20,0,Nao
9096,Pedagogia,8,Hibrida,Manha,6.2,95.1,64.9,8.4,3,40,10,Nao
8610,Administracao,5,Presencial,Manha,2.1,72.0,78.5,4.6,11,0,10,Sim
6611,Engenharia Civil,1,Presencial,Manha,6.7,100,100,7.8,10,44,15,Sim
4075,Pedagogia,8,Presencial,Manha,3.8,95.9,95.8,6.4,3,44,45,Sim
3160,Engenharia Civil,5,Presencial,Manha,8.9,89.4,87.5,7.8,10,0,30,Sim
286,Administracao,7,Presencial,Noite,0.2,95.7,75.9,3.4,3,40,30,Nao
4329,Enfermagem,1,Hibrida,Noite,3.8,71.1,50.9,3.3,0,30,60,Nao
8524,Enfermagem,8,Hibrida,Manha,6.2,88.6,52.4,7.1,5,0,15,Nao
9340,Pedagogia,1,Presencial,Noite,10.5,92.3,92.9,7.9,6,0,90,Nao
4674,Administracao,2,Hibrida,Noite,10.8,97.8,54.6,6.0,7,0,120,Nao
2339,Pedagogia,6,Presencial,Noite,1.5,79.2,58.5,7.5,1,20,30,Nao
9738,Engenharia de Software,1,Presencial,Noite,2.1,81.2,100,1.8,11,44,60,Nao
999,Pedagogia,3,EAD,Manha,6.7,67.8,64.6,8.1,7,30,0,Sim
9369,Administracao,3,Presencial,Manha,8.5,53.5,61.6,6.1,8,20,20,Nao
7784,Engenharia de Software,2,Hibrida,Manha,6.2,79.2,86.3,3.9,9,44,10,Nao
8725,Engenharia de Software,7,Presencial,Noite,1.5,59.7,88.7,7.3,4,30,90,Nao
7000,Pedagogia,7,Hibrida,Manha,6.7,74.5,74.3,6.8,5,40,15,Sim
1426,Pedagogia,1,Presencial,Noite,8.0,90.8,90.7,7.4,5,20,120,Sim
7618,Administracao,2,Presencial,Manha,9.4,70.4,91.9,6.7,3,0,120,Sim
6678,Enfermagem,8,Presencial,Noite,11.1,79.7,100,7.0,3,20,120,Sim
3959,Enfermagem,1,Presencial,Manha,4.4,82.3,64.5,4.8,3,0,30,Nao
4282,Pedagogia,2,Hibrida,Manha,9.0,65.9,63.7,4.7,6,44,45,Nao
8718,Administracao,4,Presencial,Manha,6.8,96.2,72.7,9.1,3,30,30,Sim
8909,Engenharia de Software,1,Hibrida,Manha,6.6,76.4,100,3.8,6,0,90,Sim
1677,Engenharia de Software,5,Hibrida,Noite,1.6,76.3,31.7,4.0,1,40,60,Nao
4806,Pedagogia,2,Presencial,Noite,6.5,72.2,42.6,5.2,9,30,60,Nao
1662,Engenharia Civil,1,EAD,Noite,6.2,100,45.7,4.7,4,0,0,Nao
3254,Enfermagem,2,Hibrida,Noite,10.9,81.8,100,4.4,8,0,60,Sim
1212,Administracao,6,Presencial,Manha,14.3,85.8,86.3,8.2,12,0,20,Sim
9793,Administracao,6,Hibrida,Manha,8.0,84.1,100,4.2,7,0,45,Sim
4151,Administracao,7,Hibrida,Noite,3.9,85.0,100,9.1,3,40,30,Nao
6886,Pedagogia,3,EAD,Manha,3.8,68.7,61.3,6.2,6,44,0,Nao
3826,Pedagogia,1,Presencial,Manha,8.6,89.7,100,5.7,4,0,120,Sim
7272,Engenharia de Software,3,Presencial,Noite,0.2,86.8,59.4,7.1,4,44,30,Sim
2019,Engenharia de Software,2,EAD,Manha,12.1,89.1,84.7,7.1,5,0,0,Sim
1504,Administracao,7,Hibrida,Noite,5.7,76.9,60.3,4.7,8,0,120,Nao
13,Administracao,3,Presencial,Manha,7.8,100,82.0,6.4,5,40,15,Nao
1140,Administracao,5,Hibrida,Noite,2.3,87.5,64.4,6.6,2,40,90,Nao
6619,Engenharia Civil,3,EAD,Noite,7.8,99.4,71.7,7.5,0,0,0,Sim
4858,Engenharia Civil,5,EAD,Manha,11.0,88.1,87.9,7.4,10,30,0,Sim
910,Pedagogia,4,Presencial,Manha,8.6,88.2,84.2,5.4,7,40,30,Sim
2878,Engenharia Civil,5,Presencial,Manha,12.0,82.0,97.6,7.2,11,0,20,Sim
6064,Engenharia Civil,3,Presencial,Manha,4.3,90.9,68.5,5.7,9,44,120,Sim
9856,Administracao,2,Hibrida,Manha,0.2,76.7,64.4,7.9,3,0,20,Nao
8262,Enfermagem,1,Presencial,Noite,6.5,88.0,81.0,3.6,5,44,45,Sim
9828,Enfermagem,7,Presencial,Noite,6.7,62.9,75.9,5.6,3,44,90,Nao
8947,Pedagogia,3,EAD,Manha,13.2,69.4,100,1.9,9,20,0,Nao
2171,Pedagogia,2,Hibrida,Manha,12.9,100,54.2,3.5,12,0,30,Sim
4052,Pedagogia,4,Presencial,Manha,2.9,60.6,79.5,3.9,5,40,60,Sim
480,Enfermagem,2,Presencial,Manha,8.0,91.4,100,5.7,10,30,90,Sim
5895,Pedagogia,3,Presencial,Manha,3.8,70.4,64.3,7.0,4,20,45,Nao
3244,Pedagogia,5,Hibrida,Noite,,100,74.4,5.2,2,0,60,Nao
8410,Pedagogia,5,EAD,Manha,4.9,84.4,79.8,4.0,1,30,0,Sim
9082,Pedagogia,4,Presencial,Noite,6.7,82.8,100,4.6,10,40,45,Sim
8091,Engenharia Civil,2,Presencial,Manha,8.1,81.1,85.8,5.1,4,0,45,Sim
6984,Engenharia Civil,4,Hibrida,Noite,11.4,81.1,79.1,5.6,11,0,45,Sim
4438,Pedagogia,6,EAD,Manha,5.4,83.8,77.0,,6,20,0,Nao
6041,Engenharia de Software,6,Presencial,Noite,6.0,100,86.2,8.5,9,0,30,Sim
1442,Pedagogia,5,Hibrida,Manha,6.2,86.6,77.8,6.9,4,20,90,Sim
8691,Enfermagem,6,Presencial,Noite,9.3,100,,,5,0,60,Nao
5423,Enfermagem,6,Presencial,Manha,2.4,76.9,50.1,6.4,0,0,20,Nao
7218,Engenharia Civil,4,Presencial,Noite,9.5,60.8,69.4,5.4,6,30,60,Nao
4605,Administracao,2,EAD,Manha,7.8,85.0,81.4,5.2,4,0,0,Sim
1937,Engenharia Civil,4,EAD,Noite,6.1,81.6,60.0,7.7,10,20,0,Sim
8925,Engenharia Civil,7,Presencial,Manha,11.7,93.7,76.8,4.6,10,44,30,Nao
1658,Administracao,3,Hibrida,Noite,5.3,64.1,68.9,6.3,13,40,90,Nao
9530,Administracao,4,Presencial,Manha,4.3,81.6,60.7,6.8,5,0,15,Nao
867,Pedagogia,2,Presencial,Noite,,99.4,100,6.0,7,0,90,Sim
6995,Engenharia Civil,5,Presencial,Manha,9.5,81.7,100,6.8,12,0,90,Sim
8561,Enfermagem,6,Presencial,Noite,8.4,81.7,59.6,4.7,9,44,15,Nao
8512,Engenharia de Software,4,Hibrida,Noite,10.1,89.6,76.7,4.1,6,20,10,Sim
7100,Administracao,7,Hibrida,Manha,1.4,69.0,48.9,6.0,0,40,30,Nao
9076,Enfermagem,2,EAD,Noite,9.5,85.8,100,5.2,6,44,0,Sim
6105,Administracao,3,Presencial,Manha,5.7,62.6,75.7,5.4,5,20,10,Sim
6519,Enfermagem,3,Presencial,Noite,4.2,79.6,40.7,5.0,6,40,120,Nao
1065,Enfermagem,7,Presencial,Noite,9.1,100,62.9,8.7,5,0,10,Sim
1464,Enfermagem,5,Presencial,Manha,11.2,66.1,100,8.0,10,0,45,Nao
1993,Engenharia de Software,8,Presencial,Noite,11.8,100,100,5.1,7,0,15,Sim
3279,Engenharia Civil,4,Hibrida,Noite,,83.6,69.5,3.6,8,0,60,Nao
9281,Enfermagem,6,EAD,Noite,6.7,95.5,76.9,2.8,6,44,0,Nao
9252,Enfermagem,3,Hibrida,Manha,9.9,91.8,77.8,3.8,7,20,15,Sim
3074,Enfermagem,5,Presencial,Noite,7.6,72.0,100,7.8,5,0,30,Sim
8728,Enfermagem,4,Presencial,Manha,4.5,80.9,62.8,6.5,4,20,10,Nao
8585,Engenharia de Software,3,Presencial,Manha,4.5,69.1,66.9,5.8,7,40,10,Nao
1515,Enfermagem,7,EAD,Manha,12.8,87.2,45.9,7.2,10,0,0,Sim
6972,Engenharia de Software,1,Hibrida,Manha,9.6,67.8,100,4.9,6,20,120,Nao
4608,Pedagogia,3,Hibrida,Noite,5.4,97.5,67.2,5.3,3,0,120,Nao
3140,Engenharia Civil,4,Presencial,Manha,2.4,69.8,34.9,9.4,1,44,45,Nao
2404,Enfermagem,7,Presencial,Noite,6.1,93.6,84.4,6.9,13,30,10,Sim
7679,Enfermagem,7,Presencial,Manha,7.4,94.2,61.5,5.7,11,44,15,Nao
5486,Enfermagem,1,Hibrida,Manha,1.7,73.2,67.7,6.1,8,44,90,Nao
9119,Engenharia de Software,2,Presencial,Noite,,74.8,84.4,2.7,3,20,45,Nao
7574,Pedagogia,1,Hibrida,Manha,1.2,72.6,41.2,9.1,5,40,15,Nao
6812,Pedagogia,5,Presencial,Manha,,83.5,65.0,6.7,4,40,90,Nao
695,Engenharia de Software,5,EAD,Manha,8.5,95.5,64.5,4.0,9,30,0,Sim
5187,Engenharia Civil,7,EAD,Noite,10.4,83.2,74.0,6.8,5,30,0,Sim
7080,Pedagogia,3,Presencial,Manha,8.3,76.8,60.6,6.8,8,0,30,Nao
8637,Pedagogia,1,Presencial,Noite,0.5,79.2,69.7,4.9,0,44,60,Nao
3744,Administracao,4,EAD,Manha,4.4,87.4,51.3,6.2,5,0,0,Sim
3452,Enfermagem,6,Presencial,Noite,8.8,78.5,52.9,7.5,11,0,90,Sim
9063,Engenharia de Software,8,EAD,Manha,11.2,71.1,88.8,6.1,7,0,0,Nao
9817,Enfermagem,1,Hibrida,Manha,0.5,89.3,73.8,5.5,4,20,10,Nao
2087,Enfermagem,5,Presencial,Manha,1.1,84.7,86.8,4.3,8,30,30,Sim
1251,Engenharia Civil,1,EAD,Manha,6.6,74.5,75.7,2.7,3,44,0,Nao
6080,Engenharia de Software,8,Presencial,Noite,6.9,67.2,43.9,7.0,11,40,45,Nao
6194,Enfermagem,3,Presencial,Noite,0.2,76.4,53.8,7.9,0,30,20,Nao
3765,Administracao,7,EAD,Noite,3.9,74.0,70.6,7.4,2,40,0,Nao
3104,Engenharia de Software,1,Presencial,Noite,8.7,87.6,84.4,7.8,10,20,90,Nao
2493,Engenharia Civil,3,Presencial,Noite,9.7,88.5,94.7,9.0,5,40,45,Sim
7801,Engenharia de Software,4,Hibrida,Noite,6.9,93.2,79.0,8.2,7,20,120,Sim
9263,Engenharia Civil,3,Hibrida,Manha,0.2,60.8,80.2,5.7,4,30,10,Nao
2007,Pedagogia,6,Presencial,Manha,3.8,90.9,75.4,7.0,8,44,90,Sim
7187,Administracao,8,Presencial,Noite,4.7,76.9,67.9,7.0,6,0,60,Nao
7925,Administracao,1,Presencial,Noite,3.9,55.6,56.8,1.4,3,40,15,Nao
5948,Engenharia Civil,5,EAD,Noite,0.2,87.8,34.6,5.2,0,30,0,Nao
9301,Engenharia de Software,1,Presencial,Manha,7.6,93.3,80.2,6.8,3,0,60,Sim
4783,Pedagogia,7,Presencial,Manha,6.5,79.9,,5.8,4,20,90,Nao
9453,Pedagogia,2,Presencial,Manha,7.3,62.9,62.7,5.9,3,44,120,Nao
3567,Administracao,6,EAD,Noite,7.4,77.1,69.0,7.4,3,40,0,Nao
1299,Engenharia de Software,3,Presencial,Noite,11.3,73.8,74.5,5.3,10,0,120,Nao
3313,Administracao,4,Presencial,Noite,0.2,90.9,61.6,5.5,6,44,120,Nao
313,Engenharia de Software,5,EAD,Manha,9.2,89.5,100,9.5,8,30,0,Sim
7093,Engenharia Civil,1,Hibrida,Noite,5.2,75.6,88.8,6.4,4,30,90,Sim
4361,Engenharia Civil,5,Hibrida,Noite,7.3,87.6,100,6.9,9,0,120,Sim
904,Enfermagem,7,EAD,Noite,14.0,91.2,100,7.0,9,0,0,Sim
4220,Administracao,8,Presencial,Manha,9.4,80.2,73.7,6.6,4,0,20,Nao
9630,Engenharia de Software,1,Presencial,Noite,6.1,97.4,53.3,4.5,6,30,30,Sim
1193,Administracao,2,Hibrida,Noite,0.2,80.1,49.2,5.8,1,0,20,Nao
8254,Engenharia Civil,7,Hibrida,Noite,6.2,99.3,96.2,5.6,3,30,10,Nao
2702,Enfermagem,6,Hibrida,Manha,,90.0,100,7.4,7,0,45,Sim
3974,Engenharia de Software,6,Presencial,Noite,8.0,76.5,98.6,4.2,10,0,60,Sim
6906,Enfermagem,6,Presencial,Manha,6.2,74.2,60.3,7.6,4,0,90,Sim
7862,Engenharia de Software,1,EAD,Noite,7.9,79.7,98.3,5.2,6,0,0,Sim
4664,Pedagogia,3,Presencial,Manha,4.6,86.1,76.9,5.0,5,0,120,Nao
8700,Engenharia Civil,1,EAD,Manha,2.9,89.9,91.4,6.7,9,0,0,Nao
6443,Engenharia Civil,3,Presencial,Manha,11.9,82.4,82.6,6.1,13,0,30,Sim
1613,Enfermagem,7,Hibrida,Noite,6.8,90.6,81.4,3.3,5,0,45,Nao
953,Engenharia Civil,3,Hibrida,Noite,7.1,84.4,78.0,9.0,3,0,60,Sim
6348,Engenharia Civil,2,Presencial,Noite,2.9,79.9,45.4,6.2,0,40,60,Nao
778,Engenharia Civil,4,Hibrida,Manha,7.7,81.8,70.4,,9,44,90,Sim
622,Engenharia Civil,5,Presencial,Manha,4.3,82.8,99.8,7.5,2,20,90,Nao
8404,Engenharia de Software,8,Hibrida,Manha,6.9,87.8,80.2,7.8,12,0,45,Nao
4022,Enfermagem,5,Hibrida,Noite,5.5,100,66.7,7.2,6,0,90,Sim
694,Engenharia de Software,2,Hibrida,Manha,7.1,100,74.9,8.2,6,20,90,Nao
8270,Pedagogia,8,Hibrida,Noite,10.2,96.9,66.1,5.6,8,40,45,Nao
962,Engenharia Civil,4,Presencial,Manha,8.0,66.8,63.0,7.7,8,20,10,Nao
964,Administracao,2,Presencial,Manha,6.9,86.6,45.4,4.3,7,20,10,Nao
2188,Pedagogia,6,EAD,Noite,3.6,85.7,,0.1,6,44,0,Nao
6140,Pedagogia,6,Presencial,Manha,4.8,89.6,34.9,3.9,6,0,60,Nao
2889,Enfermagem,3,Presencial,Manha,2.7,66.3,56.3,5.3,2,44,30,Nao
1668,Engenharia Civil,6,Presencial,Manha,1.9,82.5,68.7,6.2,5,30,30,Nao
946,Engenharia Civil,5,Hibrida,Noite,4.4,80.9,95.0,4.2,5,30,60,Nao
925,Administracao,1,Hibrida,Noite,12.0,83.0,100,4.2,10,0,30,Sim
6669,Engenharia de Software,4,EAD,Manha,10.7,90.2,100,5.1,7,0,0,Nao
1374,Engenharia de Software,1,Presencial,Noite,5.4,88.8,73.6,4.9,7,0,15,Sim
3431,Enfermagem,4,Presencial,Manha,4.6,94.3,76.9,6.7,4,0,10,Nao
5941,Pedagogia,4,Presencial,Noite,10.5,75.0,61.1,9.4,8,0,20,Sim
9528,Pedagogia,2,Presencial,Manha,3.2,90.2,65.0,5.3,0,40,20,Nao
6925,Administracao,6,Hibrida,Manha,9.0,96.2,78.4,4.6,6,30,15,Sim
4172,Enfermagem,4,Presencial,Noite,9.8,95.9,60.1,7.4,11,0,15,Sim
5911,Engenharia Civil,6,Presencial,Noite,2.7,88.0,62.2,5.0,2,20,15,Nao
6939,Pedagogia,6,Hibrida,Noite,6.0,89.0,74.8,2.1,3,30,10,Nao
3294,Administracao,4,Presencial,Noite,11.8,97.2,55.2,9.8,9,40,120,Sim
4705,Enfermagem,3,Presencial,Manha,5.8,86.9,64.2,6.8,8,40,30,Sim
5056,Engenharia Civil,8,Presencial,Noite,7.5,82.3,51.2,6.5,1,0,120,Nao
4098,Administracao,5,Presencial,Manha,4.2,100,71.9,5.1,8,20,90,Nao
3977,Pedagogia,1,Hibrida,Noite,13.4,69.3,100,6.4,10,20,30,Nao
260,Administracao,4,Presencial,Noite,8.0,82.0,85.0,1.8,4,30,60,Nao
7625,Pedagogia,1,Presencial,Noite,10.3,91.3,94.8,4.3,5,0,10,Nao
4954,Pedagogia,5,Hibrida,Manha,3.9,75.1,78.7,6.8,5,0,90,Nao
9085,Enfermagem,2,Presencial,Noite,13.0,86.4,100,5.8,4,0,60,Nao
8316,Pedagogia,8,Presencial,Noite,8.2,86.4,78.4,3.0,7,0,90,Sim
8673,Administracao,7,Presencial,Noite,10.0,87.9,62.1,6.8,13,0,45,Sim
9845,Engenharia Civil,4,Presencial,Manha,6.6,80.1,61.1,8.0,11,0,15,Nao
4109,Engenharia de Software,5,Presencial,Manha,9.4,76.0,80.5,7.4,0,0,10,Nao
2448,Engenharia de Software,2,EAD,Manha,10.2,69.4,64.3,3.5,3,20,0,Nao
7529,Administracao,3,Presencial,Noite,9.9,69.4,100,7.2,9,0,45,Sim
6615,Pedagogia,3,Hibrida,Noite,14.5,79.9,78.3,6.5,12,0,20,Sim
4760,Enfermagem,1,Hibrida,Manha,7.2,60.5,51.0,8.8,9,30,45,Nao
2228,Engenharia de Software,4,EAD,Manha,7.5,89.0,41.1,7.0,7,40,0,Nao
975,Pedagogia,6,Presencial,Manha,1.2,74.2,73.0,4.8,3,40,30,Nao
7987,Administracao,7,Presencial,Noite,0.3,90.0,71.4,2.1,5,44,90,Nao
12,Engenharia de Software,8,Presencial,Noite,6.4,83.8,67.9,5.3,0,0,10,Sim
6273,Administracao,7,Hibrida,Noite,12.4,86.7,93.0,6.4,11,0,30,Sim
6317,Administracao,8,Presencial,Noite,8.4,66.6,,7.9,5,20,20,Nao
2855,Pedagogia,2,Presencial,Manha,5.3,82.5,74.8,6.4,4,20,45,Nao
4517,Engenharia Civil,7,Presencial,Noite,5.8,91.3,70.6,6.4,5,20,45,Sim
3438,Enfermagem,5,Hibrida,Manha,7.6,81.1,94.8,6.0,3,0,10,Sim
933,Administracao,6,Hibrida,Manha,3.5,68.6,100,8.9,8,40,30,Sim
6143,Engenharia Civil,2,Presencial,Noite,4.3,93.3,95.3,9.1,8,40,90,Sim
2440,Engenharia Civil,5,Presencial,Manha,10.2,69.3,66.8,9.0,6,0,60,Nao
258,Pedagogia,8,Presencial,Noite,14.7,70.4,100,4.8,9,0,90,Sim
4236,Engenharia de Software,1,EAD,Noite,10.7,90.3,55.5,3.8,9,20,0,Nao
2840,Administracao,1,Presencial,Manha,6.3,70.3,83.6,4.9,3,44,20,Nao
4880,Pedagogia,2,Presencial,Manha,7.5,79.1,79.3,5.2,7,20,90,Sim
5331,Enfermagem,3,Presencial,Manha,1.7,82.5,50.4,6.8,2,20,90,Sim
2634,Administracao,6,Hibrida,Noite,0.6,93.3,62.4,5.3,4,44,90,Nao
3037,Engenharia de Software,1,Presencial,Noite,5.1,80.8,71.1,6.8,7,30,90,Nao
3161,Pedagogia,8,Presencial,Noite,6.0,81.7,87.9,9.2,9,40,45,Nao
1875,Pedagogia,6,Presencial,Noite,7.4,75.0,78.2,6.5,5,40,10,Nao
2875,Pedagogia,2,Presencial,Noite,5.5,90.5,49.5,4.9,11,0,15,Nao
8396,Administracao,2,Presencial,Noite,10.4,76.6,,4.7,7,0,15,Sim
1485,Administracao,5,Hibrida,Manha,4.1,85.9,64.0,3.6,7,44,30,Nao
6379,Pedagogia,8,Presencial,Manha,14.7,86.8,97.4,8.1,13,40,120,Sim
3170,Engenharia Civil,1,Presencial,Manha,12.7,82.1,76.8,5.4,12,0,10,Sim
8277,Administracao,8,Presencial,Noite,4.9,86.2,54.9,8.4,8,20,90,Nao
7572,Enfermagem,1,Hibrida,Manha,8.7,80.2,76.3,7.0,3,30,45,Nao
4316,Administracao,8,Presencial,Noite,,97.1,76.4,5.4,11,0,15,Sim
2943,Engenharia de Software,5,Presencial,Manha,14.4,80.1,91.1,10,9,0,120,Nao
4926,Pedagogia,7,Presencial,Noite,0.2,87.1,27.8,4.2,0,40,30,Nao
2694,Engenharia de Software,6,Hibrida,Noite,4.4,90.4,58.9,7.5,5,40,60,Nao
1269,Engenharia Civil,7,Presencial,Noite,9.8,68.9,75.4,5.5,7,30,60,Nao
1147,Engenharia Civil,5,Hibrida,Noite,10.8,96.5,53.0,5.2,4,0,30,Nao
741,Engenharia de Software,2,Hibrida,Manha,9.6,93.6,75.6,5.9,9,0,60,Nao
9068,Enfermagem,8,Presencial,Manha,9.1,66.1,89.9,3.4,8,0,90,Nao
3225,Pedagogia,8,Presencial,Noite,4.4,85.8,73.2,6.1,10,40,30,Nao
4557,Pedagogia,4,EAD,Noite,11.4,82.5,100,8.4,11,0,0,Sim
1587,Engenharia de Software,4,Presencial,Manha,7.9,90.8,46.3,3.9,3,30,90,Nao
2498,Administracao,3,EAD,Noite,9.5,75.2,66.8,5.4,5,44,0,Nao
9054,Enfermagem,8,EAD,Manha,12.2,84.4,90.0,3.5,10,30,0,Sim
5937,Administracao,3,EAD,Manha,9.6,83.7,100,5.5,4,0,0,Sim
1973,Enfermagem,5,Presencial,Manha,8.5,84.7,89.6,7.7,8,44,15,Sim
6374,Pedagogia,4,Presencial,Manha,2.8,84.3,61.7,6.5,4,0,30,Nao
9734,Enfermagem,2,Hibrida,Noite,7.8,91.2,100,7.0,8,0,10,Sim
